date,ticker,region,existing_cards,existing_txns,existing_spend,new_cards,new_txns,new_spend
2026-03-02,VRDE,NORTHEAST,4099,546,7256.22,209,23,314.09
2026-03-02,VRDE,SOUTHEAST,3436,510,6864.45,189,21,270.85
2026-03-02,VRDE,MIDWEST,3443,490,6577.36,158,19,235.73
2026-03-02,VRDE,WEST,4277,594,7856.68,186,19,250.25
2026-03-03,VRDE,NORTHEAST,3955,488,6596.66,218,24,304.65
2026-03-03,VRDE,SOUTHEAST,3858,545,7297.94,191,23,301.26
2026-03-03,VRDE,MIDWEST,3228,446,6074.91,177,18,226.95
2026-03-03,VRDE,WEST,4433,538,7295.2,233,25,339.87
2026-03-04,VRDE,NORTHEAST,4379,615,8407.27,223,22,299.6
2026-03-04,VRDE,SOUTHEAST,3900,472,6439.57,183,22,279.93
2026-03-04,VRDE,MIDWEST,3362,464,6107.75,173,19,257.73
2026-03-04,VRDE,WEST,4506,650,8934.26,225,27,363.82
2026-03-05,VRDE,NORTHEAST,4583,561,7781.41,219,24,305.85
2026-03-05,VRDE,SOUTHEAST,4024,503,6908.37,209,20,265.02
2026-03-05,VRDE,MIDWEST,3145,431,6092.82,196,19,241.15
2026-03-05,VRDE,WEST,4790,709,9698.46,218,25,327.6
2026-03-06,VRDE,NORTHEAST,4163,538,7347.28,220,24,317.62
2026-03-06,VRDE,SOUTHEAST,3542,465,6503.06,190,19,260.29
2026-03-06,VRDE,MIDWEST,3454,526,7114.16,165,16,226.03
2026-03-06,VRDE,WEST,5221,671,8883.1,247,26,335.35
2026-03-07,VRDE,NORTHEAST,4133,564,7871.94,219,26,339.01
2026-03-07,VRDE,SOUTHEAST,3848,453,5849.2,209,22,299.23
2026-03-07,VRDE,MIDWEST,3456,504,6967.15,189,21,267.21
2026-03-07,VRDE,WEST,4458,584,7621.91,230,26,338.12
2026-03-08,VRDE,NORTHEAST,4135,493,6648.39,226,28,369.18
2026-03-08,VRDE,SOUTHEAST,3664,473,6769.19,212,27,387.32
2026-03-08,VRDE,MIDWEST,3227,445,6097.48,186,22,286.72
2026-03-08,VRDE,WEST,4667,573,7696.82,230,26,334.34
2026-03-09,VRDE,NORTHEAST,4336,613,8356.37,232,26,336.46
2026-03-09,VRDE,SOUTHEAST,3754,491,6706.9,203,24,296.12
2026-03-09,VRDE,MIDWEST,3514,452,5968.8,178,19,252.28
2026-03-09,VRDE,WEST,4494,567,7459.84,275,31,385.67
2026-03-10,VRDE,NORTHEAST,4208,514,7309.5,202,23,314.1
2026-03-10,VRDE,SOUTHEAST,3511,481,6693.77,214,25,333.61
2026-03-10,VRDE,MIDWEST,3392,466,6268.35,193,20,270.35
2026-03-10,VRDE,WEST,4510,567,7747.79,287,35,444.21
2026-03-11,VRDE,NORTHEAST,4353,570,7663.81,235,21,283.35
2026-03-11,VRDE,SOUTHEAST,3591,463,5973.68,185,19,258.85
2026-03-11,VRDE,MIDWEST,3645,490,6828.78,183,17,228.7
2026-03-11,VRDE,WEST,4730,620,8447.59,269,28,345.35
2026-03-12,VRDE,NORTHEAST,4160,552,7375.38,256,33,420.5
2026-03-12,VRDE,SOUTHEAST,3918,556,7673.16,231,25,338.85
2026-03-12,VRDE,MIDWEST,3706,522,6918.87,199,25,326.4
2026-03-12,VRDE,WEST,4497,660,8582.46,272,31,378.99
2026-03-13,VRDE,NORTHEAST,4463,612,7972.17,253,27,330.76
2026-03-13,VRDE,SOUTHEAST,3655,498,6861.4,220,25,329.87
2026-03-13,VRDE,MIDWEST,3329,479,6492.71,197,23,289.43
2026-03-13,VRDE,WEST,4463,654,8923.67,259,30,383.22
2026-03-14,VRDE,NORTHEAST,4265,549,7479.31,214,27,340.25
2026-03-14,VRDE,SOUTHEAST,3486,461,6161.98,223,23,302.05
2026-03-14,VRDE,MIDWEST,3975,492,6715.79,191,22,263.99
2026-03-14,VRDE,WEST,4361,601,8108.6,305,32,424.68
2026-03-15,VRDE,NORTHEAST,4819,616,8096.16,248,28,374.75
2026-03-15,VRDE,SOUTHEAST,3810,487,6625.18,271,34,389.36
2026-03-15,VRDE,MIDWEST,3341,424,5837.0,196,25,344.7
2026-03-15,VRDE,WEST,4833,655,8834.94,281,35,464.67
2026-03-16,VRDE,NORTHEAST,4132,596,8091.12,251,26,336.95
2026-03-16,VRDE,SOUTHEAST,3665,408,5686.02,237,26,356.78
2026-03-16,VRDE,MIDWEST,3439,471,5885.19,198,23,322.66
2026-03-16,VRDE,WEST,5053,735,9573.17,229,27,351.48
2026-03-17,VRDE,NORTHEAST,4409,585,7957.35,225,26,336.53
2026-03-17,VRDE,SOUTHEAST,3852,529,7126.05,236,27,357.01
2026-03-17,VRDE,MIDWEST,3449,446,5921.31,233,26,353.35
2026-03-17,VRDE,WEST,4718,610,8050.48,284,33,436.48
2026-03-18,VRDE,NORTHEAST,3940,508,6838.47,293,27,355.14
2026-03-18,VRDE,SOUTHEAST,3683,505,6720.34,241,31,403.13
2026-03-18,VRDE,MIDWEST,3438,470,6201.81,217,24,302.91
2026-03-18,VRDE,WEST,4618,609,8408.06,285,31,423.72
2026-03-19,VRDE,NORTHEAST,4414,634,8723.31,261,28,366.53
2026-03-19,VRDE,SOUTHEAST,3965,533,6878.48,236,24,309.86
2026-03-19,VRDE,MIDWEST,3162,390,5289.58,209,20,274.7
2026-03-19,VRDE,WEST,5127,624,8884.92,274,30,383.54
2026-03-20,VRDE,NORTHEAST,3902,561,7691.26,251,28,338.81
2026-03-20,VRDE,SOUTHEAST,3720,524,6714.58,232,26,359.35
2026-03-20,VRDE,MIDWEST,3592,466,6154.77,222,24,311.91
2026-03-20,VRDE,WEST,4877,717,9755.04,290,34,410.93
2026-03-21,VRDE,NORTHEAST,4202,524,7591.38,287,33,422.36
2026-03-21,VRDE,SOUTHEAST,3309,460,6516.27,230,27,366.02
2026-03-21,VRDE,MIDWEST,3104,437,6142.3,221,25,332.73
2026-03-21,VRDE,WEST,4270,572,7974.99,269,33,418.45
2026-03-22,VRDE,NORTHEAST,3769,499,6538.53,282,29,390.76
2026-03-22,VRDE,SOUTHEAST,3646,496,6577.82,241,30,390.84
2026-03-22,VRDE,MIDWEST,3298,406,5677.91,233,25,336.04
2026-03-22,VRDE,WEST,4389,549,7228.76,311,36,453.28
2026-03-23,VRDE,NORTHEAST,4361,608,8248.39,302,33,430.87
2026-03-23,VRDE,SOUTHEAST,3875,514,7114.34,226,28,357.48
2026-03-23,VRDE,MIDWEST,3337,407,5600.06,246,30,404.52
2026-03-23,VRDE,WEST,4267,541,7205.37,284,35,457.02
2026-03-24,VRDE,NORTHEAST,4201,575,7540.88,262,27,364.43
2026-03-24,VRDE,SOUTHEAST,3850,530,7383.2,227,24,319.55
2026-03-24,VRDE,MIDWEST,3138,404,5619.53,246,30,392.66
2026-03-24,VRDE,WEST,4578,648,8652.67,319,40,510.39
2026-03-25,VRDE,NORTHEAST,4078,541,7440.98,297,34,451.56
2026-03-25,VRDE,SOUTHEAST,3483,439,5953.67,238,24,297.33
2026-03-25,VRDE,MIDWEST,3210,422,5521.84,233,30,386.54
2026-03-25,VRDE,WEST,4922,665,8678.58,308,32,429.87
2026-03-26,VRDE,NORTHEAST,3964,568,7799.29,243,29,402.69
2026-03-26,VRDE,SOUTHEAST,3636,511,6528.26,266,26,345.37
2026-03-26,VRDE,MIDWEST,3064,342,4678.3,274,29,396.35
2026-03-26,VRDE,WEST,4653,605,8325.97,361,37,488.11
2026-03-27,VRDE,NORTHEAST,4279,519,7344.97,340,35,492.38
2026-03-27,VRDE,SOUTHEAST,3796,498,7033.27,269,31,429.9
2026-03-27,VRDE,MIDWEST,3582,500,6472.04,205,25,316.5
2026-03-27,VRDE,WEST,4661,578,7764.04,290,37,461.64
2026-03-28,VRDE,NORTHEAST,4181,547,7660.55,264,30,382.79
2026-03-28,VRDE,SOUTHEAST,3886,529,7047.85,273,30,395.79
2026-03-28,VRDE,MIDWEST,3348,426,5747.55,245,33,416.31
2026-03-28,VRDE,WEST,4698,677,8570.36,282,29,372.33
2026-03-29,VRDE,NORTHEAST,4719,639,8944.3,296,27,316.45
2026-03-29,VRDE,SOUTHEAST,3978,532,6908.18,295,29,397.41
2026-03-29,VRDE,MIDWEST,3609,456,5948.98,257,26,356.43
2026-03-29,VRDE,WEST,4350,604,8173.61,320,34,440.06
2026-03-30,VRDE,NORTHEAST,3808,495,6606.82,322,33,453.76
2026-03-30,VRDE,SOUTHEAST,3727,459,6456.68,311,35,433.65
2026-03-30,VRDE,MIDWEST,3368,427,5709.42,274,32,417.86
2026-03-30,VRDE,WEST,4707,620,8585.51,359,39,513.68
2026-03-31,VRDE,NORTHEAST,4714,638,8572.61,360,41,504.78
2026-03-31,VRDE,SOUTHEAST,3913,489,6504.72,285,32,401.66
2026-03-31,VRDE,MIDWEST,3272,417,5825.85,233,25,352.61
2026-03-31,VRDE,WEST,4499,647,9086.47,336,34,444.45
2026-04-01,VRDE,NORTHEAST,4348,607,8215.33,343,43,535.34
2026-04-01,VRDE,SOUTHEAST,4056,541,7179.99,274,36,481.01
2026-04-01,VRDE,MIDWEST,3064,406,5464.43,246,27,326.78
2026-04-01,VRDE,WEST,4826,601,8025.43,327,35,465.8
2026-04-02,VRDE,NORTHEAST,4287,542,7116.1,305,37,483.84
2026-04-02,VRDE,SOUTHEAST,3830,495,6632.42,290,28,385.77
2026-04-02,VRDE,MIDWEST,3232,411,5782.0,258,29,370.46
2026-04-02,VRDE,WEST,4266,569,7954.19,323,41,501.93
2026-04-03,VRDE,NORTHEAST,4052,550,7425.97,338,36,447.11
2026-04-03,VRDE,SOUTHEAST,3432,419,5481.22,255,29,373.61
2026-04-03,VRDE,MIDWEST,3030,459,6038.48,230,28,388.95
2026-04-03,VRDE,WEST,4361,523,6858.11,384,42,531.68
2026-04-04,VRDE,NORTHEAST,4200,593,7669.9,314,31,445.35
2026-04-04,VRDE,SOUTHEAST,4130,574,7726.77,307,29,378.77
2026-04-04,VRDE,MIDWEST,3140,380,5028.21,252,30,397.43
2026-04-04,VRDE,WEST,4688,582,8017.68,353,44,545.91
2026-04-05,VRDE,NORTHEAST,3625,463,6655.54,340,38,508.5
2026-04-05,VRDE,SOUTHEAST,3881,524,6971.85,297,34,431.04
2026-04-05,VRDE,MIDWEST,3177,421,5852.43,276,32,429.08
2026-04-05,VRDE,WEST,5225,698,9715.19,417,47,620.86
2026-04-06,VRDE,NORTHEAST,4426,640,8726.6,341,39,479.83
2026-04-06,VRDE,SOUTHEAST,3997,517,6622.67,295,29,357.93
2026-04-06,VRDE,MIDWEST,3368,418,5828.5,234,27,358.85
2026-04-06,VRDE,WEST,4966,689,9368.1,367,41,561.29
2026-04-07,VRDE,NORTHEAST,4070,551,7423.29,342,38,533.82
2026-04-07,VRDE,SOUTHEAST,3663,488,6651.22,317,37,490.22
2026-04-07,VRDE,MIDWEST,3532,422,5702.35,242,28,345.06
2026-04-07,VRDE,WEST,4408,577,8117.43,386,45,613.55
2026-04-08,VRDE,NORTHEAST,4010,460,6137.75,332,41,581.61
2026-04-08,VRDE,SOUTHEAST,3536,533,7537.77,326,38,540.92
2026-04-08,VRDE,MIDWEST,3381,431,5847.36,242,28,367.18
2026-04-08,VRDE,WEST,4707,631,8253.03,413,43,577.05
2026-04-09,VRDE,NORTHEAST,3874,519,6841.96,344,37,437.93
2026-04-09,VRDE,SOUTHEAST,3577,471,6481.68,273,25,321.1
2026-04-09,VRDE,MIDWEST,3332,420,5540.09,293,36,478.07
2026-04-09,VRDE,WEST,4413,581,7807.66,334,41,528.18
2026-04-10,VRDE,NORTHEAST,4107,584,8067.09,371,46,614.32
2026-04-10,VRDE,SOUTHEAST,3549,454,6318.48,293,33,438.94
2026-04-10,VRDE,MIDWEST,3610,510,7070.73,273,33,440.35
2026-04-10,VRDE,WEST,4593,650,8917.78,359,45,574.33
2026-04-11,VRDE,NORTHEAST,4334,515,6955.97,324,34,405.68
2026-04-11,VRDE,SOUTHEAST,4193,544,7396.72,344,38,509.97
2026-04-11,VRDE,MIDWEST,3138,415,5540.8,292,33,410.58
2026-04-11,VRDE,WEST,4201,516,7124.5,399,47,555.67
2026-04-12,VRDE,NORTHEAST,3642,458,6126.62,337,39,505.66
2026-04-12,VRDE,SOUTHEAST,3562,441,5980.14,321,36,510.36
2026-04-12,VRDE,MIDWEST,3321,437,5726.45,275,32,430.4
2026-04-12,VRDE,WEST,4591,614,8304.77,331,27,391.47
2026-04-13,VRDE,NORTHEAST,4381,570,7292.93,321,40,464.34
2026-04-13,VRDE,SOUTHEAST,3724,511,6934.71,342,38,543.3
2026-04-13,VRDE,MIDWEST,3192,382,5207.94,319,36,485.55
2026-04-13,VRDE,WEST,4504,546,7682.44,443,56,716.98
2026-04-14,VRDE,NORTHEAST,3963,480,6444.47,379,45,544.77
2026-04-14,VRDE,SOUTHEAST,3823,499,6755.38,325,36,480.05
2026-04-14,VRDE,MIDWEST,3386,447,5917.4,298,33,396.97
2026-04-14,VRDE,WEST,4739,608,8438.9,393,44,576.5
2026-04-15,VRDE,NORTHEAST,4204,533,6808.8,419,41,530.1
2026-04-15,VRDE,SOUTHEAST,3909,521,7152.65,349,43,570.66
2026-04-15,VRDE,MIDWEST,3854,471,6410.3,284,31,402.92
2026-04-15,VRDE,WEST,4964,619,8181.44,425,50,702.04
2026-04-16,VRDE,NORTHEAST,4422,583,7800.74,376,42,513.58
2026-04-16,VRDE,SOUTHEAST,3787,488,6539.35,321,41,549.26
2026-04-16,VRDE,MIDWEST,3523,442,5781.63,289,33,425.81
2026-04-16,VRDE,WEST,4583,631,8595.37,374,41,516.16
2026-04-17,VRDE,NORTHEAST,4244,513,6892.49,394,45,557.65
2026-04-17,VRDE,SOUTHEAST,3669,480,6583.51,358,40,491.95
2026-04-17,VRDE,MIDWEST,3605,477,6520.29,306,32,405.96
2026-04-17,VRDE,WEST,4686,647,8753.21,308,34,449.18
2026-04-18,VRDE,NORTHEAST,4478,606,8802.2,420,53,707.76
2026-04-18,VRDE,SOUTHEAST,3524,481,6611.98,325,38,507.19
2026-04-18,VRDE,MIDWEST,3287,424,5677.11,307,33,444.49
2026-04-18,VRDE,WEST,4183,534,6848.76,398,47,609.16
2026-04-19,VRDE,NORTHEAST,4183,545,7706.89,347,42,511.97
2026-04-19,VRDE,SOUTHEAST,3697,484,6375.15,348,42,514.6
2026-04-19,VRDE,MIDWEST,3352,425,5406.95,300,32,433.87
2026-04-19,VRDE,WEST,4424,633,8406.81,484,57,753.27
2026-04-20,VRDE,NORTHEAST,4376,598,8415.26,438,48,592.87
2026-04-20,VRDE,SOUTHEAST,3280,415,5736.67,356,41,520.15
2026-04-20,VRDE,MIDWEST,3257,415,5670.97,264,31,386.0
2026-04-20,VRDE,WEST,4590,572,7644.57,387,40,510.79
2026-04-21,VRDE,NORTHEAST,3977,591,7880.77,368,40,492.96
2026-04-21,VRDE,SOUTHEAST,3319,423,5766.56,307,35,428.44
2026-04-21,VRDE,MIDWEST,3358,444,6082.95,321,34,459.66
2026-04-21,VRDE,WEST,4521,598,8239.04,416,42,560.64
2026-04-22,VRDE,NORTHEAST,3969,486,6343.17,418,47,550.09
2026-04-22,VRDE,SOUTHEAST,3923,570,8117.12,336,38,506.02
2026-04-22,VRDE,MIDWEST,3514,455,5945.43,332,39,483.41
2026-04-22,VRDE,WEST,4540,596,8052.13,449,54,714.4
2026-04-23,VRDE,NORTHEAST,4180,496,6822.66,440,58,744.78
2026-04-23,VRDE,SOUTHEAST,3777,530,7466.81,365,44,548.47
2026-04-23,VRDE,MIDWEST,3461,425,5710.56,313,34,403.91
2026-04-23,VRDE,WEST,4433,584,7868.55,421,49,655.21
2026-04-24,VRDE,NORTHEAST,4382,538,7266.38,388,41,496.71
2026-04-24,VRDE,SOUTHEAST,3764,460,6612.8,356,39,503.82
2026-04-24,VRDE,MIDWEST,3678,448,6013.3,299,33,433.31
2026-04-24,VRDE,WEST,4877,576,7766.32,496,54,690.86
2026-04-25,VRDE,NORTHEAST,4016,436,5870.14,441,48,574.83
2026-04-25,VRDE,SOUTHEAST,3833,496,6901.31,389,43,565.71
2026-04-25,VRDE,MIDWEST,3059,421,5710.55,350,43,549.71
2026-04-25,VRDE,WEST,4588,560,7094.33,438,50,621.11
2026-04-26,VRDE,NORTHEAST,4352,564,7713.46,381,37,494.21
2026-04-26,VRDE,SOUTHEAST,3898,499,6645.67,358,40,507.2
2026-04-26,VRDE,MIDWEST,3024,408,5256.48,316,35,456.55
2026-04-26,VRDE,WEST,4250,587,8078.81,475,59,741.1
2026-04-27,VRDE,NORTHEAST,3544,465,6527.31,449,49,626.66
2026-04-27,VRDE,SOUTHEAST,3838,440,5827.68,351,45,563.93
2026-04-27,VRDE,MIDWEST,3628,467,5995.58,387,40,535.99
2026-04-27,VRDE,WEST,5022,626,8140.69,489,56,686.16
2026-04-28,VRDE,NORTHEAST,3979,500,6946.98,405,48,666.4
2026-04-28,VRDE,SOUTHEAST,4026,563,7879.27,325,40,530.25
2026-04-28,VRDE,MIDWEST,3344,402,5173.3,302,34,421.57
2026-04-28,VRDE,WEST,4438,550,7574.25,445,50,679.55
2026-04-29,VRDE,NORTHEAST,4139,551,7206.47,429,49,640.09
2026-04-29,VRDE,SOUTHEAST,3697,446,5967.15,362,44,596.27
2026-04-29,VRDE,MIDWEST,3163,422,5614.78,347,38,460.39
2026-04-29,VRDE,WEST,4862,642,8350.06,390,42,522.31
2026-04-30,VRDE,NORTHEAST,4130,550,7755.78,410,52,698.67
2026-04-30,VRDE,SOUTHEAST,3703,428,5928.15,398,54,734.14
2026-04-30,VRDE,MIDWEST,3497,495,6470.27,343,38,526.53
2026-04-30,VRDE,WEST,4759,499,7018.52,431,52,658.88
2026-05-01,VRDE,NORTHEAST,4260,568,7713.52,394,50,653.23
2026-05-01,VRDE,SOUTHEAST,3785,507,6734.72,442,51,670.14
2026-05-01,VRDE,MIDWEST,3426,416,5422.4,347,40,552.71
2026-05-01,VRDE,WEST,4736,569,7803.55,500,61,804.69
2026-05-02,VRDE,NORTHEAST,3953,543,7171.15,450,45,596.02
2026-05-02,VRDE,SOUTHEAST,3641,497,7077.61,423,43,542.97
2026-05-02,VRDE,MIDWEST,3221,430,5867.17,348,40,537.0
2026-05-02,VRDE,WEST,4782,676,9112.71,481,46,569.84
2026-05-03,VRDE,NORTHEAST,4063,484,6577.71,470,51,653.03
2026-05-03,VRDE,SOUTHEAST,3690,476,6331.64,403,47,614.92
2026-05-03,VRDE,MIDWEST,3494,448,6082.82,396,45,596.68
2026-05-03,VRDE,WEST,4640,578,7696.41,445,51,638.01
2026-05-04,VRDE,NORTHEAST,4117,565,7601.89,477,55,738.87
2026-05-04,VRDE,SOUTHEAST,3670,473,6900.38,419,51,670.4
2026-05-04,VRDE,MIDWEST,3509,417,5492.85,361,44,555.44
2026-05-04,VRDE,WEST,4582,573,7695.83,434,43,561.51
2026-05-05,VRDE,NORTHEAST,3839,461,6106.53,403,46,591.03
2026-05-05,VRDE,SOUTHEAST,3767,452,5962.34,412,48,609.38
2026-05-05,VRDE,MIDWEST,3422,442,5989.33,397,43,571.17
2026-05-05,VRDE,WEST,4718,593,7727.57,511,59,763.21
2026-05-06,VRDE,NORTHEAST,4204,536,7041.64,454,44,565.96
2026-05-06,VRDE,SOUTHEAST,3495,436,6002.21,390,42,558.85
2026-05-06,VRDE,MIDWEST,3312,411,5480.26,397,47,621.79
2026-05-06,VRDE,WEST,4339,573,7423.76,506,52,723.13
2026-05-07,VRDE,NORTHEAST,3840,524,7234.61,383,42,577.99
2026-05-07,VRDE,SOUTHEAST,3989,456,6055.96,364,37,473.36
2026-05-07,VRDE,MIDWEST,3664,469,6284.29,347,41,547.34
2026-05-07,VRDE,WEST,4400,608,7934.31,480,56,773.16
2026-05-08,VRDE,NORTHEAST,4120,532,7451.22,472,58,780.94
2026-05-08,VRDE,SOUTHEAST,3822,504,6975.71,404,51,610.53
2026-05-08,VRDE,MIDWEST,3199,441,6026.08,341,40,533.97
2026-05-08,VRDE,WEST,4483,595,7995.35,490,55,741.27
2026-05-09,VRDE,NORTHEAST,3957,491,6747.14,409,40,531.68
2026-05-09,VRDE,SOUTHEAST,3774,474,6421.93,376,52,649.4
2026-05-09,VRDE,MIDWEST,3281,380,5065.02,407,46,608.11
2026-05-09,VRDE,WEST,4500,633,8576.05,449,54,683.57
2026-05-10,VRDE,NORTHEAST,4321,552,7500.15,462,48,586.44
2026-05-10,VRDE,SOUTHEAST,3958,497,6762.82,396,37,458.2
2026-05-10,VRDE,MIDWEST,3589,433,5772.31,323,35,442.98
2026-05-10,VRDE,WEST,4561,575,7605.87,480,54,706.31
2026-05-11,VRDE,NORTHEAST,4162,582,7893.5,467,50,669.94
2026-05-11,VRDE,SOUTHEAST,3579,409,5347.24,435,44,604.9
2026-05-11,VRDE,MIDWEST,3349,385,5154.09,422,44,540.68
2026-05-11,VRDE,WEST,4729,645,8963.85,494,56,737.95
2026-05-12,VRDE,NORTHEAST,4438,634,8511.12,513,56,742.63
2026-05-12,VRDE,SOUTHEAST,3595,433,5915.46,388,47,591.01
2026-05-12,VRDE,MIDWEST,3366,423,5647.59,375,46,667.46
2026-05-12,VRDE,WEST,4336,558,7479.42,474,55,679.5
2026-05-13,VRDE,NORTHEAST,4175,567,7171.34,478,56,691.87
2026-05-13,VRDE,SOUTHEAST,3871,499,6656.98,463,47,617.41
2026-05-13,VRDE,MIDWEST,3314,392,5251.97,364,44,530.5
2026-05-13,VRDE,WEST,4565,561,7912.96,469,57,687.55
2026-05-14,VRDE,NORTHEAST,4263,533,7268.59,445,42,511.59
2026-05-14,VRDE,SOUTHEAST,4019,513,6736.56,455,48,603.12
2026-05-14,VRDE,MIDWEST,3147,425,6061.48,348,40,537.09
2026-05-14,VRDE,WEST,5096,549,7430.72,546,54,708.37
2026-05-15,VRDE,NORTHEAST,4228,555,7350.13,491,53,693.73
2026-05-15,VRDE,SOUTHEAST,3798,467,6022.72,484,59,791.85
2026-05-15,VRDE,MIDWEST,3237,399,5640.38,403,42,544.86
2026-05-15,VRDE,WEST,4638,577,7546.19,575,68,867.22
2026-05-16,VRDE,NORTHEAST,3856,468,6301.87,512,56,753.57
2026-05-16,VRDE,SOUTHEAST,3796,456,5628.55,390,39,495.85
2026-05-16,VRDE,MIDWEST,3407,465,6259.35,348,47,608.37
2026-05-16,VRDE,WEST,4548,563,7284.37,555,64,883.08
2026-05-17,VRDE,NORTHEAST,4423,586,8189.06,472,51,661.22
2026-05-17,VRDE,SOUTHEAST,3537,441,5888.84,459,52,615.82
2026-05-17,VRDE,MIDWEST,3360,459,5846.7,363,41,501.91
2026-05-17,VRDE,WEST,4487,567,7340.51,545,64,778.74
2026-05-18,VRDE,NORTHEAST,4201,563,7552.75,505,60,767.35
2026-05-18,VRDE,SOUTHEAST,3963,510,6679.48,458,55,737.56
2026-05-18,VRDE,MIDWEST,3250,420,5907.68,398,49,669.71
2026-05-18,VRDE,WEST,4611,604,8077.56,584,66,828.13
2026-05-19,VRDE,NORTHEAST,4195,526,7176.94,511,52,659.76
2026-05-19,VRDE,SOUTHEAST,3849,499,6747.88,537,66,853.8
2026-05-19,VRDE,MIDWEST,3485,474,6472.77,339,39,501.98
2026-05-19,VRDE,WEST,5119,574,8110.04,536,65,834.69
2026-05-20,VRDE,NORTHEAST,4243,571,7729.59,540,61,773.68
2026-05-20,VRDE,SOUTHEAST,3745,458,6161.53,497,51,617.28
2026-05-20,VRDE,MIDWEST,3364,467,6505.6,440,55,691.05
2026-05-20,VRDE,WEST,4658,494,6549.22,575,57,678.66
2026-05-21,VRDE,NORTHEAST,3937,503,7031.54,606,77,933.25
2026-05-21,VRDE,SOUTHEAST,3352,426,5948.67,394,43,546.3
2026-05-21,VRDE,MIDWEST,3378,422,5790.83,436,50,667.16
2026-05-21,VRDE,WEST,5101,605,7924.85,577,76,983.8
2026-05-22,VRDE,NORTHEAST,4450,551,7666.27,482,58,763.92
2026-05-22,VRDE,SOUTHEAST,3875,530,7399.59,436,53,644.13
2026-05-22,VRDE,MIDWEST,3546,522,7180.47,423,49,652.69
2026-05-22,VRDE,WEST,4547,598,8041.73,542,63,811.32
2026-05-23,VRDE,NORTHEAST,3866,550,7480.86,445,55,717.55
2026-05-23,VRDE,SOUTHEAST,3848,507,6694.51,354,40,528.75
2026-05-23,VRDE,MIDWEST,3555,429,5776.89,424,47,609.36
2026-05-23,VRDE,WEST,4715,561,7968.72,524,60,771.85
2026-05-24,VRDE,NORTHEAST,4083,533,7438.8,577,69,882.66
2026-05-24,VRDE,SOUTHEAST,3972,459,6228.84,485,58,719.13
2026-05-24,VRDE,MIDWEST,3132,435,5804.51,360,37,482.1
2026-05-24,VRDE,WEST,4925,622,8725.04,579,69,925.66
2026-05-25,VRDE,NORTHEAST,4148,532,7123.32,494,59,744.97
2026-05-25,VRDE,SOUTHEAST,3817,458,6189.31,448,56,723.67
2026-05-25,VRDE,MIDWEST,3391,469,5798.89,378,34,437.1
2026-05-25,VRDE,WEST,4742,619,8446.25,531,69,903.02
2026-05-26,VRDE,NORTHEAST,4161,487,6674.64,501,55,717.94
2026-05-26,VRDE,SOUTHEAST,3834,457,6416.68,432,45,585.9
2026-05-26,VRDE,MIDWEST,3391,427,5702.55,418,45,548.82
2026-05-26,VRDE,WEST,4802,566,7591.95,607,69,991.2
2026-05-27,VRDE,NORTHEAST,3916,468,6347.8,581,65,789.49
2026-05-27,VRDE,SOUTHEAST,4005,474,6364.29,505,54,689.7
2026-05-27,VRDE,MIDWEST,3449,426,5812.4,388,43,539.16
2026-05-27,VRDE,WEST,4269,591,8086.4,619,65,836.86
2026-05-28,VRDE,NORTHEAST,4164,476,6538.95,497,55,674.33
2026-05-28,VRDE,SOUTHEAST,3974,519,7099.99,440,48,648.6
2026-05-28,VRDE,MIDWEST,3319,421,5718.81,384,49,582.59
2026-05-28,VRDE,WEST,4680,582,7479.41,596,71,912.62
2026-05-29,VRDE,NORTHEAST,4033,517,7221.16,541,70,934.1
2026-05-29,VRDE,SOUTHEAST,3932,532,7044.57,458,54,714.99
2026-05-29,VRDE,MIDWEST,3620,483,6561.55,433,48,612.16
2026-05-29,VRDE,WEST,4525,596,7938.41,569,65,828.44
2026-05-30,VRDE,NORTHEAST,4162,452,6173.14,523,60,792.61
2026-05-30,VRDE,SOUTHEAST,3440,492,6683.81,490,48,637.18
2026-05-30,VRDE,MIDWEST,3448,423,5773.07,476,53,663.87
2026-05-30,VRDE,WEST,4965,634,8555.65,704,82,1055.95
2026-05-31,VRDE,NORTHEAST,4293,527,7192.68,552,60,772.24
2026-05-31,VRDE,SOUTHEAST,3871,498,6865.27,521,61,807.68
2026-05-31,VRDE,MIDWEST,3323,411,5745.36,367,43,633.48
2026-05-31,VRDE,WEST,4226,578,7415.1,615,80,1090.51
2026-06-01,VRDE,NORTHEAST,4034,465,6029.37,577,64,826.45
2026-06-01,VRDE,SOUTHEAST,3846,492,6767.1,495,49,674.41
2026-06-01,VRDE,MIDWEST,2911,390,5183.98,429,47,596.92
2026-06-01,VRDE,WEST,4632,568,7432.92,640,69,946.68
2026-06-02,VRDE,NORTHEAST,4182,499,6839.96,587,62,791.77
2026-06-02,VRDE,SOUTHEAST,4063,476,6274.47,500,51,599.44
2026-06-02,VRDE,MIDWEST,3090,394,5430.27,459,54,663.05
2026-06-02,VRDE,WEST,4792,639,8453.51,648,72,933.94
2026-06-03,VRDE,NORTHEAST,4292,487,6873.43,514,58,736.75
2026-06-03,VRDE,SOUTHEAST,3880,496,6707.64,553,64,819.62
2026-06-03,VRDE,MIDWEST,2887,353,4739.52,411,43,577.37
2026-06-03,VRDE,WEST,4878,677,9461.55,573,67,814.69
2026-06-04,VRDE,NORTHEAST,4369,555,7371.2,551,61,775.75
2026-06-04,VRDE,SOUTHEAST,4043,597,8268.09,542,63,798.39
2026-06-04,VRDE,MIDWEST,3741,455,6231.99,440,52,678.48
2026-06-04,VRDE,WEST,4774,549,7403.15,678,71,892.91
2026-06-05,VRDE,NORTHEAST,4504,573,8003.35,460,53,650.59
2026-06-05,VRDE,SOUTHEAST,3530,450,6296.38,443,46,581.84
2026-06-05,VRDE,MIDWEST,3350,383,5533.63,469,52,656.47
2026-06-05,VRDE,WEST,5174,730,9718.14,632,79,976.23
2026-06-06,VRDE,NORTHEAST,4089,549,7263.94,543,55,691.66
2026-06-06,VRDE,SOUTHEAST,3921,462,6005.31,481,62,813.19
2026-06-06,VRDE,MIDWEST,3274,410,5611.74,454,44,577.47
2026-06-06,VRDE,WEST,4581,597,7735.42,671,73,880.26
2026-06-07,VRDE,NORTHEAST,4490,539,7359.14,558,69,930.92
2026-06-07,VRDE,SOUTHEAST,3999,516,6635.41,440,51,630.51
2026-06-07,VRDE,MIDWEST,3444,430,5566.57,414,43,532.34
2026-06-07,VRDE,WEST,4578,590,8289.95,573,62,852.21
2026-06-08,VRDE,NORTHEAST,4396,551,6914.03,523,60,757.55
2026-06-08,VRDE,SOUTHEAST,4165,518,7052.06,467,48,609.39
2026-06-08,VRDE,MIDWEST,3258,397,5422.81,464,57,694.78
2026-06-08,VRDE,WEST,4675,586,8299.26,615,72,894.29
2026-06-09,VRDE,NORTHEAST,4295,543,7196.41,552,63,826.4
2026-06-09,VRDE,SOUTHEAST,3565,464,6201.41,595,76,958.48
2026-06-09,VRDE,MIDWEST,3258,462,6362.69,479,52,674.8
2026-06-09,VRDE,WEST,4815,617,8120.87,693,81,1001.65
2026-06-10,VRDE,NORTHEAST,4417,539,7455.07,551,64,776.41
2026-06-10,VRDE,SOUTHEAST,3857,432,5863.11,412,46,619.22
2026-06-10,VRDE,MIDWEST,3447,456,5960.18,520,67,818.91
2026-06-10,VRDE,WEST,4441,529,7138.14,644,58,773.53
2026-06-11,VRDE,NORTHEAST,4151,480,6670.51,564,70,922.08
2026-06-11,VRDE,SOUTHEAST,3724,491,6799.93,501,49,624.43
2026-06-11,VRDE,MIDWEST,3469,421,5993.91,474,55,716.9
2026-06-11,VRDE,WEST,4420,541,7154.89,517,50,668.48
2026-06-12,VRDE,NORTHEAST,4111,502,6480.81,556,67,869.89
2026-06-12,VRDE,SOUTHEAST,3685,496,6682.38,511,63,760.21
2026-06-12,VRDE,MIDWEST,3457,397,5232.66,441,50,656.27
2026-06-12,VRDE,WEST,4696,586,8241.38,730,88,1165.22
2026-06-13,VRDE,NORTHEAST,4126,474,6510.8,589,72,855.53
2026-06-13,VRDE,SOUTHEAST,4296,488,6593.63,571,58,727.22
2026-06-13,VRDE,MIDWEST,3022,339,4317.02,474,55,702.4
2026-06-13,VRDE,WEST,4921,656,8859.53,635,71,893.83
2026-06-14,VRDE,NORTHEAST,4483,559,7471.77,581,69,874.75
2026-06-14,VRDE,SOUTHEAST,3845,472,6630.42,582,59,751.47
2026-06-14,VRDE,MIDWEST,3486,417,5767.73,486,58,745.22
2026-06-14,VRDE,WEST,4698,596,7689.8,603,63,866.84
2026-06-15,VRDE,NORTHEAST,4271,536,7281.71,571,61,813.84
2026-06-15,VRDE,SOUTHEAST,3715,500,6790.7,540,60,775.98
2026-06-15,VRDE,MIDWEST,3371,452,6537.75,432,50,665.84
2026-06-15,VRDE,WEST,4418,522,6954.12,529,63,814.74
2026-06-16,VRDE,NORTHEAST,4188,516,7030.05,711,82,1094.33
2026-06-16,VRDE,SOUTHEAST,3688,462,6186.67,533,56,702.31
2026-06-16,VRDE,MIDWEST,3444,442,6050.31,454,53,614.02
2026-06-16,VRDE,WEST,4849,594,8089.94,722,79,1063.49
2026-06-17,VRDE,NORTHEAST,4117,522,6961.71,619,79,988.44
2026-06-17,VRDE,SOUTHEAST,3673,442,6026.08,664,72,854.24
2026-06-17,VRDE,MIDWEST,3259,362,4809.57,484,51,639.58
2026-06-17,VRDE,WEST,4200,521,6886.49,723,89,1112.79
2026-06-18,VRDE,NORTHEAST,4135,509,7035.15,527,60,828.92
2026-06-18,VRDE,SOUTHEAST,3775,469,6346.01,495,61,793.78
2026-06-18,VRDE,MIDWEST,3399,435,6025.69,413,49,617.64
2026-06-18,VRDE,WEST,4674,549,7232.47,721,82,1050.06
2026-06-19,VRDE,NORTHEAST,4155,512,6924.24,497,53,676.0
2026-06-19,VRDE,SOUTHEAST,3937,523,6872.06,637,73,967.23
2026-06-19,VRDE,MIDWEST,3286,389,5489.14,483,55,740.67
2026-06-19,VRDE,WEST,5044,564,7592.22,675,88,1256.86
2026-06-20,VRDE,NORTHEAST,4213,529,7347.9,675,75,1008.92
2026-06-20,VRDE,SOUTHEAST,3670,379,4918.64,567,69,812.58
2026-06-20,VRDE,MIDWEST,3077,377,4598.06,518,64,733.21
2026-06-20,VRDE,WEST,4831,588,8301.01,698,79,1022.87
2026-06-21,VRDE,NORTHEAST,4431,551,7480.72,553,66,856.34
2026-06-21,VRDE,SOUTHEAST,4160,511,6918.85,534,65,835.72
2026-06-21,VRDE,MIDWEST,3270,441,6300.14,482,51,690.55
2026-06-21,VRDE,WEST,4467,643,8681.74,741,76,989.94
2026-06-22,VRDE,NORTHEAST,4468,564,7530.57,752,92,1177.47
2026-06-22,VRDE,SOUTHEAST,3699,448,6322.88,532,61,770.13
2026-06-22,VRDE,MIDWEST,3603,439,6111.16,526,58,770.76
2026-06-22,VRDE,WEST,4881,560,7752.21,889,100,1328.54
2026-06-23,VRDE,NORTHEAST,3957,500,6662.45,672,77,952.74
2026-06-23,VRDE,SOUTHEAST,4025,488,6425.4,573,61,802.75
2026-06-23,VRDE,MIDWEST,3380,406,5625.33,455,56,673.73
2026-06-23,VRDE,WEST,5038,626,8429.24,656,79,1016.03
2026-06-24,VRDE,NORTHEAST,4201,548,7338.78,625,74,1007.67
2026-06-24,VRDE,SOUTHEAST,3786,469,6380.49,608,78,977.48
2026-06-24,VRDE,MIDWEST,3368,412,5698.41,571,66,858.99
2026-06-24,VRDE,WEST,4928,560,7422.03,676,78,1018.03
2026-06-25,VRDE,NORTHEAST,4128,560,7435.25,631,79,1055.31
2026-06-25,VRDE,SOUTHEAST,3812,478,6648.62,576,70,871.33
2026-06-25,VRDE,MIDWEST,3402,376,4962.31,465,59,749.71
2026-06-25,VRDE,WEST,4730,548,7379.94,689,74,988.7
2026-06-26,VRDE,NORTHEAST,3880,493,7223.4,601,69,840.79
2026-06-26,VRDE,SOUTHEAST,3804,416,5752.72,556,54,665.92
2026-06-26,VRDE,MIDWEST,3111,373,5192.51,497,51,644.08
2026-06-26,VRDE,WEST,4674,486,6698.23,728,67,903.77
2026-06-27,VRDE,NORTHEAST,3869,465,6518.11,558,54,668.0
2026-06-27,VRDE,SOUTHEAST,3586,432,5756.31,555,61,780.31
2026-06-27,VRDE,MIDWEST,3225,400,5409.05,471,62,756.55
2026-06-27,VRDE,WEST,4810,558,7633.87,737,90,1230.53
2026-06-28,VRDE,NORTHEAST,4036,576,7892.09,605,61,869.94
2026-06-28,VRDE,SOUTHEAST,4115,500,6926.78,646,74,945.69
2026-06-28,VRDE,MIDWEST,3371,431,5843.9,467,57,681.58
2026-06-28,VRDE,WEST,4467,585,7977.68,727,84,1130.56
2026-06-29,VRDE,NORTHEAST,4211,451,6154.61,490,46,642.63
2026-06-29,VRDE,SOUTHEAST,4001,473,6385.33,591,73,915.56
2026-06-29,VRDE,MIDWEST,3226,377,5127.31,533,59,786.3
2026-06-29,VRDE,WEST,4401,533,7057.49,658,83,1056.92
2026-06-30,VRDE,NORTHEAST,4005,488,6398.19,688,84,1132.55
2026-06-30,VRDE,SOUTHEAST,3594,433,6187.8,580,73,1004.89
2026-06-30,VRDE,MIDWEST,3140,410,5673.54,562,73,963.71
2026-06-30,VRDE,WEST,4663,588,7872.08,751,72,994.48
2026-07-01,VRDE,NORTHEAST,4108,515,7039.19,665,77,995.88
2026-07-01,VRDE,SOUTHEAST,3483,408,5733.0,544,57,799.65
2026-07-01,VRDE,MIDWEST,3585,477,6448.76,539,65,866.26
2026-07-01,VRDE,WEST,4623,511,6758.88,636,82,1043.51
2026-07-02,VRDE,NORTHEAST,4181,515,6975.34,691,75,908.27
2026-07-02,VRDE,SOUTHEAST,4134,479,6383.29,557,61,786.02
2026-07-02,VRDE,MIDWEST,3501,396,5409.73,500,63,768.77
2026-07-02,VRDE,WEST,4659,588,7623.89,734,85,1058.06
2026-07-03,VRDE,NORTHEAST,4167,534,7269.36,643,72,946.28
2026-07-03,VRDE,SOUTHEAST,4034,511,7057.55,674,67,816.78
2026-07-03,VRDE,MIDWEST,2982,378,4756.54,530,64,778.89
2026-07-03,VRDE,WEST,4476,532,7342.15,641,75,992.56
2026-07-04,VRDE,NORTHEAST,4239,516,7232.13,680,77,982.06
2026-07-04,VRDE,SOUTHEAST,3911,463,6380.34,606,75,938.43
2026-07-04,VRDE,MIDWEST,3379,416,5685.87,582,68,913.68
2026-07-04,VRDE,WEST,5084,644,8418.52,650,78,989.59
2026-07-05,VRDE,NORTHEAST,4269,508,7138.57,736,76,992.32
2026-07-05,VRDE,SOUTHEAST,3729,413,5694.57,597,70,996.78
2026-07-05,VRDE,MIDWEST,3589,461,6147.1,486,61,774.49
2026-07-05,VRDE,WEST,4638,546,7391.51,881,98,1244.36
2026-07-06,VRDE,NORTHEAST,4249,520,6765.24,579,63,801.75
2026-07-06,VRDE,SOUTHEAST,3635,410,5387.71,587,66,795.96
2026-07-06,VRDE,MIDWEST,3270,401,5393.02,480,53,681.33
2026-07-06,VRDE,WEST,4799,520,7159.35,713,82,1088.01
2026-07-07,VRDE,NORTHEAST,4017,458,6163.17,716,78,943.76
2026-07-07,VRDE,SOUTHEAST,3648,447,6244.61,584,64,824.38
2026-07-07,VRDE,MIDWEST,3336,377,5017.55,550,63,809.96
2026-07-07,VRDE,WEST,4385,508,6705.28,806,102,1330.43
2026-07-08,VRDE,NORTHEAST,4531,533,7123.64,609,70,889.07
2026-07-08,VRDE,SOUTHEAST,3795,467,6261.37,557,63,808.03
2026-07-08,VRDE,MIDWEST,3363,419,5615.33,533,69,922.82
2026-07-08,VRDE,WEST,4599,520,6923.99,771,93,1317.74
2026-07-09,VRDE,NORTHEAST,4150,501,6694.86,689,76,936.7
2026-07-09,VRDE,SOUTHEAST,3975,480,6723.64,592,69,908.73
2026-07-09,VRDE,MIDWEST,3051,337,4652.73,553,54,672.84
2026-07-09,VRDE,WEST,4387,511,7216.5,721,95,1214.72
2026-07-10,VRDE,NORTHEAST,4056,531,7376.15,766,101,1351.89
2026-07-10,VRDE,SOUTHEAST,4018,433,5704.52,644,74,989.39
2026-07-10,VRDE,MIDWEST,3291,421,6028.71,579,70,927.21
2026-07-10,VRDE,WEST,4849,590,7853.77,773,89,1080.67
2026-07-11,VRDE,NORTHEAST,4265,512,6973.52,666,79,1044.65
2026-07-11,VRDE,SOUTHEAST,3662,448,6194.97,663,70,869.8
2026-07-11,VRDE,MIDWEST,3376,379,5512.61,520,55,735.77
2026-07-11,VRDE,WEST,4524,466,6273.29,704,77,925.96
2026-07-12,VRDE,NORTHEAST,4017,475,6397.07,635,68,845.34
2026-07-12,VRDE,SOUTHEAST,3805,450,5841.3,657,70,919.21
2026-07-12,VRDE,MIDWEST,3204,388,5220.01,558,66,859.53
2026-07-12,VRDE,WEST,4652,559,7256.54,759,71,832.31
2026-07-13,VRDE,NORTHEAST,4129,485,6824.59,735,90,1149.63
2026-07-13,VRDE,SOUTHEAST,3858,491,6722.58,646,74,915.24
2026-07-13,VRDE,MIDWEST,3209,350,4774.33,547,59,766.72
2026-07-13,VRDE,WEST,4488,568,8096.59,797,85,1035.77
2026-07-14,VRDE,NORTHEAST,4619,565,7355.16,763,75,951.76
2026-07-14,VRDE,SOUTHEAST,3737,435,5679.27,753,83,1083.22
2026-07-14,VRDE,MIDWEST,3367,363,4819.22,572,70,886.72
2026-07-14,VRDE,WEST,4707,549,7545.67,622,74,930.35
2026-07-15,VRDE,NORTHEAST,4082,403,5276.18,742,100,1249.9
2026-07-15,VRDE,SOUTHEAST,3659,448,6104.36,607,68,864.09
2026-07-15,VRDE,MIDWEST,3467,432,6142.66,608,73,943.43
2026-07-15,VRDE,WEST,4841,543,7798.56,797,101,1257.39
2026-07-16,VRDE,NORTHEAST,4421,539,7233.69,674,71,985.0
2026-07-16,VRDE,SOUTHEAST,4015,481,6535.28,604,58,702.1
2026-07-16,VRDE,MIDWEST,3263,385,5014.17,606,72,931.03
2026-07-16,VRDE,WEST,4221,496,6691.26,705,66,918.24
2026-07-17,VRDE,NORTHEAST,4336,504,7127.3,780,92,1194.53
2026-07-17,VRDE,SOUTHEAST,3933,508,6882.19,633,75,861.29
2026-07-17,VRDE,MIDWEST,3380,392,5291.1,564,66,853.35
2026-07-17,VRDE,WEST,4642,548,7495.18,756,93,1114.57
2026-07-18,VRDE,NORTHEAST,4249,518,6733.01,695,87,1121.08
2026-07-18,VRDE,SOUTHEAST,3618,353,4814.67,653,78,1086.71
2026-07-18,VRDE,MIDWEST,3364,403,5327.62,573,65,863.57
2026-07-18,VRDE,WEST,4755,539,7173.62,879,92,1225.66
2026-07-19,VRDE,NORTHEAST,4548,561,7630.49,803,94,1209.68
2026-07-19,VRDE,SOUTHEAST,3747,475,6551.82,732,81,1030.99
2026-07-19,VRDE,MIDWEST,3292,397,5251.55,622,73,899.59
2026-07-19,VRDE,WEST,3941,416,5865.35,792,91,1154.94
2026-07-20,VRDE,NORTHEAST,4289,450,5708.62,632,72,957.7
2026-07-20,VRDE,SOUTHEAST,3875,456,5917.67,696,77,996.56
2026-07-20,VRDE,MIDWEST,3352,386,5099.67,554,56,735.47
2026-07-20,VRDE,WEST,4586,577,7362.49,875,99,1266.46
2026-07-21,VRDE,NORTHEAST,4036,454,5859.62,784,88,1160.86
2026-07-21,VRDE,SOUTHEAST,3941,452,6067.6,640,79,1019.82
2026-07-21,VRDE,MIDWEST,3393,419,5645.35,681,72,969.61
2026-07-21,VRDE,WEST,4951,546,7564.4,822,100,1227.46
2026-07-22,VRDE,NORTHEAST,4257,474,6336.96,819,92,1080.09
2026-07-22,VRDE,SOUTHEAST,3521,388,5399.17,625,62,837.41
2026-07-22,VRDE,MIDWEST,3407,411,5421.28,655,74,875.99
2026-07-22,VRDE,WEST,4364,490,6586.14,858,92,1156.2
2026-07-23,VRDE,NORTHEAST,4670,555,7370.11,741,76,998.09
2026-07-23,VRDE,SOUTHEAST,3969,452,6295.74,649,75,945.18
2026-07-23,VRDE,MIDWEST,3230,347,4721.95,578,64,792.15
2026-07-23,VRDE,WEST,4357,495,6782.68,832,89,1167.05
2026-07-24,VRDE,NORTHEAST,4576,544,7786.09,768,97,1219.97
2026-07-24,VRDE,SOUTHEAST,4008,439,5978.05,650,62,757.45
2026-07-24,VRDE,MIDWEST,3555,432,6060.7,603,52,685.75
2026-07-24,VRDE,WEST,4495,514,6853.62,767,80,1088.73
2026-07-25,VRDE,NORTHEAST,4300,487,6492.94,804,94,1223.87
2026-07-25,VRDE,SOUTHEAST,3553,408,5319.85,568,69,880.56
2026-07-25,VRDE,MIDWEST,3294,366,5053.07,697,83,1107.91
2026-07-25,VRDE,WEST,4337,516,7020.12,918,105,1295.13
2026-07-26,VRDE,NORTHEAST,4191,480,6768.91,790,92,1196.24
2026-07-26,VRDE,SOUTHEAST,3944,450,5915.64,573,71,937.16
2026-07-26,VRDE,MIDWEST,3471,409,5805.9,552,69,856.51
2026-07-26,VRDE,WEST,4519,493,6672.79,805,95,1189.82
2026-07-27,VRDE,NORTHEAST,3910,475,6661.95,797,90,1179.5
2026-07-27,VRDE,SOUTHEAST,3460,398,5565.33,702,74,989.26
2026-07-27,VRDE,MIDWEST,3339,409,5293.88,576,67,875.34
2026-07-27,VRDE,WEST,4750,558,7482.38,859,104,1261.4
2026-07-28,VRDE,NORTHEAST,4134,479,6499.74,818,83,1090.97
2026-07-28,VRDE,SOUTHEAST,3454,387,5143.19,666,72,906.99
2026-07-28,VRDE,MIDWEST,3304,381,4865.5,537,59,774.13
2026-07-28,VRDE,WEST,4853,667,9032.3,780,90,1187.76
2026-07-29,VRDE,NORTHEAST,4231,465,6253.24,758,76,936.08
2026-07-29,VRDE,SOUTHEAST,4008,407,5526.18,670,84,1114.61
2026-07-29,VRDE,MIDWEST,3217,406,5384.06,705,91,1162.93
2026-07-29,VRDE,WEST,4801,569,7476.82,907,107,1418.74
2026-07-30,VRDE,NORTHEAST,4427,563,7829.71,759,87,1137.42
2026-07-30,VRDE,SOUTHEAST,3761,435,6195.59,715,94,1168.25
2026-07-30,VRDE,MIDWEST,3357,383,5118.04,598,67,852.46
2026-07-30,VRDE,WEST,5039,615,8117.84,805,97,1276.47
2026-07-31,VRDE,NORTHEAST,4079,504,6518.07,740,96,1105.74
2026-07-31,VRDE,SOUTHEAST,3747,465,6250.06,649,68,811.5
2026-07-31,VRDE,MIDWEST,3144,370,4909.71,614,69,900.02
2026-07-31,VRDE,WEST,4246,488,6529.71,825,87,1026.4
2026-08-01,VRDE,NORTHEAST,4337,532,7693.6,817,105,1385.75
2026-08-01,VRDE,SOUTHEAST,3714,447,5834.51,709,80,986.88
2026-08-01,VRDE,MIDWEST,3568,445,6098.25,658,85,1084.91
2026-08-01,VRDE,WEST,4317,477,6573.08,866,87,1178.46
2026-08-02,VRDE,NORTHEAST,4252,545,7607.71,750,86,1076.38
2026-08-02,VRDE,SOUTHEAST,3629,417,5717.8,775,82,1086.81
2026-08-02,VRDE,MIDWEST,3373,389,5441.0,604,76,971.98
2026-08-02,VRDE,WEST,4420,541,6995.49,775,87,1123.18
2026-08-03,VRDE,NORTHEAST,4155,429,5569.13,814,97,1198.11
2026-08-03,VRDE,SOUTHEAST,3841,455,6336.89,663,84,1075.33
2026-08-03,VRDE,MIDWEST,3612,446,5847.88,610,71,956.06
2026-08-03,VRDE,WEST,4316,490,6750.26,893,93,1162.34
2026-08-04,VRDE,NORTHEAST,4303,472,6431.94,843,96,1110.4
2026-08-04,VRDE,SOUTHEAST,4013,501,7065.38,756,75,1018.09
2026-08-04,VRDE,MIDWEST,3428,423,5696.23,617,69,947.44
2026-08-04,VRDE,WEST,4698,543,7056.73,897,102,1330.13
2026-08-05,VRDE,NORTHEAST,4420,539,7283.23,804,92,1225.59
2026-08-05,VRDE,SOUTHEAST,3923,462,6087.51,759,93,1146.0
2026-08-05,VRDE,MIDWEST,3436,392,4954.35,630,77,967.53
2026-08-05,VRDE,WEST,4471,554,7240.73,803,89,1180.11
2026-08-06,VRDE,NORTHEAST,4343,490,6568.89,799,88,1098.79
2026-08-06,VRDE,SOUTHEAST,3584,436,5849.61,876,105,1311.79
2026-08-06,VRDE,MIDWEST,3369,401,5481.95,657,77,994.93
2026-08-06,VRDE,WEST,4782,630,8407.29,846,102,1378.55
2026-08-07,VRDE,NORTHEAST,4382,548,7388.56,782,94,1241.88
2026-08-07,VRDE,SOUTHEAST,4105,523,6678.14,761,82,970.46
2026-08-07,VRDE,MIDWEST,3434,396,5294.09,572,60,765.8
2026-08-07,VRDE,WEST,4286,496,6720.47,865,101,1296.78
2026-08-08,VRDE,NORTHEAST,3965,432,5867.0,861,99,1253.29
2026-08-08,VRDE,SOUTHEAST,3818,396,5188.78,698,79,1005.25
2026-08-08,VRDE,MIDWEST,3320,358,4759.03,652,63,776.62
2026-08-08,VRDE,WEST,4547,575,7925.38,989,125,1575.83
2026-08-09,VRDE,NORTHEAST,4192,452,6324.31,850,101,1338.72
2026-08-09,VRDE,SOUTHEAST,3873,455,6197.98,792,84,1043.43
2026-08-09,VRDE,MIDWEST,3366,418,5683.86,632,77,992.51
2026-08-09,VRDE,WEST,4189,457,5787.99,868,95,1248.82
2026-08-10,VRDE,NORTHEAST,4650,520,7026.05,782,69,863.47
2026-08-10,VRDE,SOUTHEAST,3651,430,5668.19,652,78,998.09
2026-08-10,VRDE,MIDWEST,3216,356,4767.84,688,87,1064.73
2026-08-10,VRDE,WEST,4897,570,7781.73,957,101,1339.97
2026-08-11,VRDE,NORTHEAST,3934,443,5835.49,920,119,1572.1
2026-08-11,VRDE,SOUTHEAST,3884,436,6195.54,811,99,1270.39
2026-08-11,VRDE,MIDWEST,3309,382,5361.46,600,69,948.03
2026-08-11,VRDE,WEST,4835,619,8468.22,924,117,1546.28
2026-08-12,VRDE,NORTHEAST,4284,481,6222.2,913,101,1260.79
2026-08-12,VRDE,SOUTHEAST,3955,434,5639.76,702,80,1040.21
2026-08-12,VRDE,MIDWEST,3458,424,5717.09,673,76,957.83
2026-08-12,VRDE,WEST,4730,560,7995.66,942,102,1342.88
2026-08-13,VRDE,NORTHEAST,4164,528,6779.03,778,84,1093.28
2026-08-13,VRDE,SOUTHEAST,3771,396,5061.51,750,96,1304.18
2026-08-13,VRDE,MIDWEST,3307,394,5191.02,582,73,966.99
2026-08-13,VRDE,WEST,4563,517,7189.01,927,103,1345.56
2026-08-14,VRDE,NORTHEAST,4216,477,6311.04,885,97,1199.67
2026-08-14,VRDE,SOUTHEAST,4134,514,7063.02,739,86,1044.45
2026-08-14,VRDE,MIDWEST,3371,397,5337.16,683,73,953.45
2026-08-14,VRDE,WEST,4281,495,6574.53,813,90,1161.59
2026-08-15,VRDE,NORTHEAST,4092,499,6609.76,889,107,1351.38
2026-08-15,VRDE,SOUTHEAST,4059,432,5929.02,749,91,1096.86
2026-08-15,VRDE,MIDWEST,3174,349,4718.63,666,76,970.93
2026-08-15,VRDE,WEST,4472,475,6336.33,947,117,1472.13
2026-08-16,VRDE,NORTHEAST,4431,470,6499.97,760,88,1093.97
2026-08-16,VRDE,SOUTHEAST,3608,403,5667.98,708,84,1096.71
2026-08-16,VRDE,MIDWEST,3417,401,5520.37,602,69,898.39
2026-08-16,VRDE,WEST,4498,529,6939.46,965,104,1324.3
2026-08-17,VRDE,NORTHEAST,4372,535,7114.38,792,97,1112.02
2026-08-17,VRDE,SOUTHEAST,4036,500,6545.4,820,96,1260.6
2026-08-17,VRDE,MIDWEST,2986,334,4486.81,646,71,908.65
2026-08-17,VRDE,WEST,3981,453,5996.17,911,100,1284.28
2026-08-18,VRDE,NORTHEAST,4266,542,7142.97,948,106,1316.61
2026-08-18,VRDE,SOUTHEAST,3518,425,5488.13,807,94,1189.01
2026-08-18,VRDE,MIDWEST,3256,385,5225.57,709,81,1018.12
2026-08-18,VRDE,WEST,4749,508,7028.34,925,96,1187.72
2026-08-19,VRDE,NORTHEAST,4140,425,5970.58,905,94,1206.82
2026-08-19,VRDE,SOUTHEAST,4101,482,6317.84,628,62,840.19
2026-08-19,VRDE,MIDWEST,3417,362,4994.1,653,70,888.68
2026-08-19,VRDE,WEST,4521,571,7490.9,895,113,1536.8
2026-08-20,VRDE,NORTHEAST,4003,515,7189.48,745,97,1175.78
2026-08-20,VRDE,SOUTHEAST,3913,418,5351.68,811,95,1225.09
2026-08-20,VRDE,MIDWEST,3397,387,5192.57,618,73,949.37
2026-08-20,VRDE,WEST,4571,507,6788.02,817,91,1123.08
2026-08-21,VRDE,NORTHEAST,4474,484,6446.96,849,103,1347.94
2026-08-21,VRDE,SOUTHEAST,3789,490,6616.17,783,108,1347.52
2026-08-21,VRDE,MIDWEST,3526,415,5383.41,645,78,950.27
2026-08-21,VRDE,WEST,4585,555,7438.72,953,103,1290.07
2026-08-22,VRDE,NORTHEAST,4078,457,6290.66,857,113,1484.97
2026-08-22,VRDE,SOUTHEAST,3838,498,6706.9,718,83,1018.75
2026-08-22,VRDE,MIDWEST,3451,427,5880.09,659,74,973.93
2026-08-22,VRDE,WEST,4898,547,7302.13,1018,118,1539.26
2026-08-23,VRDE,NORTHEAST,4307,470,6320.1,928,104,1333.25
2026-08-23,VRDE,SOUTHEAST,3842,450,6534.38,721,83,1154.68
2026-08-23,VRDE,MIDWEST,3371,394,5097.38,738,90,1194.87
2026-08-23,VRDE,WEST,4587,536,7230.8,1005,114,1519.43
2026-08-24,VRDE,NORTHEAST,3929,440,5442.8,850,103,1309.7
2026-08-24,VRDE,SOUTHEAST,4229,455,6081.44,717,78,991.33
2026-08-24,VRDE,MIDWEST,3120,336,4810.28,674,82,1006.29
2026-08-24,VRDE,WEST,4602,543,7293.53,907,102,1312.49
2026-08-25,VRDE,NORTHEAST,4381,536,6956.79,722,81,1043.42
2026-08-25,VRDE,SOUTHEAST,3921,476,6302.68,904,105,1258.33
2026-08-25,VRDE,MIDWEST,3526,409,5573.69,603,67,868.89
2026-08-25,VRDE,WEST,4592,546,7646.26,1065,133,1706.92
2026-08-26,VRDE,NORTHEAST,4566,529,7324.59,851,86,1008.99
2026-08-26,VRDE,SOUTHEAST,3821,418,5646.79,836,84,1001.53
2026-08-26,VRDE,MIDWEST,3409,397,5321.4,665,66,848.67
2026-08-26,VRDE,WEST,4457,521,7239.93,912,107,1391.44
2026-08-27,VRDE,NORTHEAST,4353,541,7453.84,920,111,1410.36
2026-08-27,VRDE,SOUTHEAST,3785,440,6162.68,865,116,1431.9
2026-08-27,VRDE,MIDWEST,3359,343,4560.89,606,75,999.82
2026-08-27,VRDE,WEST,4381,509,7025.64,1091,132,1713.34
2026-08-28,VRDE,NORTHEAST,4188,494,6736.77,842,86,1161.08
2026-08-28,VRDE,SOUTHEAST,3651,409,5651.65,784,97,1197.11
2026-08-28,VRDE,MIDWEST,3493,366,4721.43,642,74,924.44
2026-08-28,VRDE,WEST,4310,526,6894.81,954,111,1399.68
2026-08-29,VRDE,NORTHEAST,4283,505,6796.65,951,103,1273.15
2026-08-29,VRDE,SOUTHEAST,3824,409,5594.34,784,86,1132.64
2026-08-29,VRDE,MIDWEST,3455,323,4324.77,710,84,1058.88
2026-08-29,VRDE,WEST,4363,499,6883.97,808,81,1018.47
2026-08-30,VRDE,NORTHEAST,3664,401,5551.05,807,93,1154.32
2026-08-30,VRDE,SOUTHEAST,3865,456,6395.72,799,98,1288.96
2026-08-30,VRDE,MIDWEST,3285,406,5382.69,715,97,1296.16
2026-08-30,VRDE,WEST,4437,512,6807.36,959,96,1247.67
2026-03-02,BRGR,NORTHEAST,3748,485,7677.87,180,19,293.96
2026-03-02,BRGR,SOUTHEAST,3379,378,6185.54,163,17,275.98
2026-03-02,BRGR,MIDWEST,2862,299,4964.06,167,19,294.9
2026-03-02,BRGR,WEST,4118,493,8280.03,198,20,316.69
2026-03-03,BRGR,NORTHEAST,3412,358,6120.51,220,26,441.02
2026-03-03,BRGR,SOUTHEAST,3382,359,6184.67,186,22,371.48
2026-03-03,BRGR,MIDWEST,2940,367,6123.42,159,17,270.51
2026-03-03,BRGR,WEST,3624,412,6833.24,216,20,293.93
2026-03-04,BRGR,NORTHEAST,3723,400,6932.9,199,23,349.2
2026-03-04,BRGR,SOUTHEAST,3133,352,5969.98,215,26,395.86
2026-03-04,BRGR,MIDWEST,2878,324,5303.72,177,22,353.95
2026-03-04,BRGR,WEST,4177,516,8318.07,265,34,551.34
2026-03-05,BRGR,NORTHEAST,3904,451,7772.93,228,24,388.65
2026-03-05,BRGR,SOUTHEAST,3210,354,5700.8,183,18,312.21
2026-03-05,BRGR,MIDWEST,2595,297,4852.35,156,18,289.57
2026-03-05,BRGR,WEST,4195,472,7947.17,236,28,466.56
2026-03-06,BRGR,NORTHEAST,3516,399,7005.78,212,27,433.32
2026-03-06,BRGR,SOUTHEAST,3147,321,5219.16,172,18,306.14
2026-03-06,BRGR,MIDWEST,2868,314,5074.17,168,17,255.55
2026-03-06,BRGR,WEST,4342,501,8110.66,258,33,509.88
2026-03-07,BRGR,NORTHEAST,3577,375,5956.77,254,36,567.6
2026-03-07,BRGR,SOUTHEAST,2974,366,6297.84,213,27,425.94
2026-03-07,BRGR,MIDWEST,2917,347,5725.0,190,21,342.94
2026-03-07,BRGR,WEST,3988,399,6664.67,222,23,350.18
2026-03-08,BRGR,NORTHEAST,3743,416,6850.73,257,31,488.19
2026-03-08,BRGR,SOUTHEAST,2900,342,5648.88,204,24,381.99
2026-03-08,BRGR,MIDWEST,2865,342,5797.6,178,22,376.23
2026-03-08,BRGR,WEST,4330,489,8204.92,279,33,526.13
2026-03-09,BRGR,NORTHEAST,3578,398,6501.37,227,26,420.16
2026-03-09,BRGR,SOUTHEAST,3009,342,5980.45,239,23,351.55
2026-03-09,BRGR,MIDWEST,2989,340,5682.17,190,21,331.6
2026-03-09,BRGR,WEST,4191,445,7386.15,296,36,583.1
2026-03-10,BRGR,NORTHEAST,3596,392,6442.69,241,30,475.15
2026-03-10,BRGR,SOUTHEAST,3329,387,6521.53,216,26,417.77
2026-03-10,BRGR,MIDWEST,2893,318,4966.35,208,25,392.38
2026-03-10,BRGR,WEST,3925,452,7320.56,286,34,566.92
2026-03-11,BRGR,NORTHEAST,3766,378,6400.42,243,30,500.67
2026-03-11,BRGR,SOUTHEAST,3372,380,6863.53,226,23,390.8
2026-03-11,BRGR,MIDWEST,2675,337,5799.59,223,27,445.88
2026-03-11,BRGR,WEST,3705,405,6866.0,273,32,497.56
2026-03-12,BRGR,NORTHEAST,3464,399,6803.56,258,27,404.93
2026-03-12,BRGR,SOUTHEAST,3568,376,6118.01,219,26,413.23
2026-03-12,BRGR,MIDWEST,2960,341,5490.61,209,21,340.53
2026-03-12,BRGR,WEST,4107,458,7428.05,274,30,496.59
2026-03-13,BRGR,NORTHEAST,3191,321,5424.62,261,29,476.88
2026-03-13,BRGR,SOUTHEAST,3212,352,5893.23,249,29,463.46
2026-03-13,BRGR,MIDWEST,2728,312,5018.31,199,23,366.12
2026-03-13,BRGR,WEST,4169,495,8359.18,282,32,504.23
2026-03-14,BRGR,NORTHEAST,3904,452,7379.19,251,31,480.95
2026-03-14,BRGR,SOUTHEAST,3295,375,6446.06,225,26,425.62
2026-03-14,BRGR,MIDWEST,2990,364,6084.11,211,25,386.12
2026-03-14,BRGR,WEST,3994,424,6808.77,259,25,420.76
2026-03-15,BRGR,NORTHEAST,3752,425,7299.21,275,30,458.78
2026-03-15,BRGR,SOUTHEAST,3361,397,6857.62,232,25,388.57
2026-03-15,BRGR,MIDWEST,3041,357,6038.6,219,24,387.8
2026-03-15,BRGR,WEST,4173,452,7739.75,309,32,486.89
2026-03-16,BRGR,NORTHEAST,3461,389,6229.84,295,36,594.84
2026-03-16,BRGR,SOUTHEAST,2969,288,4919.16,282,31,506.34
2026-03-16,BRGR,MIDWEST,2842,308,5280.64,215,26,444.21
2026-03-16,BRGR,WEST,3936,492,7885.37,331,38,662.46
2026-03-17,BRGR,NORTHEAST,3608,386,6752.95,252,29,458.44
2026-03-17,BRGR,SOUTHEAST,3462,387,6612.77,257,26,389.14
2026-03-17,BRGR,MIDWEST,3135,357,5752.19,223,27,411.23
2026-03-17,BRGR,WEST,4406,488,8043.04,347,40,614.62
2026-03-18,BRGR,NORTHEAST,3763,434,7473.49,271,28,457.79
2026-03-18,BRGR,SOUTHEAST,3169,310,5073.15,276,29,495.0
2026-03-18,BRGR,MIDWEST,2806,313,4962.47,219,24,398.94
2026-03-18,BRGR,WEST,3994,477,7421.31,322,36,551.45
2026-03-19,BRGR,NORTHEAST,3589,384,6482.21,289,34,525.03
2026-03-19,BRGR,SOUTHEAST,3442,395,6928.88,265,29,462.76
2026-03-19,BRGR,MIDWEST,2810,295,4920.31,237,25,400.05
2026-03-19,BRGR,WEST,3764,425,6800.06,372,42,699.97
2026-03-20,BRGR,NORTHEAST,3380,386,6406.93,327,40,592.0
2026-03-20,BRGR,SOUTHEAST,3423,349,6043.77,272,28,457.42
2026-03-20,BRGR,MIDWEST,2883,303,4942.25,252,25,391.87
2026-03-20,BRGR,WEST,4324,462,7774.71,346,42,697.62
2026-03-21,BRGR,NORTHEAST,3141,341,5881.88,289,37,606.66
2026-03-21,BRGR,SOUTHEAST,3039,351,6195.86,263,31,480.21
2026-03-21,BRGR,MIDWEST,2793,314,5319.79,254,29,513.68
2026-03-21,BRGR,WEST,3741,371,6292.05,345,34,591.28
2026-03-22,BRGR,NORTHEAST,3470,355,5983.97,331,45,669.51
2026-03-22,BRGR,SOUTHEAST,3030,333,5472.28,282,30,450.97
2026-03-22,BRGR,MIDWEST,2813,328,5590.5,239,28,458.51
2026-03-22,BRGR,WEST,3859,422,7040.32,425,49,751.53
2026-03-23,BRGR,NORTHEAST,3569,385,6633.25,265,27,452.12
2026-03-23,BRGR,SOUTHEAST,3307,370,6293.98,258,30,458.7
2026-03-23,BRGR,MIDWEST,2692,309,5033.1,249,30,454.49
2026-03-23,BRGR,WEST,4080,517,8570.08,381,46,694.93
2026-03-24,BRGR,NORTHEAST,3350,374,5824.61,328,38,618.34
2026-03-24,BRGR,SOUTHEAST,3313,399,6588.31,326,39,630.23
2026-03-24,BRGR,MIDWEST,2857,337,5492.85,277,34,532.91
2026-03-24,BRGR,WEST,3770,401,6680.97,370,45,774.54
2026-03-25,BRGR,NORTHEAST,3896,441,7272.14,300,36,593.57
2026-03-25,BRGR,SOUTHEAST,3195,352,5855.54,237,27,433.96
2026-03-25,BRGR,MIDWEST,2862,298,4982.23,276,36,599.55
2026-03-25,BRGR,WEST,4080,453,7248.86,352,35,566.1
2026-03-26,BRGR,NORTHEAST,3795,449,7696.38,339,42,657.54
2026-03-26,BRGR,SOUTHEAST,2920,328,5470.35,262,28,409.69
2026-03-26,BRGR,MIDWEST,2811,336,5490.43,300,34,537.15
2026-03-26,BRGR,WEST,3605,420,7136.18,328,36,599.97
2026-03-27,BRGR,NORTHEAST,3465,394,6186.57,319,38,582.77
2026-03-27,BRGR,SOUTHEAST,3004,306,5039.24,270,30,497.06
2026-03-27,BRGR,MIDWEST,3104,337,5888.06,288,32,523.88
2026-03-27,BRGR,WEST,4265,517,8820.57,376,46,734.4
2026-03-28,BRGR,NORTHEAST,3631,410,7205.46,316,36,544.9
2026-03-28,BRGR,SOUTHEAST,3382,401,6960.39,306,35,575.21
2026-03-28,BRGR,MIDWEST,2907,329,5513.09,286,32,524.18
2026-03-28,BRGR,WEST,3669,397,6355.59,383,41,667.7
2026-03-29,BRGR,NORTHEAST,3831,393,6400.54,366,46,764.3
2026-03-29,BRGR,SOUTHEAST,3314,366,6029.83,330,39,628.42
2026-03-29,BRGR,MIDWEST,2797,280,4552.07,276,28,460.47
2026-03-29,BRGR,WEST,3677,400,6749.15,418,48,810.28
2026-03-30,BRGR,NORTHEAST,3494,369,6356.57,336,38,560.37
2026-03-30,BRGR,SOUTHEAST,3425,396,6453.22,280,32,523.76
2026-03-30,BRGR,MIDWEST,3050,376,6312.89,284,31,499.93
2026-03-30,BRGR,WEST,3688,386,6425.52,345,35,587.34
2026-03-31,BRGR,NORTHEAST,3478,404,6952.53,368,44,706.62
2026-03-31,BRGR,SOUTHEAST,3098,341,5691.05,334,38,599.9
2026-03-31,BRGR,MIDWEST,3035,332,5465.18,316,33,527.5
2026-03-31,BRGR,WEST,4256,473,8226.26,396,43,685.73
2026-04-01,BRGR,NORTHEAST,3502,379,6238.33,398,47,739.61
2026-04-01,BRGR,SOUTHEAST,3121,412,6831.55,374,38,597.71
2026-04-01,BRGR,MIDWEST,3060,316,5106.11,298,32,503.49
2026-04-01,BRGR,WEST,3995,465,7802.24,421,53,894.29
2026-04-02,BRGR,NORTHEAST,3540,348,5624.45,412,45,700.21
2026-04-02,BRGR,SOUTHEAST,3170,384,6417.77,331,35,543.87
2026-04-02,BRGR,MIDWEST,3291,363,6083.65,296,36,560.84
2026-04-02,BRGR,WEST,3584,382,6445.87,493,56,861.08
2026-04-03,BRGR,NORTHEAST,3564,375,6110.25,388,45,703.99
2026-04-03,BRGR,SOUTHEAST,3423,376,6300.81,333,39,633.42
2026-04-03,BRGR,MIDWEST,2980,313,5322.53,294,34,556.28
2026-04-03,BRGR,WEST,4268,459,7400.52,429,54,846.43
2026-04-04,BRGR,NORTHEAST,4046,396,6906.42,428,53,820.96
2026-04-04,BRGR,SOUTHEAST,3467,410,7095.24,346,39,650.42
2026-04-04,BRGR,MIDWEST,2936,317,5159.1,320,32,531.59
2026-04-04,BRGR,WEST,3999,400,6771.0,473,55,830.83
2026-04-05,BRGR,NORTHEAST,3497,405,6494.94,386,48,757.73
2026-04-05,BRGR,SOUTHEAST,3151,364,6374.56,369,37,561.37
2026-04-05,BRGR,MIDWEST,2848,280,4657.57,341,30,484.88
2026-04-05,BRGR,WEST,4031,430,7257.33,455,56,994.54
2026-04-06,BRGR,NORTHEAST,3664,381,6169.0,363,44,707.91
2026-04-06,BRGR,SOUTHEAST,3321,370,6471.11,395,49,755.24
2026-04-06,BRGR,MIDWEST,2837,288,4707.43,325,33,518.95
2026-04-06,BRGR,WEST,4369,476,7574.52,399,45,745.03
2026-04-07,BRGR,NORTHEAST,3589,415,6995.19,372,46,719.98
2026-04-07,BRGR,SOUTHEAST,3552,377,6259.17,352,39,637.95
2026-04-07,BRGR,MIDWEST,2857,337,5690.48,369,42,710.11
2026-04-07,BRGR,WEST,4207,459,8243.6,505,60,951.96
2026-04-08,BRGR,NORTHEAST,3593,391,6580.83,377,43,674.33
2026-04-08,BRGR,SOUTHEAST,3519,405,7099.2,445,53,911.49
2026-04-08,BRGR,MIDWEST,2942,336,5449.92,334,42,694.4
2026-04-08,BRGR,WEST,3897,429,7003.57,433,44,730.01
2026-04-09,BRGR,NORTHEAST,3809,416,6664.22,413,55,829.42
2026-04-09,BRGR,SOUTHEAST,3167,338,5785.15,341,40,614.28
2026-04-09,BRGR,MIDWEST,2837,289,4903.8,324,35,588.21
2026-04-09,BRGR,WEST,4041,507,8579.54,467,54,956.42
2026-04-10,BRGR,NORTHEAST,3838,414,6986.66,410,49,772.75
2026-04-10,BRGR,SOUTHEAST,3160,356,6194.34,411,50,797.36
2026-04-10,BRGR,MIDWEST,2540,276,4583.11,356,46,765.11
2026-04-10,BRGR,WEST,3625,399,6608.16,497,56,833.28
2026-04-11,BRGR,NORTHEAST,3446,370,5802.69,428,48,796.13
2026-04-11,BRGR,SOUTHEAST,3228,340,5660.11,390,48,735.93
2026-04-11,BRGR,MIDWEST,2558,327,5578.86,347,47,719.9
2026-04-11,BRGR,WEST,3809,406,6873.23,458,55,872.68
2026-04-12,BRGR,NORTHEAST,3842,432,6843.96,437,45,716.95
2026-04-12,BRGR,SOUTHEAST,3244,403,6670.87,342,39,598.37
2026-04-12,BRGR,MIDWEST,3150,359,6273.62,338,35,569.76
2026-04-12,BRGR,WEST,3687,379,6176.51,475,47,693.16
2026-04-13,BRGR,NORTHEAST,3864,408,6759.04,464,55,849.96
2026-04-13,BRGR,SOUTHEAST,3169,380,6576.01,423,55,805.71
2026-04-13,BRGR,MIDWEST,2903,311,4892.43,364,44,705.26
2026-04-13,BRGR,WEST,3602,388,6519.38,479,56,909.13
2026-04-14,BRGR,NORTHEAST,3867,428,7717.95,458,53,880.21
2026-04-14,BRGR,SOUTHEAST,3235,346,5998.12,335,32,566.54
2026-04-14,BRGR,MIDWEST,2995,338,5693.26,368,39,613.04
2026-04-14,BRGR,WEST,3764,440,7489.4,505,59,945.33
2026-04-15,BRGR,NORTHEAST,3399,409,6973.32,450,54,904.99
2026-04-15,BRGR,SOUTHEAST,3444,391,6696.85,403,51,848.3
2026-04-15,BRGR,MIDWEST,3028,304,5184.71,385,47,669.36
2026-04-15,BRGR,WEST,3594,399,6467.43,517,59,969.14
2026-04-16,BRGR,NORTHEAST,3505,357,6054.12,451,46,682.51
2026-04-16,BRGR,SOUTHEAST,3766,401,6641.23,348,36,577.39
2026-04-16,BRGR,MIDWEST,2932,334,5449.45,383,48,746.34
2026-04-16,BRGR,WEST,3951,382,6216.54,449,54,855.43
2026-04-17,BRGR,NORTHEAST,3898,428,7323.74,486,56,859.2
2026-04-17,BRGR,SOUTHEAST,3519,380,5985.13,400,41,693.55
2026-04-17,BRGR,MIDWEST,3039,361,6436.74,353,34,521.83
2026-04-17,BRGR,WEST,4049,366,6000.45,549,58,923.41
2026-04-18,BRGR,NORTHEAST,3436,413,7311.34,433,46,736.17
2026-04-18,BRGR,SOUTHEAST,3362,375,6388.77,461,58,999.35
2026-04-18,BRGR,MIDWEST,2921,309,5164.99,451,55,913.14
2026-04-18,BRGR,WEST,4264,502,9013.52,490,57,947.69
2026-04-19,BRGR,NORTHEAST,3780,403,6406.37,472,51,816.45
2026-04-19,BRGR,SOUTHEAST,3447,392,6334.29,407,47,796.69
2026-04-19,BRGR,MIDWEST,2888,319,5086.36,369,39,639.17
2026-04-19,BRGR,WEST,3923,404,6519.22,537,58,973.04
2026-04-20,BRGR,NORTHEAST,3640,388,6670.88,437,54,832.02
2026-04-20,BRGR,SOUTHEAST,3370,350,5669.33,369,42,688.7
2026-04-20,BRGR,MIDWEST,2676,322,5367.39,351,46,729.27
2026-04-20,BRGR,WEST,4265,381,6781.56,541,62,995.07
2026-04-21,BRGR,NORTHEAST,3388,387,6549.92,502,54,827.68
2026-04-21,BRGR,SOUTHEAST,3303,375,6284.32,433,47,774.5
2026-04-21,BRGR,MIDWEST,3098,332,5383.64,471,47,752.84
2026-04-21,BRGR,WEST,3941,460,7645.07,464,48,766.95
2026-04-22,BRGR,NORTHEAST,3597,372,6100.92,431,43,668.97
2026-04-22,BRGR,SOUTHEAST,3126,334,5374.4,503,49,808.82
2026-04-22,BRGR,MIDWEST,2964,351,6112.28,353,41,682.08
2026-04-22,BRGR,WEST,4158,464,7603.04,603,68,1066.31
2026-04-23,BRGR,NORTHEAST,3642,383,6255.54,507,70,1138.26
2026-04-23,BRGR,SOUTHEAST,3261,343,5783.96,408,48,782.98
2026-04-23,BRGR,MIDWEST,2900,323,5354.89,424,50,825.29
2026-04-23,BRGR,WEST,3971,453,7512.78,611,69,1161.65
2026-04-24,BRGR,NORTHEAST,3657,394,6376.99,534,63,1005.71
2026-04-24,BRGR,SOUTHEAST,3317,361,5860.15,414,50,799.59
2026-04-24,BRGR,MIDWEST,3113,378,6466.62,428,51,820.71
2026-04-24,BRGR,WEST,3842,348,5950.04,586,67,1078.63
2026-04-25,BRGR,NORTHEAST,3790,432,7254.86,504,60,996.64
2026-04-25,BRGR,SOUTHEAST,3616,368,6247.52,430,47,827.79
2026-04-25,BRGR,MIDWEST,2827,303,4965.52,440,48,723.34
2026-04-25,BRGR,WEST,4000,453,7564.89,573,62,947.56
2026-04-26,BRGR,NORTHEAST,3610,362,5957.22,477,53,881.34
2026-04-26,BRGR,SOUTHEAST,3241,373,6299.16,462,49,782.61
2026-04-26,BRGR,MIDWEST,2713,305,4887.38,368,39,579.53
2026-04-26,BRGR,WEST,3987,408,6717.14,600,56,883.55
2026-04-27,BRGR,NORTHEAST,3670,419,7017.28,496,61,1006.6
2026-04-27,BRGR,SOUTHEAST,3612,439,7281.95,525,61,930.37
2026-04-27,BRGR,MIDWEST,2988,347,5366.78,465,49,840.61
2026-04-27,BRGR,WEST,4013,435,7570.57,561,75,1147.88
2026-04-28,BRGR,NORTHEAST,3493,350,5930.64,527,64,1065.85
2026-04-28,BRGR,SOUTHEAST,3375,386,6652.18,473,50,774.53
2026-04-28,BRGR,MIDWEST,2991,310,5014.6,394,44,708.0
2026-04-28,BRGR,WEST,3907,392,6638.85,475,52,871.53
2026-04-29,BRGR,NORTHEAST,3644,418,6980.04,559,64,994.3
2026-04-29,BRGR,SOUTHEAST,3296,373,5831.23,447,42,641.32
2026-04-29,BRGR,MIDWEST,2682,277,4571.19,459,57,877.86
2026-04-29,BRGR,WEST,3844,425,6927.04,565,54,884.54
2026-04-30,BRGR,NORTHEAST,3632,363,5794.45,490,57,892.1
2026-04-30,BRGR,SOUTHEAST,3023,315,5374.99,533,67,1068.28
2026-04-30,BRGR,MIDWEST,2908,315,5352.85,451,47,726.07
2026-04-30,BRGR,WEST,3871,430,7049.47,555,68,1147.78
2026-05-01,BRGR,NORTHEAST,3424,361,6226.7,526,64,960.65
2026-05-01,BRGR,SOUTHEAST,3195,354,6165.04,528,52,773.21
2026-05-01,BRGR,MIDWEST,2745,307,5222.41,474,57,880.68
2026-05-01,BRGR,WEST,3873,390,6648.35,537,61,980.93
2026-05-02,BRGR,NORTHEAST,3816,386,6510.08,505,62,970.31
2026-05-02,BRGR,SOUTHEAST,3180,318,5196.94,468,50,839.3
2026-05-02,BRGR,MIDWEST,2727,294,5019.81,399,37,603.55
2026-05-02,BRGR,WEST,3616,366,6073.12,618,68,1057.64
2026-05-03,BRGR,NORTHEAST,3772,406,7150.78,515,58,918.23
2026-05-03,BRGR,SOUTHEAST,3320,357,5953.13,580,65,1049.56
2026-05-03,BRGR,MIDWEST,2900,296,5046.16,377,47,695.72
2026-05-03,BRGR,WEST,3887,415,6808.17,585,73,1270.23
2026-05-04,BRGR,NORTHEAST,3781,405,6612.94,526,65,1079.97
2026-05-04,BRGR,SOUTHEAST,3449,388,6722.03,481,51,777.37
2026-05-04,BRGR,MIDWEST,2869,301,5021.18,405,46,764.32
2026-05-04,BRGR,WEST,3965,351,5845.06,600,73,1152.82
2026-05-05,BRGR,NORTHEAST,3706,383,6441.86,612,68,1091.26
2026-05-05,BRGR,SOUTHEAST,3258,358,5934.72,530,51,805.62
2026-05-05,BRGR,MIDWEST,2992,330,5328.53,424,49,800.01
2026-05-05,BRGR,WEST,4042,430,7173.79,676,71,1062.69
2026-05-06,BRGR,NORTHEAST,3773,381,6465.33,541,56,943.07
2026-05-06,BRGR,SOUTHEAST,3219,311,5148.3,508,56,904.59
2026-05-06,BRGR,MIDWEST,2704,281,4736.82,481,55,841.93
2026-05-06,BRGR,WEST,3555,409,6572.38,607,69,1111.05
2026-05-07,BRGR,NORTHEAST,3583,360,5975.95,675,92,1444.58
2026-05-07,BRGR,SOUTHEAST,3334,315,5272.43,550,61,1036.49
2026-05-07,BRGR,MIDWEST,2998,328,5032.88,440,53,820.48
2026-05-07,BRGR,WEST,3599,367,6386.74,671,81,1302.78
2026-05-08,BRGR,NORTHEAST,3881,340,5462.1,675,83,1331.22
2026-05-08,BRGR,SOUTHEAST,3176,299,4907.16,520,54,915.53
2026-05-08,BRGR,MIDWEST,3022,313,5361.58,466,54,841.9
2026-05-08,BRGR,WEST,4443,427,7073.05,697,86,1271.17
2026-05-09,BRGR,NORTHEAST,3421,359,5827.28,559,62,980.73
2026-05-09,BRGR,SOUTHEAST,3412,323,5547.32,522,62,971.5
2026-05-09,BRGR,MIDWEST,3213,302,5210.28,456,51,852.82
2026-05-09,BRGR,WEST,3912,435,7566.21,619,82,1364.95
2026-05-10,BRGR,NORTHEAST,3554,380,6189.21,611,74,1229.25
2026-05-10,BRGR,SOUTHEAST,3272,334,5460.19,496,55,897.48
2026-05-10,BRGR,MIDWEST,2792,282,4553.11,500,55,826.37
2026-05-10,BRGR,WEST,4175,468,7804.05,638,72,1106.98
2026-05-11,BRGR,NORTHEAST,3776,431,7398.35,614,71,1154.67
2026-05-11,BRGR,SOUTHEAST,3513,352,5862.84,513,52,846.91
2026-05-11,BRGR,MIDWEST,3039,300,5138.87,508,60,1004.25
2026-05-11,BRGR,WEST,3824,442,7278.13,692,69,1137.61
2026-05-12,BRGR,NORTHEAST,3600,366,5902.82,618,78,1261.47
2026-05-12,BRGR,SOUTHEAST,3179,319,5143.79,533,53,825.54
2026-05-12,BRGR,MIDWEST,3032,318,5264.18,463,55,905.37
2026-05-12,BRGR,WEST,4233,426,6858.9,636,65,1031.04
2026-05-13,BRGR,NORTHEAST,3514,350,5810.09,663,79,1230.61
2026-05-13,BRGR,SOUTHEAST,3237,346,5873.28,537,54,878.16
2026-05-13,BRGR,MIDWEST,2732,280,4625.8,527,57,918.26
2026-05-13,BRGR,WEST,3906,396,6767.63,649,76,1227.36
2026-05-14,BRGR,NORTHEAST,3257,307,4630.61,633,73,1139.39
2026-05-14,BRGR,SOUTHEAST,3146,323,5277.56,555,63,960.81
2026-05-14,BRGR,MIDWEST,3076,342,5619.72,581,79,1314.18
2026-05-14,BRGR,WEST,4186,423,6978.78,595,65,1076.17
2026-05-15,BRGR,NORTHEAST,3518,331,5777.73,724,92,1372.69
2026-05-15,BRGR,SOUTHEAST,3366,335,5552.68,594,76,1172.54
2026-05-15,BRGR,MIDWEST,2823,273,4549.79,461,50,822.52
2026-05-15,BRGR,WEST,3949,417,6993.49,732,92,1398.46
2026-05-16,BRGR,NORTHEAST,3302,356,6054.18,702,85,1438.43
2026-05-16,BRGR,SOUTHEAST,3316,334,5722.98,527,56,913.19
2026-05-16,BRGR,MIDWEST,2837,313,5161.38,579,60,985.86
2026-05-16,BRGR,WEST,3860,438,7172.12,737,62,962.23
2026-05-17,BRGR,NORTHEAST,3892,412,6872.34,683,93,1406.97
2026-05-17,BRGR,SOUTHEAST,3222,328,5572.95,541,54,802.6
2026-05-17,BRGR,MIDWEST,2972,315,5378.94,444,47,728.63
2026-05-17,BRGR,WEST,4124,443,7341.05,645,74,1160.68
2026-05-18,BRGR,NORTHEAST,3757,434,7253.57,586,79,1293.92
2026-05-18,BRGR,SOUTHEAST,3324,350,5859.03,584,68,1013.36
2026-05-18,BRGR,MIDWEST,2775,288,4828.05,523,61,908.03
2026-05-18,BRGR,WEST,3765,378,6320.21,698,92,1440.84
2026-05-19,BRGR,NORTHEAST,3554,336,5914.32,654,74,1142.59
2026-05-19,BRGR,SOUTHEAST,3252,332,5742.69,547,60,935.21
2026-05-19,BRGR,MIDWEST,2964,316,5417.11,543,64,1029.89
2026-05-19,BRGR,WEST,4139,445,7488.8,623,68,1055.96
2026-05-20,BRGR,NORTHEAST,3270,368,6401.53,713,85,1430.93
2026-05-20,BRGR,SOUTHEAST,2966,333,5211.14,598,69,1114.1
2026-05-20,BRGR,MIDWEST,2972,323,5272.26,496,52,841.16
2026-05-20,BRGR,WEST,3888,366,6282.86,655,71,1103.22
2026-05-21,BRGR,NORTHEAST,3461,373,6083.1,585,63,959.03
2026-05-21,BRGR,SOUTHEAST,2986,328,5652.59,526,67,1148.25
2026-05-21,BRGR,MIDWEST,2676,285,4717.11,564,49,797.79
2026-05-21,BRGR,WEST,3882,416,7107.61,589,67,1059.6
2026-05-22,BRGR,NORTHEAST,3704,411,7009.08,625,75,1157.69
2026-05-22,BRGR,SOUTHEAST,3361,346,5728.43,606,60,943.34
2026-05-22,BRGR,MIDWEST,2704,297,5133.39,471,44,705.13
2026-05-22,BRGR,WEST,3842,377,6711.44,709,74,1161.76
2026-05-23,BRGR,NORTHEAST,3647,415,6969.54,605,66,1127.17
2026-05-23,BRGR,SOUTHEAST,2954,306,5274.9,618,69,1058.99
2026-05-23,BRGR,MIDWEST,2900,311,5209.69,582,67,1125.28
2026-05-23,BRGR,WEST,3984,437,7202.66,844,106,1725.93
2026-05-24,BRGR,NORTHEAST,3419,359,5451.65,659,76,1166.04
2026-05-24,BRGR,SOUTHEAST,3264,352,6191.04,612,61,877.27
2026-05-24,BRGR,MIDWEST,2855,312,5383.0,547,59,912.55
2026-05-24,BRGR,WEST,3931,410,6963.66,754,100,1596.2
2026-05-25,BRGR,NORTHEAST,3689,407,6971.72,650,64,971.09
2026-05-25,BRGR,SOUTHEAST,3300,355,5972.59,656,82,1272.25
2026-05-25,BRGR,MIDWEST,3250,391,6672.17,541,63,945.0
2026-05-25,BRGR,WEST,3967,392,6512.24,735,98,1500.83
2026-05-26,BRGR,NORTHEAST,3658,370,6465.52,751,75,1148.7
2026-05-26,BRGR,SOUTHEAST,3287,328,5547.3,627,65,1026.62
2026-05-26,BRGR,MIDWEST,2951,305,5102.04,570,64,1079.91
2026-05-26,BRGR,WEST,3712,396,6498.3,786,96,1561.52
2026-05-27,BRGR,NORTHEAST,3725,403,6836.46,685,83,1367.64
2026-05-27,BRGR,SOUTHEAST,3383,356,5994.11,528,56,888.54
2026-05-27,BRGR,MIDWEST,3026,336,5626.38,508,60,994.81
2026-05-27,BRGR,WEST,4114,408,6583.42,712,74,1226.73
2026-05-28,BRGR,NORTHEAST,3658,427,7477.89,760,82,1337.04
2026-05-28,BRGR,SOUTHEAST,3314,314,5030.44,595,75,1169.28
2026-05-28,BRGR,MIDWEST,2680,278,4727.02,507,67,1028.64
2026-05-28,BRGR,WEST,4170,449,7314.49,765,87,1368.09
2026-05-29,BRGR,NORTHEAST,3735,387,6109.68,713,74,1160.95
2026-05-29,BRGR,SOUTHEAST,3277,336,5768.25,633,69,1170.84
2026-05-29,BRGR,MIDWEST,2985,305,5092.33,548,63,959.48
2026-05-29,BRGR,WEST,4309,478,7419.92,718,81,1260.88
2026-05-30,BRGR,NORTHEAST,3212,345,5538.79,753,89,1497.65
2026-05-30,BRGR,SOUTHEAST,3092,354,5674.02,719,89,1438.12
2026-05-30,BRGR,MIDWEST,2720,307,5251.34,494,44,688.31
2026-05-30,BRGR,WEST,3786,407,6807.58,805,88,1449.81
2026-05-31,BRGR,NORTHEAST,3494,327,5048.94,749,81,1200.34
2026-05-31,BRGR,SOUTHEAST,3094,311,5289.24,536,59,966.42
2026-05-31,BRGR,MIDWEST,2948,318,5627.54,536,58,964.8
2026-05-31,BRGR,WEST,4285,451,7444.0,719,86,1391.2
2026-06-01,BRGR,NORTHEAST,3410,340,5507.21,761,86,1436.67
2026-06-01,BRGR,SOUTHEAST,3466,364,6297.15,710,91,1421.28
2026-06-01,BRGR,MIDWEST,2978,341,5815.59,564,66,1146.1
2026-06-01,BRGR,WEST,3895,387,6642.66,779,78,1164.92
2026-06-02,BRGR,NORTHEAST,3616,359,6262.36,700,71,1102.09
2026-06-02,BRGR,SOUTHEAST,3050,337,5496.63,742,89,1535.82
2026-06-02,BRGR,MIDWEST,2876,312,4883.84,567,61,1020.01
2026-06-02,BRGR,WEST,3950,424,6937.59,726,83,1389.18
2026-06-03,BRGR,NORTHEAST,3606,407,6738.52,721,80,1269.47
2026-06-03,BRGR,SOUTHEAST,3141,319,5204.35,612,79,1303.64
2026-06-03,BRGR,MIDWEST,2848,283,4506.14,622,67,1161.06
2026-06-03,BRGR,WEST,3628,382,6619.91,782,104,1733.68
2026-06-04,BRGR,NORTHEAST,3798,371,6395.86,810,94,1609.43
2026-06-04,BRGR,SOUTHEAST,3312,295,4979.9,769,84,1383.52
2026-06-04,BRGR,MIDWEST,2802,289,4433.94,512,57,895.04
2026-06-04,BRGR,WEST,3604,387,6544.54,765,73,1194.56
2026-06-05,BRGR,NORTHEAST,3525,379,6544.6,732,82,1353.17
2026-06-05,BRGR,SOUTHEAST,3207,290,4927.23,693,75,1228.97
2026-06-05,BRGR,MIDWEST,2828,282,4829.17,532,53,833.76
2026-06-05,BRGR,WEST,3695,398,6486.93,707,78,1126.93
2026-06-06,BRGR,NORTHEAST,3850,393,6682.54,786,91,1385.65
2026-06-06,BRGR,SOUTHEAST,3369,337,5491.23,566,71,1121.62
2026-06-06,BRGR,MIDWEST,2819,254,4364.08,598,74,1170.13
2026-06-06,BRGR,WEST,3788,401,6356.99,725,82,1345.3
2026-06-07,BRGR,NORTHEAST,3803,386,6410.99,773,86,1347.75
2026-06-07,BRGR,SOUTHEAST,3321,328,5440.73,750,87,1354.3
2026-06-07,BRGR,MIDWEST,2981,302,5131.59,565,60,904.37
2026-06-07,BRGR,WEST,4184,463,8002.82,860,100,1566.66
2026-06-08,BRGR,NORTHEAST,3705,373,6030.41,827,101,1639.63
2026-06-08,BRGR,SOUTHEAST,3227,321,5368.57,700,72,1126.68
2026-06-08,BRGR,MIDWEST,2724,296,4734.39,552,58,933.77
2026-06-08,BRGR,WEST,3771,425,7232.74,679,79,1266.13
2026-06-09,BRGR,NORTHEAST,3367,340,5685.97,730,82,1325.99
2026-06-09,BRGR,SOUTHEAST,3151,319,5123.01,728,78,1307.6
2026-06-09,BRGR,MIDWEST,3173,355,5833.15,637,71,1146.76
2026-06-09,BRGR,WEST,3788,361,6009.98,792,99,1615.68
2026-06-10,BRGR,NORTHEAST,3654,368,6090.05,836,96,1518.39
2026-06-10,BRGR,SOUTHEAST,3539,362,5987.74,685,86,1337.05
2026-06-10,BRGR,MIDWEST,2806,304,5237.66,691,73,1182.5
2026-06-10,BRGR,WEST,3842,400,6345.11,840,104,1662.55
2026-06-11,BRGR,NORTHEAST,3160,340,5723.1,765,87,1363.58
2026-06-11,BRGR,SOUTHEAST,3424,347,5496.12,655,84,1400.94
2026-06-11,BRGR,MIDWEST,2993,289,4897.26,678,78,1271.74
2026-06-11,BRGR,WEST,4183,451,7623.04,893,92,1439.33
2026-06-12,BRGR,NORTHEAST,3749,419,7027.93,858,98,1494.15
2026-06-12,BRGR,SOUTHEAST,3310,345,5597.03,661,75,1176.95
2026-06-12,BRGR,MIDWEST,2952,275,4697.48,600,70,1047.85
2026-06-12,BRGR,WEST,4146,426,7548.08,752,73,1196.49
2026-06-13,BRGR,NORTHEAST,3761,340,5761.99,855,108,1732.58
2026-06-13,BRGR,SOUTHEAST,2989,267,4742.01,739,91,1426.45
2026-06-13,BRGR,MIDWEST,2847,285,4615.57,621,64,1007.93
2026-06-13,BRGR,WEST,4182,424,6931.76,996,126,1998.1
2026-06-14,BRGR,NORTHEAST,3285,358,6213.94,763,97,1490.79
2026-06-14,BRGR,SOUTHEAST,3197,315,5276.22,713,91,1421.11
2026-06-14,BRGR,MIDWEST,2945,299,5021.5,598,68,1141.93
2026-06-14,BRGR,WEST,4125,388,6392.3,810,87,1346.8
2026-06-15,BRGR,NORTHEAST,3379,351,6015.57,817,89,1433.04
2026-06-15,BRGR,SOUTHEAST,3116,335,5977.7,570,67,1067.46
2026-06-15,BRGR,MIDWEST,2909,289,4603.78,641,71,1118.2
2026-06-15,BRGR,WEST,3951,387,6905.41,799,88,1329.99
2026-06-16,BRGR,NORTHEAST,3571,394,6562.67,758,77,1253.5
2026-06-16,BRGR,SOUTHEAST,3124,327,5341.62,700,79,1178.41
2026-06-16,BRGR,MIDWEST,3053,287,4804.41,673,91,1476.82
2026-06-16,BRGR,WEST,4126,404,6700.2,893,110,1684.65
2026-06-17,BRGR,NORTHEAST,3672,434,7023.2,697,76,1203.43
2026-06-17,BRGR,SOUTHEAST,3510,364,6281.96,694,79,1269.17
2026-06-17,BRGR,MIDWEST,2758,283,4678.05,667,67,985.6
2026-06-17,BRGR,WEST,4233,428,7121.9,1087,134,2172.68
2026-06-18,BRGR,NORTHEAST,3485,359,6038.95,809,103,1689.55
2026-06-18,BRGR,SOUTHEAST,3338,320,5239.01,810,94,1469.79
2026-06-18,BRGR,MIDWEST,2933,297,4891.0,652,79,1278.8
2026-06-18,BRGR,WEST,3801,367,6183.64,834,96,1529.44
2026-06-19,BRGR,NORTHEAST,3375,292,4746.61,832,95,1588.93
2026-06-19,BRGR,SOUTHEAST,3247,326,5497.37,722,94,1459.28
2026-06-19,BRGR,MIDWEST,2760,269,4661.07,635,68,1108.34
2026-06-19,BRGR,WEST,4196,412,7013.68,866,110,1670.89
2026-06-20,BRGR,NORTHEAST,3552,348,5639.49,830,100,1533.57
2026-06-20,BRGR,SOUTHEAST,3548,362,6091.85,705,80,1316.15
2026-06-20,BRGR,MIDWEST,2735,263,4279.49,598,71,1100.53
2026-06-20,BRGR,WEST,4284,398,6560.89,921,97,1403.4
2026-06-21,BRGR,NORTHEAST,3480,348,5640.52,858,83,1336.99
2026-06-21,BRGR,SOUTHEAST,3576,379,6507.09,735,81,1341.22
2026-06-21,BRGR,MIDWEST,2830,294,4765.48,693,80,1157.58
2026-06-21,BRGR,WEST,3934,408,6903.49,952,120,1892.48
2026-06-22,BRGR,NORTHEAST,3459,365,6473.49,823,105,1656.69
2026-06-22,BRGR,SOUTHEAST,2996,284,4607.68,832,96,1484.45
2026-06-22,BRGR,MIDWEST,2896,314,5225.67,637,75,1146.4
2026-06-22,BRGR,WEST,4057,430,7209.89,898,103,1546.66
2026-06-23,BRGR,NORTHEAST,3880,443,7386.46,711,76,1144.99
2026-06-23,BRGR,SOUTHEAST,2933,291,4820.13,728,90,1434.29
2026-06-23,BRGR,MIDWEST,2736,280,4494.38,662,70,1129.99
2026-06-23,BRGR,WEST,3903,376,6323.07,972,113,1871.77
2026-06-24,BRGR,NORTHEAST,3408,348,6097.37,858,80,1325.97
2026-06-24,BRGR,SOUTHEAST,3204,332,5584.45,810,101,1616.16
2026-06-24,BRGR,MIDWEST,2991,275,4463.88,679,87,1337.6
2026-06-24,BRGR,WEST,3887,404,6619.1,845,81,1326.48
2026-06-25,BRGR,NORTHEAST,3392,345,5842.67,794,94,1358.41
2026-06-25,BRGR,SOUTHEAST,3218,301,5044.73,789,91,1482.2
2026-06-25,BRGR,MIDWEST,2784,253,4063.62,745,78,1216.63
2026-06-25,BRGR,WEST,4026,397,6423.51,788,96,1495.36
2026-06-26,BRGR,NORTHEAST,3302,316,5270.93,731,84,1335.88
2026-06-26,BRGR,SOUTHEAST,3309,330,5326.12,679,76,1181.22
2026-06-26,BRGR,MIDWEST,3096,303,5105.18,697,68,1114.33
2026-06-26,BRGR,WEST,3862,351,5912.96,1049,118,1852.56
2026-06-27,BRGR,NORTHEAST,3477,336,5791.29,879,103,1676.11
2026-06-27,BRGR,SOUTHEAST,2759,277,4687.22,800,80,1229.93
2026-06-27,BRGR,MIDWEST,2971,302,5102.98,634,73,1235.65
2026-06-27,BRGR,WEST,3960,425,7260.7,1024,110,1699.67
2026-06-28,BRGR,NORTHEAST,3471,368,6355.58,805,82,1308.75
2026-06-28,BRGR,SOUTHEAST,3444,347,5889.03,821,98,1539.7
2026-06-28,BRGR,MIDWEST,2942,304,5041.36,797,83,1294.22
2026-06-28,BRGR,WEST,3785,399,6864.47,909,104,1617.31
2026-06-29,BRGR,NORTHEAST,3347,315,5305.13,924,99,1567.27
2026-06-29,BRGR,SOUTHEAST,3365,361,6068.53,744,74,1175.95
2026-06-29,BRGR,MIDWEST,2829,270,4411.22,676,78,1266.24
2026-06-29,BRGR,WEST,3791,417,7241.94,954,111,1868.22
2026-06-30,BRGR,NORTHEAST,3430,327,5346.82,819,98,1547.86
2026-06-30,BRGR,SOUTHEAST,3250,323,5352.26,898,101,1544.79
2026-06-30,BRGR,MIDWEST,2679,254,4262.02,722,84,1311.44
2026-06-30,BRGR,WEST,4039,411,6598.21,1011,119,1865.5
2026-07-01,BRGR,NORTHEAST,3790,376,6125.51,964,125,1894.87
2026-07-01,BRGR,SOUTHEAST,3224,336,5694.02,873,110,1616.99
2026-07-01,BRGR,MIDWEST,2975,266,4305.34,656,77,1149.11
2026-07-01,BRGR,WEST,3975,358,6313.8,945,107,1625.16
2026-07-02,BRGR,NORTHEAST,3492,372,6240.15,819,89,1411.56
2026-07-02,BRGR,SOUTHEAST,3517,345,5820.64,880,119,1939.78
2026-07-02,BRGR,MIDWEST,2723,253,4430.21,746,72,1117.24
2026-07-02,BRGR,WEST,3864,374,6347.37,1046,132,1932.9
2026-07-03,BRGR,NORTHEAST,3648,355,5733.18,969,99,1478.67
2026-07-03,BRGR,SOUTHEAST,3496,353,6032.24,904,92,1545.53
2026-07-03,BRGR,MIDWEST,2891,294,5025.38,764,84,1338.34
2026-07-03,BRGR,WEST,3988,419,6512.71,1113,117,2025.39
2026-07-04,BRGR,NORTHEAST,3684,401,6644.56,1042,123,1981.25
2026-07-04,BRGR,SOUTHEAST,3312,278,4424.01,717,82,1294.23
2026-07-04,BRGR,MIDWEST,2997,302,5217.18,691,81,1259.4
2026-07-04,BRGR,WEST,3726,328,5453.24,932,101,1548.85
2026-07-05,BRGR,NORTHEAST,3397,391,6523.52,823,92,1463.37
2026-07-05,BRGR,SOUTHEAST,2995,313,5074.19,862,94,1447.29
2026-07-05,BRGR,MIDWEST,3340,316,5018.52,703,73,1214.55
2026-07-05,BRGR,WEST,4035,368,6446.12,990,100,1661.86
2026-07-06,BRGR,NORTHEAST,3707,341,5480.93,911,98,1582.36
2026-07-06,BRGR,SOUTHEAST,3275,298,4792.04,814,102,1574.02
2026-07-06,BRGR,MIDWEST,2957,278,4694.27,704,82,1260.0
2026-07-06,BRGR,WEST,3796,416,7110.08,911,113,1779.03
2026-07-07,BRGR,NORTHEAST,3832,344,5706.96,895,95,1441.59
2026-07-07,BRGR,SOUTHEAST,3545,347,5709.09,722,89,1479.07
2026-07-07,BRGR,MIDWEST,2844,255,4316.51,742,74,1275.17
2026-07-07,BRGR,WEST,4092,376,6107.85,1087,135,2195.23
2026-07-08,BRGR,NORTHEAST,3685,352,6238.48,915,106,1707.6
2026-07-08,BRGR,SOUTHEAST,3189,327,5711.6,691,77,1290.68
2026-07-08,BRGR,MIDWEST,3082,294,4995.15,762,88,1359.16
2026-07-08,BRGR,WEST,4159,438,7651.8,1055,122,2019.4
2026-07-09,BRGR,NORTHEAST,4205,407,6759.81,1080,112,1596.11
2026-07-09,BRGR,SOUTHEAST,3403,362,6283.54,921,114,1768.78
2026-07-09,BRGR,MIDWEST,3035,280,4447.04,743,76,1154.38
2026-07-09,BRGR,WEST,3832,366,6137.65,954,103,1634.89
2026-07-10,BRGR,NORTHEAST,3629,366,6237.29,968,114,1867.99
2026-07-10,BRGR,SOUTHEAST,3237,320,5196.28,872,107,1659.55
2026-07-10,BRGR,MIDWEST,3071,291,5016.98,864,100,1568.78
2026-07-10,BRGR,WEST,4050,387,6274.94,1134,109,1799.53
2026-07-11,BRGR,NORTHEAST,3458,357,5865.12,1098,120,1734.28
2026-07-11,BRGR,SOUTHEAST,3719,364,6049.76,860,95,1534.3
2026-07-11,BRGR,MIDWEST,2768,306,5000.38,805,102,1600.65
2026-07-11,BRGR,WEST,4133,391,6314.94,983,122,2018.16
2026-07-12,BRGR,NORTHEAST,3432,356,5766.31,976,117,1709.06
2026-07-12,BRGR,SOUTHEAST,3339,320,5090.89,913,106,1712.37
2026-07-12,BRGR,MIDWEST,2836,265,4242.29,754,78,1221.88
2026-07-12,BRGR,WEST,4034,412,6956.91,1080,120,1978.59
2026-07-13,BRGR,NORTHEAST,3808,360,5908.45,889,99,1536.48
2026-07-13,BRGR,SOUTHEAST,3555,375,5981.74,924,103,1517.89
2026-07-13,BRGR,MIDWEST,2911,271,4565.92,805,87,1457.97
2026-07-13,BRGR,WEST,3980,369,5836.52,1254,133,2118.57
2026-07-14,BRGR,NORTHEAST,3644,373,5961.69,778,89,1328.75
2026-07-14,BRGR,SOUTHEAST,3186,348,5694.34,921,95,1690.45
2026-07-14,BRGR,MIDWEST,2817,280,4643.97,737,91,1428.43
2026-07-14,BRGR,WEST,3763,353,5823.02,1074,123,1884.35
2026-07-15,BRGR,NORTHEAST,3492,381,6284.31,1081,118,1892.63
2026-07-15,BRGR,SOUTHEAST,3120,265,4331.53,937,117,1928.26
2026-07-15,BRGR,MIDWEST,2782,263,4219.67,793,95,1523.25
2026-07-15,BRGR,WEST,3783,374,6231.57,1108,123,1962.94
2026-07-16,BRGR,NORTHEAST,3445,315,4827.58,993,114,1725.0
2026-07-16,BRGR,SOUTHEAST,3474,360,6301.74,871,96,1546.87
2026-07-16,BRGR,MIDWEST,3002,317,5114.24,772,73,1141.69
2026-07-16,BRGR,WEST,4127,416,7414.3,1138,124,1909.6
2026-07-17,BRGR,NORTHEAST,3634,387,6185.39,908,104,1618.38
2026-07-17,BRGR,SOUTHEAST,3375,317,5277.91,886,102,1710.08
2026-07-17,BRGR,MIDWEST,2679,231,3672.55,769,88,1425.4
2026-07-17,BRGR,WEST,4008,390,6139.42,1025,120,1809.43
2026-07-18,BRGR,NORTHEAST,3497,328,5545.7,920,90,1402.77
2026-07-18,BRGR,SOUTHEAST,3180,322,5264.54,875,95,1473.67
2026-07-18,BRGR,MIDWEST,3173,258,4374.83,741,84,1253.63
2026-07-18,BRGR,WEST,3984,365,6178.19,1212,123,1822.76
2026-07-19,BRGR,NORTHEAST,3796,410,6812.1,827,82,1345.15
2026-07-19,BRGR,SOUTHEAST,3517,336,5360.32,982,99,1521.43
2026-07-19,BRGR,MIDWEST,2776,257,4344.08,734,84,1392.35
2026-07-19,BRGR,WEST,4164,434,7142.5,943,108,1734.42
2026-07-20,BRGR,NORTHEAST,3639,342,5766.11,918,111,1886.36
2026-07-20,BRGR,SOUTHEAST,3251,314,5327.0,944,112,1790.16
2026-07-20,BRGR,MIDWEST,2829,299,4789.79,877,92,1494.14
2026-07-20,BRGR,WEST,3755,327,5275.24,1016,128,1974.56
2026-07-21,BRGR,NORTHEAST,3458,312,5193.79,1006,119,1835.48
2026-07-21,BRGR,SOUTHEAST,3029,290,4949.75,962,100,1555.1
2026-07-21,BRGR,MIDWEST,2917,270,4303.59,819,90,1443.91
2026-07-21,BRGR,WEST,4114,383,6156.24,1040,125,1992.12
2026-07-22,BRGR,NORTHEAST,3727,350,5955.65,974,105,1657.44
2026-07-22,BRGR,SOUTHEAST,3208,303,5055.46,984,105,1551.24
2026-07-22,BRGR,MIDWEST,2930,313,5383.61,733,86,1426.44
2026-07-22,BRGR,WEST,4126,440,7512.71,863,102,1572.8
2026-07-23,BRGR,NORTHEAST,3419,294,4695.59,990,122,2026.16
2026-07-23,BRGR,SOUTHEAST,3338,344,5658.03,855,112,1809.74
2026-07-23,BRGR,MIDWEST,2819,283,4596.88,922,93,1447.09
2026-07-23,BRGR,WEST,3910,370,5929.03,1202,143,2275.1
2026-07-24,BRGR,NORTHEAST,3694,344,5893.56,979,101,1595.98
2026-07-24,BRGR,SOUTHEAST,3198,313,5319.71,1052,106,1579.54
2026-07-24,BRGR,MIDWEST,2914,302,5183.65,816,91,1426.72
2026-07-24,BRGR,WEST,4310,409,6874.63,1021,125,1971.64
2026-07-25,BRGR,NORTHEAST,3549,334,5551.12,1264,151,2464.71
2026-07-25,BRGR,SOUTHEAST,3114,273,4261.02,889,103,1647.08
2026-07-25,BRGR,MIDWEST,2668,266,4363.98,906,101,1609.51
2026-07-25,BRGR,WEST,3814,351,5861.46,1195,144,2225.5
2026-07-26,BRGR,NORTHEAST,3375,332,5753.69,1003,110,1724.13
2026-07-26,BRGR,SOUTHEAST,3296,334,5421.36,973,124,2014.55
2026-07-26,BRGR,MIDWEST,2771,243,4054.08,926,113,1893.56
2026-07-26,BRGR,WEST,3892,375,6109.57,1201,135,2081.43
2026-07-27,BRGR,NORTHEAST,3536,351,6010.4,1118,152,2486.41
2026-07-27,BRGR,SOUTHEAST,3098,317,5154.63,865,105,1628.22
2026-07-27,BRGR,MIDWEST,2889,269,4471.4,727,89,1490.48
2026-07-27,BRGR,WEST,3924,406,6948.46,1271,163,2467.45
2026-07-28,BRGR,NORTHEAST,3759,358,6119.2,1039,139,2357.34
2026-07-28,BRGR,SOUTHEAST,3251,321,5398.95,975,120,1842.02
2026-07-28,BRGR,MIDWEST,2687,276,4656.28,819,89,1335.25
2026-07-28,BRGR,WEST,3921,338,5676.35,1194,130,2149.59
2026-07-29,BRGR,NORTHEAST,3748,364,5940.46,1010,107,1570.14
2026-07-29,BRGR,SOUTHEAST,3248,325,5171.91,984,110,1761.6
2026-07-29,BRGR,MIDWEST,2987,301,4926.42,900,99,1416.63
2026-07-29,BRGR,WEST,4365,418,6905.16,1293,153,2373.12
2026-07-30,BRGR,NORTHEAST,3638,354,5864.63,863,99,1521.1
2026-07-30,BRGR,SOUTHEAST,3069,293,5209.68,867,101,1512.07
2026-07-30,BRGR,MIDWEST,2646,247,4225.8,872,101,1691.87
2026-07-30,BRGR,WEST,4055,373,6036.76,1143,134,2097.83
2026-07-31,BRGR,NORTHEAST,3554,327,5316.37,968,103,1755.4
2026-07-31,BRGR,SOUTHEAST,3413,352,5888.92,955,116,1811.88
2026-07-31,BRGR,MIDWEST,3043,292,4985.75,803,105,1680.56
2026-07-31,BRGR,WEST,4091,372,6072.95,1245,123,2053.45
2026-08-01,BRGR,NORTHEAST,3491,351,5740.56,1073,123,2027.51
2026-08-01,BRGR,SOUTHEAST,3099,305,5122.21,1030,109,1738.63
2026-08-01,BRGR,MIDWEST,2772,257,4432.82,944,99,1570.16
2026-08-01,BRGR,WEST,3943,354,5824.26,1083,129,1968.26
2026-08-02,BRGR,NORTHEAST,3853,323,5469.29,1135,123,1812.38
2026-08-02,BRGR,SOUTHEAST,3266,287,4941.06,982,112,1780.24
2026-08-02,BRGR,MIDWEST,2985,283,4790.8,891,97,1609.42
2026-08-02,BRGR,WEST,4271,432,7227.35,1254,131,2002.67
2026-08-03,BRGR,NORTHEAST,3436,314,5362.52,1015,109,1632.74
2026-08-03,BRGR,SOUTHEAST,3122,266,4550.02,965,118,1971.01
2026-08-03,BRGR,MIDWEST,2941,284,4749.4,839,79,1259.4
2026-08-03,BRGR,WEST,3814,340,5558.19,1192,143,2178.53
2026-08-04,BRGR,NORTHEAST,3367,339,5736.31,1161,129,1934.37
2026-08-04,BRGR,SOUTHEAST,3446,350,5725.45,1015,125,2186.74
2026-08-04,BRGR,MIDWEST,3047,298,4929.57,843,95,1474.73
2026-08-04,BRGR,WEST,4080,390,6446.63,1107,127,1992.67
2026-08-05,BRGR,NORTHEAST,3668,327,5567.65,1090,143,2205.54
2026-08-05,BRGR,SOUTHEAST,3556,395,6581.5,1153,144,2174.49
2026-08-05,BRGR,MIDWEST,2805,282,4755.06,946,112,1886.59
2026-08-05,BRGR,WEST,3925,349,5720.67,1214,129,2054.52
2026-08-06,BRGR,NORTHEAST,3572,333,5546.86,1078,133,2126.81
2026-08-06,BRGR,SOUTHEAST,3372,292,4888.81,963,93,1604.21
2026-08-06,BRGR,MIDWEST,2699,268,4582.69,971,107,1534.46
2026-08-06,BRGR,WEST,4095,386,6572.07,1208,153,2478.93
2026-08-07,BRGR,NORTHEAST,3548,384,6305.87,925,107,1737.45
2026-08-07,BRGR,SOUTHEAST,3343,307,5123.45,940,104,1704.79
2026-08-07,BRGR,MIDWEST,2815,278,4616.17,901,101,1677.27
2026-08-07,BRGR,WEST,3996,361,6056.02,1346,158,2402.57
2026-08-08,BRGR,NORTHEAST,3476,309,5364.81,1140,140,2293.69
2026-08-08,BRGR,SOUTHEAST,3195,322,5356.1,1036,99,1577.34
2026-08-08,BRGR,MIDWEST,2825,254,4271.69,805,90,1284.51
2026-08-08,BRGR,WEST,3915,354,6200.76,1248,149,2088.37
2026-08-09,BRGR,NORTHEAST,3519,308,5331.2,1209,139,2219.15
2026-08-09,BRGR,SOUTHEAST,3252,305,5174.91,1057,119,1830.44
2026-08-09,BRGR,MIDWEST,3107,284,4638.24,1064,122,1927.22
2026-08-09,BRGR,WEST,3690,326,5650.6,1205,150,2280.5
2026-08-10,BRGR,NORTHEAST,3749,356,5869.26,974,123,1972.28
2026-08-10,BRGR,SOUTHEAST,3244,322,5221.96,1137,139,2260.64
2026-08-10,BRGR,MIDWEST,2978,270,4495.91,942,104,1745.18
2026-08-10,BRGR,WEST,4140,424,6770.33,1405,155,2399.01
2026-08-11,BRGR,NORTHEAST,3564,365,6184.63,1181,147,2440.13
2026-08-11,BRGR,SOUTHEAST,3441,343,5789.33,1072,110,1741.3
2026-08-11,BRGR,MIDWEST,2577,242,4055.24,860,94,1570.22
2026-08-11,BRGR,WEST,3905,369,6509.9,1289,159,2569.64
2026-08-12,BRGR,NORTHEAST,3713,373,6189.92,1215,134,2095.1
2026-08-12,BRGR,SOUTHEAST,3347,303,4668.38,1011,127,1945.8
2026-08-12,BRGR,MIDWEST,2967,272,4341.42,891,83,1385.58
2026-08-12,BRGR,WEST,3884,372,6205.91,1107,122,2030.33
2026-08-13,BRGR,NORTHEAST,3741,342,5579.48,1138,116,1863.25
2026-08-13,BRGR,SOUTHEAST,2973,266,4536.1,1030,111,1772.7
2026-08-13,BRGR,MIDWEST,2838,269,4628.59,908,89,1442.9
2026-08-13,BRGR,WEST,3797,379,6500.13,1258,148,2217.25
2026-08-14,BRGR,NORTHEAST,3286,301,5058.49,1274,137,2099.62
2026-08-14,BRGR,SOUTHEAST,3100,277,4634.12,919,111,1668.5
2026-08-14,BRGR,MIDWEST,3197,296,4950.59,800,93,1367.56
2026-08-14,BRGR,WEST,4119,370,6212.36,1317,161,2689.93
2026-08-15,BRGR,NORTHEAST,3796,370,6047.38,1053,127,2040.67
2026-08-15,BRGR,SOUTHEAST,3153,293,5020.99,1116,121,1820.66
2026-08-15,BRGR,MIDWEST,2605,236,3902.03,829,102,1744.43
2026-08-15,BRGR,WEST,3806,371,6154.69,1330,154,2430.07
2026-08-16,BRGR,NORTHEAST,3764,365,6014.48,1208,131,2077.91
2026-08-16,BRGR,SOUTHEAST,3334,319,5078.85,1096,113,1810.96
2026-08-16,BRGR,MIDWEST,2978,253,4084.43,991,116,1686.76
2026-08-16,BRGR,WEST,4144,372,5990.06,1306,141,2248.69
2026-08-17,BRGR,NORTHEAST,3644,388,6641.0,1193,137,2205.47
2026-08-17,BRGR,SOUTHEAST,3316,297,5029.89,995,108,1714.35
2026-08-17,BRGR,MIDWEST,3022,295,4487.82,1025,117,1867.75
2026-08-17,BRGR,WEST,4241,378,6104.59,1085,112,1837.03
2026-08-18,BRGR,NORTHEAST,3453,301,5075.98,1080,116,1775.82
2026-08-18,BRGR,SOUTHEAST,3299,294,4819.95,1040,101,1588.16
2026-08-18,BRGR,MIDWEST,2618,225,3704.44,946,105,1737.67
2026-08-18,BRGR,WEST,3972,381,6247.2,1222,157,2329.06
2026-08-19,BRGR,NORTHEAST,3796,336,5698.5,1056,125,1998.81
2026-08-19,BRGR,SOUTHEAST,2894,258,4370.29,1144,133,2057.95
2026-08-19,BRGR,MIDWEST,2864,245,3953.75,958,109,1769.78
2026-08-19,BRGR,WEST,3983,381,6329.69,1357,184,2801.53
2026-08-20,BRGR,NORTHEAST,3615,325,5494.52,1227,131,2082.86
2026-08-20,BRGR,SOUTHEAST,3267,300,5051.72,1183,141,2214.95
2026-08-20,BRGR,MIDWEST,2910,301,4931.2,1032,111,1657.03
2026-08-20,BRGR,WEST,3822,361,5977.96,1233,132,2011.13
2026-08-21,BRGR,NORTHEAST,3408,304,4693.65,1232,143,2283.31
2026-08-21,BRGR,SOUTHEAST,3380,302,5024.77,852,98,1536.68
2026-08-21,BRGR,MIDWEST,2961,287,4763.35,857,100,1640.92
2026-08-21,BRGR,WEST,4130,370,5994.5,1281,134,1940.55
2026-08-22,BRGR,NORTHEAST,3656,346,5874.38,1114,126,1905.19
2026-08-22,BRGR,SOUTHEAST,2996,284,4474.06,1046,141,2337.97
2026-08-22,BRGR,MIDWEST,2967,283,4691.74,911,120,1886.69
2026-08-22,BRGR,WEST,3836,368,6113.94,1450,157,2401.72
2026-08-23,BRGR,NORTHEAST,3522,355,6081.03,1227,141,2260.55
2026-08-23,BRGR,SOUTHEAST,3081,293,4806.69,1102,126,2019.21
2026-08-23,BRGR,MIDWEST,2812,274,4615.82,904,107,1669.14
2026-08-23,BRGR,WEST,4031,391,6418.77,1321,151,2405.38
2026-08-24,BRGR,NORTHEAST,3957,372,5998.09,1221,133,2315.91
2026-08-24,BRGR,SOUTHEAST,3138,270,4607.89,1045,115,1817.56
2026-08-24,BRGR,MIDWEST,2784,250,3906.77,961,115,1962.27
2026-08-24,BRGR,WEST,3973,385,6275.11,1485,200,3207.59
2026-08-25,BRGR,NORTHEAST,3542,328,5713.59,1100,138,2110.28
2026-08-25,BRGR,SOUTHEAST,3111,291,4956.61,1180,150,2276.08
2026-08-25,BRGR,MIDWEST,2893,279,4693.81,1061,122,1911.35
2026-08-25,BRGR,WEST,3530,290,4946.73,1220,143,2327.75
2026-08-26,BRGR,NORTHEAST,3583,350,5724.3,1281,145,2169.42
2026-08-26,BRGR,SOUTHEAST,2924,266,4656.25,1202,142,2334.46
2026-08-26,BRGR,MIDWEST,3010,273,4734.38,999,110,2006.08
2026-08-26,BRGR,WEST,4093,374,6387.26,1218,126,2150.07
2026-08-27,BRGR,NORTHEAST,3714,320,5078.81,1219,128,2134.13
2026-08-27,BRGR,SOUTHEAST,2932,289,4672.79,996,114,1717.03
2026-08-27,BRGR,MIDWEST,2795,248,3836.35,889,104,1513.66
2026-08-27,BRGR,WEST,3687,320,5473.75,1447,184,2809.3
2026-08-28,BRGR,NORTHEAST,3740,347,5563.92,1282,146,2250.97
2026-08-28,BRGR,SOUTHEAST,3060,253,4280.67,1147,127,1990.46
2026-08-28,BRGR,MIDWEST,2789,267,4474.03,844,97,1562.56
2026-08-28,BRGR,WEST,3834,341,5581.97,1422,157,2479.95
2026-08-29,BRGR,NORTHEAST,3609,361,5735.99,1467,151,2370.51
2026-08-29,BRGR,SOUTHEAST,3104,286,4844.81,1321,165,2540.42
2026-08-29,BRGR,MIDWEST,2907,268,4374.04,1037,120,1877.9
2026-08-29,BRGR,WEST,3818,364,6047.62,1491,182,2739.67
2026-08-30,BRGR,NORTHEAST,3218,295,4811.65,1140,122,2051.73
2026-08-30,BRGR,SOUTHEAST,3200,326,5554.96,963,114,1909.63
2026-08-30,BRGR,MIDWEST,2620,221,3674.24,951,123,1884.22
2026-08-30,BRGR,WEST,4293,359,5834.94,1404,167,2660.31
2026-03-02,CAFE,NORTHEAST,3551,641,9781.05,223,20,295.81
2026-03-02,CAFE,SOUTHEAST,3177,529,8530.31,160,17,238.09
2026-03-02,CAFE,MIDWEST,2849,462,7312.13,171,16,218.02
2026-03-02,CAFE,WEST,4087,717,10512.45,219,22,341.29
2026-03-03,CAFE,NORTHEAST,3333,550,8582.64,206,25,381.33
2026-03-03,CAFE,SOUTHEAST,2970,516,7675.95,206,26,407.64
2026-03-03,CAFE,MIDWEST,3170,569,9152.39,177,21,328.67
2026-03-03,CAFE,WEST,3984,757,11265.79,198,21,330.53
2026-03-04,CAFE,NORTHEAST,3521,573,8598.03,219,25,383.26
2026-03-04,CAFE,SOUTHEAST,3159,570,8552.81,198,28,410.43
2026-03-04,CAFE,MIDWEST,2837,514,7679.87,163,17,263.82
2026-03-04,CAFE,WEST,3656,680,10510.67,236,26,390.05
2026-03-05,CAFE,NORTHEAST,3155,581,8715.8,232,26,380.64
2026-03-05,CAFE,SOUTHEAST,3293,621,9529.66,187,22,292.49
2026-03-05,CAFE,MIDWEST,2732,440,6697.59,155,18,273.66
2026-03-05,CAFE,WEST,3953,677,10326.22,227,28,432.94
2026-03-06,CAFE,NORTHEAST,3837,650,10088.44,230,25,374.27
2026-03-06,CAFE,SOUTHEAST,2951,469,7015.78,182,21,321.13
2026-03-06,CAFE,MIDWEST,2913,490,7780.54,192,22,331.52
2026-03-06,CAFE,WEST,4230,672,9832.62,220,27,405.69
2026-03-07,CAFE,NORTHEAST,3464,509,7786.64,211,20,307.03
2026-03-07,CAFE,SOUTHEAST,3217,596,9166.74,216,23,349.68
2026-03-07,CAFE,MIDWEST,2798,496,7680.51,167,19,282.75
2026-03-07,CAFE,WEST,3789,643,10181.67,277,31,424.45
2026-03-08,CAFE,NORTHEAST,3704,703,10747.17,219,25,379.41
2026-03-08,CAFE,SOUTHEAST,3355,552,8942.95,227,23,364.76
2026-03-08,CAFE,MIDWEST,2838,505,7867.49,189,22,319.66
2026-03-08,CAFE,WEST,3784,638,9735.42,267,31,425.07
2026-03-09,CAFE,NORTHEAST,3720,634,10012.37,254,29,445.81
2026-03-09,CAFE,SOUTHEAST,2984,557,9079.22,228,25,377.38
2026-03-09,CAFE,MIDWEST,2809,527,8009.44,175,18,266.6
2026-03-09,CAFE,WEST,4071,694,10778.82,258,32,479.77
2026-03-10,CAFE,NORTHEAST,3612,675,10497.64,237,26,408.35
2026-03-10,CAFE,SOUTHEAST,3277,534,8518.53,197,18,263.36
2026-03-10,CAFE,MIDWEST,2589,437,6742.39,194,21,297.41
2026-03-10,CAFE,WEST,4112,620,9759.39,278,31,471.93
2026-03-11,CAFE,NORTHEAST,3295,596,9313.23,276,26,390.58
2026-03-11,CAFE,SOUTHEAST,3194,470,7166.31,229,24,365.25
2026-03-11,CAFE,MIDWEST,2938,488,7435.6,215,22,338.88
2026-03-11,CAFE,WEST,4189,714,11110.72,279,34,468.64
2026-03-12,CAFE,NORTHEAST,3267,528,7988.85,279,35,531.11
2026-03-12,CAFE,SOUTHEAST,3414,568,8605.53,204,25,382.41
2026-03-12,CAFE,MIDWEST,2850,447,6667.33,215,24,375.99
2026-03-12,CAFE,WEST,3963,647,9608.02,284,36,581.39
2026-03-13,CAFE,NORTHEAST,3438,603,9088.54,270,23,341.17
2026-03-13,CAFE,SOUTHEAST,2921,541,8227.19,247,28,392.08
2026-03-13,CAFE,MIDWEST,2943,534,8268.51,221,27,411.96
2026-03-13,CAFE,WEST,3902,600,8994.68,273,33,511.39
2026-03-14,CAFE,NORTHEAST,3574,645,9214.24,277,28,435.89
2026-03-14,CAFE,SOUTHEAST,3416,621,9797.44,266,34,500.58
2026-03-14,CAFE,MIDWEST,3084,516,7629.38,227,27,411.95
2026-03-14,CAFE,WEST,3811,675,10336.01,357,42,630.35
2026-03-15,CAFE,NORTHEAST,3490,617,10001.14,262,29,397.42
2026-03-15,CAFE,SOUTHEAST,3211,601,8935.54,242,26,379.14
2026-03-15,CAFE,MIDWEST,2751,459,6836.8,225,27,420.6
2026-03-15,CAFE,WEST,3567,656,10321.41,332,35,507.28
2026-03-16,CAFE,NORTHEAST,3695,695,10406.17,289,34,496.19
2026-03-16,CAFE,SOUTHEAST,3273,541,8649.37,222,26,374.48
2026-03-16,CAFE,MIDWEST,2850,459,6441.02,254,30,458.52
2026-03-16,CAFE,WEST,3927,682,10405.98,314,40,573.37
2026-03-17,CAFE,NORTHEAST,3424,648,9850.73,294,33,500.92
2026-03-17,CAFE,SOUTHEAST,3323,570,8541.78,241,27,437.96
2026-03-17,CAFE,MIDWEST,2609,442,6907.15,221,25,377.32
2026-03-17,CAFE,WEST,4090,765,11686.89,326,38,570.95
2026-03-18,CAFE,NORTHEAST,3578,531,8213.82,270,29,445.72
2026-03-18,CAFE,SOUTHEAST,3307,547,8315.66,259,27,423.33
2026-03-18,CAFE,MIDWEST,3104,522,8420.93,250,26,397.68
2026-03-18,CAFE,WEST,4059,696,10255.62,308,28,422.2
2026-03-19,CAFE,NORTHEAST,3519,558,8269.72,332,33,503.36
2026-03-19,CAFE,SOUTHEAST,3230,589,8624.3,272,34,498.07
2026-03-19,CAFE,MIDWEST,2656,398,6006.34,259,33,488.38
2026-03-19,CAFE,WEST,4100,738,11560.73,308,37,524.48
2026-03-20,CAFE,NORTHEAST,3591,638,10143.71,303,37,588.03
2026-03-20,CAFE,SOUTHEAST,3370,571,8873.16,276,31,479.71
2026-03-20,CAFE,MIDWEST,3015,513,8074.67,250,29,409.58
2026-03-20,CAFE,WEST,4007,676,10514.39,364,44,667.41
2026-03-21,CAFE,NORTHEAST,3486,536,8158.65,312,36,560.87
2026-03-21,CAFE,SOUTHEAST,3264,601,9151.82,257,31,441.04
2026-03-21,CAFE,MIDWEST,2638,433,6737.37,271,31,472.81
2026-03-21,CAFE,WEST,3927,602,8977.59,298,33,452.32
2026-03-22,CAFE,NORTHEAST,3321,535,8462.77,331,36,543.09
2026-03-22,CAFE,SOUTHEAST,3174,625,9146.61,240,23,321.75
2026-03-22,CAFE,MIDWEST,2805,501,7653.93,248,28,412.77
2026-03-22,CAFE,WEST,3743,656,10075.25,355,42,630.83
2026-03-23,CAFE,NORTHEAST,3700,593,9237.03,283,26,387.14
2026-03-23,CAFE,SOUTHEAST,3268,567,8805.0,309,30,432.86
2026-03-23,CAFE,MIDWEST,2814,452,7010.76,269,31,460.42
2026-03-23,CAFE,WEST,4358,738,11354.4,388,50,711.52
2026-03-24,CAFE,NORTHEAST,3386,616,9788.82,350,39,585.73
2026-03-24,CAFE,SOUTHEAST,2984,469,7547.31,266,30,448.8
2026-03-24,CAFE,MIDWEST,2892,457,6899.39,274,30,469.79
2026-03-24,CAFE,WEST,3890,726,11154.29,396,46,682.47
2026-03-25,CAFE,NORTHEAST,3324,579,8918.99,343,37,525.82
2026-03-25,CAFE,SOUTHEAST,3050,510,8050.78,292,30,427.58
2026-03-25,CAFE,MIDWEST,2683,408,6194.36,252,27,436.16
2026-03-25,CAFE,WEST,4089,746,11469.87,374,39,541.36
2026-03-26,CAFE,NORTHEAST,3280,540,8403.94,399,45,617.86
2026-03-26,CAFE,SOUTHEAST,3140,544,8069.01,294,34,508.73
2026-03-26,CAFE,MIDWEST,2906,491,7536.4,301,36,540.69
2026-03-26,CAFE,WEST,4017,675,10352.27,386,44,718.75
2026-03-27,CAFE,NORTHEAST,3607,623,10183.95,322,37,569.09
2026-03-27,CAFE,SOUTHEAST,3244,546,8204.92,313,33,514.74
2026-03-27,CAFE,MIDWEST,2934,487,7750.6,256,27,410.97
2026-03-27,CAFE,WEST,3979,627,9443.4,375,40,600.83
2026-03-28,CAFE,NORTHEAST,3549,616,9462.88,363,40,595.08
2026-03-28,CAFE,SOUTHEAST,3265,573,8915.55,308,35,538.24
2026-03-28,CAFE,MIDWEST,2818,477,7682.61,296,35,504.11
2026-03-28,CAFE,WEST,3754,644,10517.81,334,33,496.08
2026-03-29,CAFE,NORTHEAST,3611,574,9063.04,364,40,583.2
2026-03-29,CAFE,SOUTHEAST,3125,536,8073.21,294,31,470.28
2026-03-29,CAFE,MIDWEST,3007,488,7279.76,293,36,523.39
2026-03-29,CAFE,WEST,4207,677,10839.65,415,41,614.68
2026-03-30,CAFE,NORTHEAST,3527,588,8849.67,365,39,581.16
2026-03-30,CAFE,SOUTHEAST,3373,613,9732.92,350,41,599.4
2026-03-30,CAFE,MIDWEST,2698,481,7304.35,295,30,448.98
2026-03-30,CAFE,WEST,4183,701,11058.14,396,45,657.43
2026-03-31,CAFE,NORTHEAST,3107,534,8326.24,387,50,756.39
2026-03-31,CAFE,SOUTHEAST,3280,531,8859.03,298,33,474.79
2026-03-31,CAFE,MIDWEST,3001,515,8047.33,256,28,427.41
2026-03-31,CAFE,WEST,3828,598,9256.31,389,44,659.3
2026-04-01,CAFE,NORTHEAST,3398,570,9123.08,369,41,593.79
2026-04-01,CAFE,SOUTHEAST,3264,566,8492.76,342,44,606.27
2026-04-01,CAFE,MIDWEST,2994,530,7804.44,263,28,443.39
2026-04-01,CAFE,WEST,3804,641,9905.57,411,54,802.97
2026-04-02,CAFE,NORTHEAST,3365,576,9027.05,350,40,580.54
2026-04-02,CAFE,SOUTHEAST,3006,479,7540.92,339,33,508.56
2026-04-02,CAFE,MIDWEST,2810,391,5825.28,249,27,438.52
2026-04-02,CAFE,WEST,4313,736,11048.25,382,41,606.04
2026-04-03,CAFE,NORTHEAST,3786,638,10179.31,384,36,543.75
2026-04-03,CAFE,SOUTHEAST,3371,586,9312.35,324,36,531.63
2026-04-03,CAFE,MIDWEST,2904,505,7996.02,301,31,453.86
2026-04-03,CAFE,WEST,3888,637,9531.38,457,56,854.2
2026-04-04,CAFE,NORTHEAST,3705,642,9758.6,382,44,606.46
2026-04-04,CAFE,SOUTHEAST,3251,483,7836.71,372,40,592.12
2026-04-04,CAFE,MIDWEST,2784,510,8113.57,318,35,523.63
2026-04-04,CAFE,WEST,3980,668,10127.2,382,39,555.56
2026-04-05,CAFE,NORTHEAST,3286,522,8454.66,401,48,693.17
2026-04-05,CAFE,SOUTHEAST,3425,580,9141.14,392,46,730.81
2026-04-05,CAFE,MIDWEST,2728,450,7027.4,318,37,599.92
2026-04-05,CAFE,WEST,3872,661,10029.5,412,40,599.11
2026-04-06,CAFE,NORTHEAST,3816,643,10247.63,364,41,598.36
2026-04-06,CAFE,SOUTHEAST,3330,561,8774.87,408,42,621.77
2026-04-06,CAFE,MIDWEST,2911,470,7311.34,280,29,427.69
2026-04-06,CAFE,WEST,3578,677,10990.07,491,59,906.04
2026-04-07,CAFE,NORTHEAST,3522,583,8431.03,442,49,671.96
2026-04-07,CAFE,SOUTHEAST,3079,532,7790.97,355,33,482.81
2026-04-07,CAFE,MIDWEST,2842,408,6140.98,340,37,582.96
2026-04-07,CAFE,WEST,4088,731,10834.54,419,49,731.19
2026-04-08,CAFE,NORTHEAST,3471,573,8563.67,401,47,728.85
2026-04-08,CAFE,SOUTHEAST,3296,581,8951.69,391,48,677.33
2026-04-08,CAFE,MIDWEST,2989,518,8212.79,345,37,537.2
2026-04-08,CAFE,WEST,3929,560,8404.25,437,47,669.84
2026-04-09,CAFE,NORTHEAST,3375,555,8375.36,466,53,772.95
2026-04-09,CAFE,SOUTHEAST,3336,555,8522.14,415,50,737.54
2026-04-09,CAFE,MIDWEST,2667,430,6716.73,295,32,478.09
2026-04-09,CAFE,WEST,3632,650,9921.21,409,43,639.35
2026-04-10,CAFE,NORTHEAST,3801,646,9994.85,422,54,832.76
2026-04-10,CAFE,SOUTHEAST,2958,495,7748.73,380,44,673.86
2026-04-10,CAFE,MIDWEST,2727,490,7577.68,372,43,632.38
2026-04-10,CAFE,WEST,4179,715,11500.63,494,66,936.6
2026-04-11,CAFE,NORTHEAST,3581,572,8524.12,442,44,650.64
2026-04-11,CAFE,SOUTHEAST,3412,588,8910.28,384,46,717.73
2026-04-11,CAFE,MIDWEST,2817,474,7402.79,343,40,594.92
2026-04-11,CAFE,WEST,4173,674,10387.18,491,53,764.2
2026-04-12,CAFE,NORTHEAST,3562,545,8260.4,402,44,627.86
2026-04-12,CAFE,SOUTHEAST,3132,544,8674.54,422,45,668.76
2026-04-12,CAFE,MIDWEST,2677,461,7251.08,343,39,592.17
2026-04-12,CAFE,WEST,4059,656,9871.89,421,46,668.38
2026-04-13,CAFE,NORTHEAST,3562,613,9047.32,420,46,638.77
2026-04-13,CAFE,SOUTHEAST,3175,514,7984.94,422,50,732.89
2026-04-13,CAFE,MIDWEST,2882,486,7700.57,306,34,484.93
2026-04-13,CAFE,WEST,3937,696,10759.96,495,53,789.74
2026-04-14,CAFE,NORTHEAST,3601,565,8846.73,435,41,601.9
2026-04-14,CAFE,SOUTHEAST,3282,561,8647.95,405,48,722.49
2026-04-14,CAFE,MIDWEST,2597,414,6384.44,359,43,658.96
2026-04-14,CAFE,WEST,3943,642,10356.28,464,52,825.2
2026-04-15,CAFE,NORTHEAST,3668,632,9709.45,500,69,1032.29
2026-04-15,CAFE,SOUTHEAST,3170,564,9143.4,424,45,670.19
2026-04-15,CAFE,MIDWEST,2743,482,7375.77,381,43,659.88
2026-04-15,CAFE,WEST,3539,601,9295.97,515,52,803.34
2026-04-16,CAFE,NORTHEAST,3452,590,8945.51,457,50,689.53
2026-04-16,CAFE,SOUTHEAST,3108,557,8285.52,422,41,633.54
2026-04-16,CAFE,MIDWEST,2662,413,6334.24,387,39,578.04
2026-04-16,CAFE,WEST,4023,671,10088.64,528,65,1043.65
2026-04-17,CAFE,NORTHEAST,3787,569,9077.52,508,59,891.81
2026-04-17,CAFE,SOUTHEAST,3384,555,8242.88,415,49,713.82
2026-04-17,CAFE,MIDWEST,2764,427,6672.07,345,38,552.15
2026-04-17,CAFE,WEST,4173,736,12090.81,490,51,764.97
2026-04-18,CAFE,NORTHEAST,3331,539,8460.14,479,58,829.59
2026-04-18,CAFE,SOUTHEAST,3139,519,8183.98,466,58,857.06
2026-04-18,CAFE,MIDWEST,2755,448,6899.03,336,35,486.31
2026-04-18,CAFE,WEST,3981,672,10066.1,563,64,945.26
2026-04-19,CAFE,NORTHEAST,3685,626,9335.5,458,46,697.23
2026-04-19,CAFE,SOUTHEAST,3195,560,8445.25,394,49,740.39
2026-04-19,CAFE,MIDWEST,2654,469,7069.49,431,51,732.17
2026-04-19,CAFE,WEST,3881,640,9007.74,559,62,939.06
2026-04-20,CAFE,NORTHEAST,3081,534,8223.2,446,58,887.39
2026-04-20,CAFE,SOUTHEAST,3066,486,7615.27,501,59,857.11
2026-04-20,CAFE,MIDWEST,3105,499,7977.44,411,46,666.71
2026-04-20,CAFE,WEST,3819,635,10169.15,535,57,878.81
2026-04-21,CAFE,NORTHEAST,3749,627,10004.59,502,65,956.96
2026-04-21,CAFE,SOUTHEAST,3100,503,7769.85,451,49,707.54
2026-04-21,CAFE,MIDWEST,2676,431,6955.37,390,41,587.78
2026-04-21,CAFE,WEST,3780,624,9372.22,593,63,917.94
2026-04-22,CAFE,NORTHEAST,3821,633,10107.21,493,59,947.51
2026-04-22,CAFE,SOUTHEAST,3067,525,7823.23,449,48,714.31
2026-04-22,CAFE,MIDWEST,2687,391,6120.8,403,50,747.33
2026-04-22,CAFE,WEST,3943,622,9181.59,556,57,889.25
2026-04-23,CAFE,NORTHEAST,3815,653,10408.55,502,55,880.39
2026-04-23,CAFE,SOUTHEAST,3172,566,8503.0,470,57,782.3
2026-04-23,CAFE,MIDWEST,2642,420,6398.02,406,43,619.62
2026-04-23,CAFE,WEST,3723,580,9019.84,533,55,776.4
2026-04-24,CAFE,NORTHEAST,3425,514,7950.06,527,53,770.72
2026-04-24,CAFE,SOUTHEAST,3150,547,8224.29,448,46,659.95
2026-04-24,CAFE,MIDWEST,2758,546,8673.83,420,49,673.46
2026-04-24,CAFE,WEST,3732,646,9949.79,611,69,1043.91
2026-04-25,CAFE,NORTHEAST,3587,613,9539.99,562,61,892.63
2026-04-25,CAFE,SOUTHEAST,3101,514,8013.24,468,45,644.4
2026-04-25,CAFE,MIDWEST,2777,451,6814.73,402,49,736.7
2026-04-25,CAFE,WEST,4198,629,9376.07,512,63,949.82
2026-04-26,CAFE,NORTHEAST,3464,555,8617.38,578,74,1055.83
2026-04-26,CAFE,SOUTHEAST,3352,549,8850.69,568,67,1015.06
2026-04-26,CAFE,MIDWEST,2491,426,6233.0,399,48,668.2
2026-04-26,CAFE,WEST,4382,703,11065.4,551,66,949.45
2026-04-27,CAFE,NORTHEAST,3557,507,8031.66,558,62,896.03
2026-04-27,CAFE,SOUTHEAST,3036,480,7447.23,488,59,902.27
2026-04-27,CAFE,MIDWEST,2994,508,7894.91,417,52,742.81
2026-04-27,CAFE,WEST,3770,637,9383.74,568,57,806.14
2026-04-28,CAFE,NORTHEAST,4187,625,9902.73,510,53,728.62
2026-04-28,CAFE,SOUTHEAST,3307,535,8230.55,545,55,742.48
2026-04-28,CAFE,MIDWEST,2872,514,7945.56,476,59,879.2
2026-04-28,CAFE,WEST,3777,631,10042.43,613,70,1040.95
2026-04-29,CAFE,NORTHEAST,3569,620,9478.7,613,72,1067.18
2026-04-29,CAFE,SOUTHEAST,2931,423,6486.62,471,62,883.13
2026-04-29,CAFE,MIDWEST,2720,472,6823.97,436,44,582.31
2026-04-29,CAFE,WEST,3573,585,9003.92,582,61,901.64
2026-04-30,CAFE,NORTHEAST,3612,598,9640.57,588,62,882.76
2026-04-30,CAFE,SOUTHEAST,3054,508,8050.44,553,63,909.28
2026-04-30,CAFE,MIDWEST,2697,401,6488.22,424,46,727.83
2026-04-30,CAFE,WEST,3794,623,9698.31,512,52,861.47
2026-05-01,CAFE,NORTHEAST,3629,529,7991.36,548,65,955.29
2026-05-01,CAFE,SOUTHEAST,3021,499,7931.36,474,49,687.67
2026-05-01,CAFE,MIDWEST,2526,448,6963.44,439,50,780.66
2026-05-01,CAFE,WEST,3850,586,9304.02,497,55,844.55
2026-05-02,CAFE,NORTHEAST,3839,631,9686.15,553,61,900.95
2026-05-02,CAFE,SOUTHEAST,3433,583,9434.74,526,58,844.36
2026-05-02,CAFE,MIDWEST,3164,503,7985.93,413,49,710.89
2026-05-02,CAFE,WEST,3840,601,9048.13,623,79,1173.06
2026-05-03,CAFE,NORTHEAST,3410,577,8220.74,561,75,999.88
2026-05-03,CAFE,SOUTHEAST,3158,552,8970.17,559,61,961.62
2026-05-03,CAFE,MIDWEST,3080,498,7687.69,420,46,723.18
2026-05-03,CAFE,WEST,3697,654,10177.79,641,69,1052.85
2026-05-04,CAFE,NORTHEAST,3546,578,8478.04,573,63,961.25
2026-05-04,CAFE,SOUTHEAST,3233,531,8040.52,489,52,791.35
2026-05-04,CAFE,MIDWEST,2645,397,6163.47,509,59,865.58
2026-05-04,CAFE,WEST,4338,728,11012.33,636,78,1128.8
2026-05-05,CAFE,NORTHEAST,3707,597,9226.91,590,53,826.82
2026-05-05,CAFE,SOUTHEAST,3299,557,8600.94,507,63,932.65
2026-05-05,CAFE,MIDWEST,2969,437,7113.07,466,54,758.68
2026-05-05,CAFE,WEST,3733,627,8679.1,693,73,1040.9
2026-05-06,CAFE,NORTHEAST,3553,648,10003.8,628,63,907.39
2026-05-06,CAFE,SOUTHEAST,3333,507,7152.78,490,53,774.08
2026-05-06,CAFE,MIDWEST,2937,498,7540.35,482,54,789.25
2026-05-06,CAFE,WEST,3712,631,9579.02,698,70,1065.69
2026-05-07,CAFE,NORTHEAST,3338,560,8301.8,540,64,880.7
2026-05-07,CAFE,SOUTHEAST,3342,616,9660.8,460,54,795.65
2026-05-07,CAFE,MIDWEST,2865,468,7423.84,532,62,956.53
2026-05-07,CAFE,WEST,3817,716,10678.56,588,64,978.1
2026-05-08,CAFE,NORTHEAST,3736,555,8589.39,611,84,1212.24
2026-05-08,CAFE,SOUTHEAST,2979,440,6720.15,555,64,938.78
2026-05-08,CAFE,MIDWEST,2736,448,6898.66,571,64,902.54
2026-05-08,CAFE,WEST,3828,620,8913.22,650,75,1100.99
2026-05-09,CAFE,NORTHEAST,3378,545,8441.02,638,74,1028.13
2026-05-09,CAFE,SOUTHEAST,3315,595,9071.28,426,51,789.56
2026-05-09,CAFE,MIDWEST,2855,457,7278.45,512,58,850.26
2026-05-09,CAFE,WEST,3966,693,10716.64,599,65,958.82
2026-05-10,CAFE,NORTHEAST,3639,578,9093.29,576,71,1109.47
2026-05-10,CAFE,SOUTHEAST,3345,553,8655.24,451,57,811.75
2026-05-10,CAFE,MIDWEST,2705,431,6431.9,480,53,770.51
2026-05-10,CAFE,WEST,4128,689,10367.65,649,68,1033.35
2026-05-11,CAFE,NORTHEAST,3342,530,8518.84,589,67,998.39
2026-05-11,CAFE,SOUTHEAST,2922,481,7584.17,552,65,915.47
2026-05-11,CAFE,MIDWEST,2839,453,6944.83,431,46,685.5
2026-05-11,CAFE,WEST,3769,633,10147.68,680,77,1152.96
2026-05-12,CAFE,NORTHEAST,3383,534,7914.55,570,73,1032.66
2026-05-12,CAFE,SOUTHEAST,3189,508,7695.37,537,59,881.53
2026-05-12,CAFE,MIDWEST,2794,466,7111.96,478,53,827.3
2026-05-12,CAFE,WEST,3670,593,9277.52,703,73,1022.38
2026-05-13,CAFE,NORTHEAST,3537,616,9653.24,615,67,977.91
2026-05-13,CAFE,SOUTHEAST,3168,473,6966.0,553,72,1058.6
2026-05-13,CAFE,MIDWEST,2595,395,6050.07,456,52,743.41
2026-05-13,CAFE,WEST,3752,563,8751.92,698,81,1218.93
2026-05-14,CAFE,NORTHEAST,3527,615,9152.98,661,72,1037.62
2026-05-14,CAFE,SOUTHEAST,3090,520,8034.55,611,64,948.54
2026-05-14,CAFE,MIDWEST,2712,456,7299.1,464,57,804.28
2026-05-14,CAFE,WEST,4197,692,10812.33,632,81,1178.66
2026-05-15,CAFE,NORTHEAST,3482,602,9043.62,621,68,973.61
2026-05-15,CAFE,SOUTHEAST,3376,606,9064.55,641,79,1143.28
2026-05-15,CAFE,MIDWEST,2941,537,8111.18,486,51,809.23
2026-05-15,CAFE,WEST,4117,643,9851.21,735,82,1259.06
2026-05-16,CAFE,NORTHEAST,3580,629,9780.92,653,71,1058.6
2026-05-16,CAFE,SOUTHEAST,3343,498,7803.08,637,78,1164.87
2026-05-16,CAFE,MIDWEST,2835,437,6559.19,501,53,779.67
2026-05-16,CAFE,WEST,3845,621,9919.11,721,87,1197.84
2026-05-17,CAFE,NORTHEAST,3681,577,9310.41,578,62,947.86
2026-05-17,CAFE,SOUTHEAST,3542,534,8185.25,554,71,1133.35
2026-05-17,CAFE,MIDWEST,2911,505,7663.67,478,57,831.64
2026-05-17,CAFE,WEST,4096,665,10663.36,712,82,1252.61
2026-05-18,CAFE,NORTHEAST,3623,643,9770.81,614,75,1133.51
2026-05-18,CAFE,SOUTHEAST,3141,484,7330.21,591,66,938.25
2026-05-18,CAFE,MIDWEST,2748,465,7402.7,586,63,891.11
2026-05-18,CAFE,WEST,4043,651,10253.48,771,85,1250.81
2026-05-19,CAFE,NORTHEAST,3304,493,7740.97,764,76,1053.77
2026-05-19,CAFE,SOUTHEAST,3137,533,7769.13,593,74,997.78
2026-05-19,CAFE,MIDWEST,2694,457,7250.02,493,60,908.38
2026-05-19,CAFE,WEST,3661,594,8979.03,707,82,1146.21
2026-05-20,CAFE,NORTHEAST,3242,486,7195.07,652,79,1138.87
2026-05-20,CAFE,SOUTHEAST,3095,489,7683.93,590,67,959.67
2026-05-20,CAFE,MIDWEST,2841,452,7179.97,532,66,983.35
2026-05-20,CAFE,WEST,3965,581,8884.7,677,83,1226.77
2026-05-21,CAFE,NORTHEAST,3627,584,9328.44,565,67,976.01
2026-05-21,CAFE,SOUTHEAST,3046,475,7281.17,614,75,1076.71
2026-05-21,CAFE,MIDWEST,2743,472,7484.67,492,52,780.56
2026-05-21,CAFE,WEST,3855,651,9777.2,697,97,1488.46
2026-05-22,CAFE,NORTHEAST,3832,637,9611.1,736,93,1360.74
2026-05-22,CAFE,SOUTHEAST,3162,531,8145.2,536,64,968.27
2026-05-22,CAFE,MIDWEST,2603,467,6945.89,487,51,749.46
2026-05-22,CAFE,WEST,3893,569,8759.68,764,82,1086.55
2026-05-23,CAFE,NORTHEAST,3353,520,8161.0,652,76,1237.68
2026-05-23,CAFE,SOUTHEAST,3195,511,8057.94,670,84,1226.81
2026-05-23,CAFE,MIDWEST,2665,383,5726.39,527,54,740.2
2026-05-23,CAFE,WEST,3835,603,9089.77,850,103,1426.68
2026-05-24,CAFE,NORTHEAST,3706,593,8880.55,649,89,1289.06
2026-05-24,CAFE,SOUTHEAST,3046,487,7621.91,619,68,960.85
2026-05-24,CAFE,MIDWEST,2738,405,6210.08,566,66,960.33
2026-05-24,CAFE,WEST,4155,688,10725.35,685,75,1074.72
2026-05-25,CAFE,NORTHEAST,3736,599,9144.54,675,86,1223.89
2026-05-25,CAFE,SOUTHEAST,3072,504,7717.8,689,85,1260.78
2026-05-25,CAFE,MIDWEST,2823,458,7330.05,572,68,903.54
2026-05-25,CAFE,WEST,3690,592,9272.11,800,91,1243.07
2026-05-26,CAFE,NORTHEAST,3573,550,7903.21,645,70,1037.3
2026-05-26,CAFE,SOUTHEAST,3317,542,8318.85,600,68,945.69
2026-05-26,CAFE,MIDWEST,2942,476,7538.52,582,64,931.44
2026-05-26,CAFE,WEST,3904,634,8995.08,709,93,1363.72
2026-05-27,CAFE,NORTHEAST,3811,598,8765.31,686,75,1073.47
2026-05-27,CAFE,SOUTHEAST,3394,597,8994.77,733,89,1247.56
2026-05-27,CAFE,MIDWEST,2997,497,7648.85,492,58,822.31
2026-05-27,CAFE,WEST,4268,649,9533.86,803,83,1283.59
2026-05-28,CAFE,NORTHEAST,3400,575,8582.55,681,78,1116.31
2026-05-28,CAFE,SOUTHEAST,3318,516,8266.76,685,68,1075.48
2026-05-28,CAFE,MIDWEST,2897,447,6932.86,574,69,1056.4
2026-05-28,CAFE,WEST,4156,624,9676.96,744,74,1053.26
2026-05-29,CAFE,NORTHEAST,3377,560,8542.45,738,83,1229.08
2026-05-29,CAFE,SOUTHEAST,3285,507,7766.04,637,69,977.68
2026-05-29,CAFE,MIDWEST,2892,487,7902.27,583,68,949.55
2026-05-29,CAFE,WEST,3910,682,11118.87,821,106,1659.33
2026-05-30,CAFE,NORTHEAST,3948,671,10142.6,736,92,1324.52
2026-05-30,CAFE,SOUTHEAST,3211,496,7506.76,578,72,1030.02
2026-05-30,CAFE,MIDWEST,2871,480,7332.17,529,57,806.81
2026-05-30,CAFE,WEST,3946,616,9800.65,773,92,1294.51
2026-05-31,CAFE,NORTHEAST,3247,515,8148.07,786,98,1411.87
2026-05-31,CAFE,SOUTHEAST,3149,514,7819.88,684,83,1261.65
2026-05-31,CAFE,MIDWEST,2737,482,6987.07,567,61,900.03
2026-05-31,CAFE,WEST,3861,666,10000.89,847,87,1276.98
2026-06-01,CAFE,NORTHEAST,3624,619,9184.2,604,78,1097.27
2026-06-01,CAFE,SOUTHEAST,3156,504,8078.55,698,87,1339.42
2026-06-01,CAFE,MIDWEST,2920,465,7446.44,634,74,1002.72
2026-06-01,CAFE,WEST,3802,631,9565.72,869,120,1761.57
2026-06-02,CAFE,NORTHEAST,3629,617,10006.62,614,67,1040.27
2026-06-02,CAFE,SOUTHEAST,3202,464,7257.7,596,73,1109.68
2026-06-02,CAFE,MIDWEST,2798,421,6577.62,576,64,916.49
2026-06-02,CAFE,WEST,3826,583,9190.38,890,94,1312.2
2026-06-03,CAFE,NORTHEAST,3701,645,10087.73,816,99,1453.54
2026-06-03,CAFE,SOUTHEAST,3168,489,7501.59,577,73,1028.87
2026-06-03,CAFE,MIDWEST,2891,478,7332.42,596,63,915.92
2026-06-03,CAFE,WEST,4070,686,10125.8,817,80,1166.51
2026-06-04,CAFE,NORTHEAST,3577,531,8513.58,670,83,1144.26
2026-06-04,CAFE,SOUTHEAST,3323,475,7187.18,605,70,997.73
2026-06-04,CAFE,MIDWEST,2817,460,6865.83,571,66,930.39
2026-06-04,CAFE,WEST,3990,574,9355.47,898,90,1271.55
2026-06-05,CAFE,NORTHEAST,3492,581,9124.52,820,102,1420.34
2026-06-05,CAFE,SOUTHEAST,3226,514,8040.59,671,65,934.34
2026-06-05,CAFE,MIDWEST,3200,515,8205.43,601,66,974.8
2026-06-05,CAFE,WEST,3868,655,9922.52,706,86,1281.23
2026-06-06,CAFE,NORTHEAST,3482,555,8722.62,785,82,1263.91
2026-06-06,CAFE,SOUTHEAST,3611,582,8666.2,744,94,1324.36
2026-06-06,CAFE,MIDWEST,2631,389,5885.87,555,60,869.56
2026-06-06,CAFE,WEST,3584,586,9373.21,697,77,1102.94
2026-06-07,CAFE,NORTHEAST,3405,547,8108.24,811,88,1237.06
2026-06-07,CAFE,SOUTHEAST,3249,521,8325.52,692,75,1180.46
2026-06-07,CAFE,MIDWEST,2857,466,7443.02,580,64,910.18
2026-06-07,CAFE,WEST,4268,645,9533.39,757,97,1477.37
2026-06-08,CAFE,NORTHEAST,3406,518,8484.87,726,82,1154.81
2026-06-08,CAFE,SOUTHEAST,3580,546,7997.42,699,80,1154.6
2026-06-08,CAFE,MIDWEST,2724,386,5745.03,706,68,1051.42
2026-06-08,CAFE,WEST,4343,750,11621.19,934,116,1603.45
2026-06-09,CAFE,NORTHEAST,3649,549,7897.85,838,88,1307.47
2026-06-09,CAFE,SOUTHEAST,2986,508,7933.57,680,71,1008.94
2026-06-09,CAFE,MIDWEST,2860,439,6534.09,649,75,1145.52
2026-06-09,CAFE,WEST,4073,605,9302.24,791,79,1164.38
2026-06-10,CAFE,NORTHEAST,4126,677,10240.99,972,108,1597.19
2026-06-10,CAFE,SOUTHEAST,3967,702,10650.69,696,68,1052.87
2026-06-10,CAFE,MIDWEST,3648,615,9862.48,719,78,1197.06
2026-06-10,CAFE,WEST,4794,795,12436.63,1017,100,1530.66
2026-06-11,CAFE,NORTHEAST,4254,653,9886.63,999,107,1501.81
2026-06-11,CAFE,SOUTHEAST,3854,651,10280.08,898,104,1519.57
2026-06-11,CAFE,MIDWEST,3041,484,7311.28,847,92,1371.6
2026-06-11,CAFE,WEST,4810,721,10694.86,1134,141,1932.49
2026-06-12,CAFE,NORTHEAST,4219,732,10989.79,945,108,1563.45
2026-06-12,CAFE,SOUTHEAST,3682,496,7364.82,822,95,1484.61
2026-06-12,CAFE,MIDWEST,3771,655,10117.89,686,76,1169.37
2026-06-12,CAFE,WEST,4585,747,11908.82,959,103,1592.73
2026-06-13,CAFE,NORTHEAST,4319,733,11359.21,872,110,1582.68
2026-06-13,CAFE,SOUTHEAST,3880,645,10061.03,778,92,1279.88
2026-06-13,CAFE,MIDWEST,3421,536,8627.15,724,81,1186.15
2026-06-13,CAFE,WEST,4180,661,10155.79,979,110,1624.54
2026-06-14,CAFE,NORTHEAST,4281,709,11239.35,1043,116,1716.54
2026-06-14,CAFE,SOUTHEAST,3776,588,8907.13,785,90,1375.74
2026-06-14,CAFE,MIDWEST,3289,512,7648.38,683,71,1043.32
2026-06-14,CAFE,WEST,4235,743,11691.45,1053,114,1723.58
2026-06-15,CAFE,NORTHEAST,4128,737,11281.63,996,105,1610.97
2026-06-15,CAFE,SOUTHEAST,3873,639,10305.47,806,78,1054.71
2026-06-15,CAFE,MIDWEST,3244,509,7734.1,800,99,1402.26
2026-06-15,CAFE,WEST,4904,760,11346.08,1121,136,2048.1
2026-06-16,CAFE,NORTHEAST,3995,693,10777.12,910,104,1533.72
2026-06-16,CAFE,SOUTHEAST,3778,585,9438.11,840,98,1439.08
2026-06-16,CAFE,MIDWEST,3408,494,8046.49,869,98,1508.88
2026-06-16,CAFE,WEST,4647,781,11980.95,938,102,1457.5
2026-06-17,CAFE,NORTHEAST,4063,573,8754.07,1022,120,1698.77
2026-06-17,CAFE,SOUTHEAST,4095,648,10066.92,865,92,1356.75
2026-06-17,CAFE,MIDWEST,3207,480,6968.74,792,94,1379.98
2026-06-17,CAFE,WEST,4536,717,11290.01,1032,117,1734.94
2026-06-18,CAFE,NORTHEAST,4179,681,10680.2,962,126,1795.47
2026-06-18,CAFE,SOUTHEAST,3785,615,9443.5,808,92,1298.86
2026-06-18,CAFE,MIDWEST,3337,550,8654.1,786,86,1365.75
2026-06-18,CAFE,WEST,4600,814,12235.87,1103,141,1994.26
2026-06-19,CAFE,NORTHEAST,3960,669,10771.76,1055,124,1783.88
2026-06-19,CAFE,SOUTHEAST,3851,648,9850.6,779,96,1348.03
2026-06-19,CAFE,MIDWEST,3144,489,7762.15,713,81,1279.05
2026-06-19,CAFE,WEST,4717,745,11183.94,958,121,1675.93
2026-06-20,CAFE,NORTHEAST,4232,715,10802.58,982,121,1774.68
2026-06-20,CAFE,SOUTHEAST,4007,683,10955.33,799,93,1366.89
2026-06-20,CAFE,MIDWEST,3332,479,7340.36,878,107,1528.46
2026-06-20,CAFE,WEST,4600,730,11493.4,1039,112,1552.74
2026-06-21,CAFE,NORTHEAST,4366,774,12041.58,1053,127,1781.1
2026-06-21,CAFE,SOUTHEAST,3898,678,10739.87,892,95,1361.89
2026-06-21,CAFE,MIDWEST,3558,548,8463.66,819,91,1288.34
2026-06-21,CAFE,WEST,4725,722,10965.5,1205,145,1944.02
2026-06-22,CAFE,NORTHEAST,3978,664,9936.64,1076,133,2021.92
2026-06-22,CAFE,SOUTHEAST,4110,607,9099.24,877,96,1463.3
2026-06-22,CAFE,MIDWEST,3445,524,7964.16,735,81,1132.27
2026-06-22,CAFE,WEST,5058,848,12915.93,1104,134,1961.72
2026-06-23,CAFE,NORTHEAST,4472,722,11875.88,1076,112,1584.5
2026-06-23,CAFE,SOUTHEAST,3696,652,9951.53,987,100,1500.96
2026-06-23,CAFE,MIDWEST,3194,497,7649.47,729,98,1381.77
2026-06-23,CAFE,WEST,4522,795,12582.62,912,107,1642.7
2026-06-24,CAFE,NORTHEAST,4005,640,9647.21,970,126,1915.78
2026-06-24,CAFE,SOUTHEAST,3641,540,8510.21,945,105,1561.06
2026-06-24,CAFE,MIDWEST,3159,483,7287.3,905,103,1458.77
2026-06-24,CAFE,WEST,4473,762,11861.05,1088,121,1830.49
2026-06-25,CAFE,NORTHEAST,4159,656,9908.92,842,101,1471.22
2026-06-25,CAFE,SOUTHEAST,3952,748,11408.95,978,109,1551.92
2026-06-25,CAFE,MIDWEST,3243,507,7831.92,944,111,1596.38
2026-06-25,CAFE,WEST,4865,737,11591.52,1163,127,1905.94
2026-06-26,CAFE,NORTHEAST,4452,739,10753.98,901,102,1481.41
2026-06-26,CAFE,SOUTHEAST,3527,588,9187.42,1029,120,1881.75
2026-06-26,CAFE,MIDWEST,3264,509,7992.06,860,86,1229.87
2026-06-26,CAFE,WEST,4771,767,11562.5,1122,127,1841.44
2026-06-27,CAFE,NORTHEAST,4309,714,10741.18,1241,145,2118.08
2026-06-27,CAFE,SOUTHEAST,4143,662,9835.82,848,92,1321.74
2026-06-27,CAFE,MIDWEST,3082,480,7205.32,924,109,1547.77
2026-06-27,CAFE,WEST,4867,767,11119.31,1153,146,2153.03
2026-06-28,CAFE,NORTHEAST,4085,654,9893.87,1106,129,1868.19
2026-06-28,CAFE,SOUTHEAST,3945,692,10755.63,1048,128,1859.33
2026-06-28,CAFE,MIDWEST,3382,587,9146.17,912,91,1384.14
2026-06-28,CAFE,WEST,4247,756,11765.72,1247,135,1981.39
2026-06-29,CAFE,NORTHEAST,3995,602,9332.64,1038,116,1692.5
2026-06-29,CAFE,SOUTHEAST,4052,685,11141.27,943,103,1528.28
2026-06-29,CAFE,MIDWEST,3503,513,8069.23,835,99,1477.18
2026-06-29,CAFE,WEST,4584,699,10692.85,1276,127,1873.01
2026-06-30,CAFE,NORTHEAST,4191,661,10257.06,1111,127,1966.5
2026-06-30,CAFE,SOUTHEAST,3745,674,9814.36,1089,121,1696.08
2026-06-30,CAFE,MIDWEST,3227,499,7732.26,853,108,1571.52
2026-06-30,CAFE,WEST,4574,714,11179.5,1186,152,2181.59
2026-07-01,CAFE,NORTHEAST,4143,641,9648.48,1043,111,1480.64
2026-07-01,CAFE,SOUTHEAST,3463,512,7261.41,900,107,1576.92
2026-07-01,CAFE,MIDWEST,3079,441,6657.77,798,94,1377.32
2026-07-01,CAFE,WEST,4655,722,11365.13,1190,163,2444.97
2026-07-02,CAFE,NORTHEAST,4231,661,9980.04,992,114,1707.54
2026-07-02,CAFE,SOUTHEAST,4072,658,10391.12,999,112,1675.53
2026-07-02,CAFE,MIDWEST,3466,543,8289.37,858,82,1215.88
2026-07-02,CAFE,WEST,4304,778,11916.48,1220,143,1957.62
2026-07-03,CAFE,NORTHEAST,4536,695,11060.17,1212,149,1938.76
2026-07-03,CAFE,SOUTHEAST,3583,555,8236.31,982,126,1949.85
2026-07-03,CAFE,MIDWEST,3307,492,7755.23,928,104,1474.42
2026-07-03,CAFE,WEST,5008,880,14086.82,1285,142,2114.46
2026-07-04,CAFE,NORTHEAST,3989,695,10361.2,1033,115,1685.44
2026-07-04,CAFE,SOUTHEAST,4078,681,10248.33,1018,119,1857.27
2026-07-04,CAFE,MIDWEST,3098,476,7109.85,895,110,1602.49
2026-07-04,CAFE,WEST,5156,773,11966.04,1147,116,1679.45
2026-07-05,CAFE,NORTHEAST,4231,644,9726.25,1103,119,1817.07
2026-07-05,CAFE,SOUTHEAST,3914,624,9924.4,818,86,1333.03
2026-07-05,CAFE,MIDWEST,3222,542,8464.17,895,101,1410.39
2026-07-05,CAFE,WEST,4286,610,9518.05,1215,142,1994.41
2026-07-06,CAFE,NORTHEAST,4226,715,10759.13,1069,118,1884.49
2026-07-06,CAFE,SOUTHEAST,4012,712,11850.96,983,115,1527.9
2026-07-06,CAFE,MIDWEST,3391,521,8035.22,899,84,1256.17
2026-07-06,CAFE,WEST,4525,661,9974.85,1300,140,2163.73
2026-07-07,CAFE,NORTHEAST,4313,680,10143.45,1033,128,1868.56
2026-07-07,CAFE,SOUTHEAST,3820,612,9633.96,1061,117,1725.77
2026-07-07,CAFE,MIDWEST,3323,540,7912.78,873,109,1515.59
2026-07-07,CAFE,WEST,4449,709,10476.33,1227,142,2139.49
2026-07-08,CAFE,NORTHEAST,4225,676,10233.64,1139,131,1957.27
2026-07-08,CAFE,SOUTHEAST,3913,644,10088.48,1027,117,1674.32
2026-07-08,CAFE,MIDWEST,3467,587,8879.8,941,105,1530.36
2026-07-08,CAFE,WEST,4374,677,10598.98,1280,155,2200.75
2026-07-09,CAFE,NORTHEAST,3719,611,9362.4,1187,155,2360.18
2026-07-09,CAFE,SOUTHEAST,3363,513,7791.01,1145,121,1749.75
2026-07-09,CAFE,MIDWEST,3539,494,7456.24,795,82,1216.14
2026-07-09,CAFE,WEST,4614,718,10995.64,1190,134,1990.94
2026-07-10,CAFE,NORTHEAST,4018,636,9626.3,1219,152,2279.74
2026-07-10,CAFE,SOUTHEAST,3974,607,9232.72,1038,115,1723.29
2026-07-10,CAFE,MIDWEST,3331,484,7206.3,928,126,1853.13
2026-07-10,CAFE,WEST,4256,681,10239.92,1113,154,2470.7
2026-07-11,CAFE,NORTHEAST,4192,659,10038.47,1220,148,2267.17
2026-07-11,CAFE,SOUTHEAST,3571,553,8716.55,1042,104,1524.2
2026-07-11,CAFE,MIDWEST,3536,484,7796.92,903,115,1756.2
2026-07-11,CAFE,WEST,4715,740,11321.55,1188,137,2032.08
2026-07-12,CAFE,NORTHEAST,3879,588,8384.47,1002,106,1587.11
2026-07-12,CAFE,SOUTHEAST,3780,598,9058.23,937,114,1709.29
2026-07-12,CAFE,MIDWEST,3156,487,7562.88,836,88,1316.97
2026-07-12,CAFE,WEST,4646,774,11784.38,1330,158,2488.33
2026-07-13,CAFE,NORTHEAST,4039,634,9451.53,1217,147,2295.88
2026-07-13,CAFE,SOUTHEAST,3751,622,9646.89,1190,136,1988.4
2026-07-13,CAFE,MIDWEST,3520,553,8346.38,796,94,1459.61
2026-07-13,CAFE,WEST,4673,784,11948.75,1360,167,2406.4
2026-07-14,CAFE,NORTHEAST,3922,610,9408.34,1240,119,1860.06
2026-07-14,CAFE,SOUTHEAST,3911,608,9064.35,998,118,1760.82
2026-07-14,CAFE,MIDWEST,3433,489,7429.29,932,104,1493.64
2026-07-14,CAFE,WEST,4670,791,11705.24,1414,149,2097.01
2026-07-15,CAFE,NORTHEAST,3997,660,10309.01,1278,137,1907.06
2026-07-15,CAFE,SOUTHEAST,4199,684,9736.17,968,111,1725.72
2026-07-15,CAFE,MIDWEST,3694,544,8556.94,925,103,1486.07
2026-07-15,CAFE,WEST,4346,647,9857.9,1341,136,2106.86
2026-07-16,CAFE,NORTHEAST,4133,683,10196.07,1068,133,1994.23
2026-07-16,CAFE,SOUTHEAST,3413,554,8101.02,1102,134,1960.8
2026-07-16,CAFE,MIDWEST,3312,516,7922.03,881,104,1485.49
2026-07-16,CAFE,WEST,4222,677,10986.66,1412,159,2256.29
2026-07-17,CAFE,NORTHEAST,4099,698,10989.43,1105,128,1999.39
2026-07-17,CAFE,SOUTHEAST,3807,604,9140.22,924,113,1702.79
2026-07-17,CAFE,MIDWEST,3496,593,9114.17,921,109,1519.14
2026-07-17,CAFE,WEST,4176,643,9714.33,1215,140,2112.25
2026-07-18,CAFE,NORTHEAST,4077,563,8218.4,1108,124,1820.38
2026-07-18,CAFE,SOUTHEAST,3887,688,10267.89,1167,131,1939.83
2026-07-18,CAFE,MIDWEST,3316,556,8794.32,1075,144,1998.74
2026-07-18,CAFE,WEST,4622,770,12234.28,1382,150,2388.0
2026-07-19,CAFE,NORTHEAST,4037,675,10283.54,1185,146,2076.01
2026-07-19,CAFE,SOUTHEAST,3961,630,9416.36,1084,127,1919.9
2026-07-19,CAFE,MIDWEST,3572,517,7786.21,909,92,1465.91
2026-07-19,CAFE,WEST,4538,703,10699.82,1234,152,2242.69
2026-07-20,CAFE,NORTHEAST,4078,630,9829.54,1244,152,2351.77
2026-07-20,CAFE,SOUTHEAST,3703,548,8330.49,1103,120,1784.46
2026-07-20,CAFE,MIDWEST,3167,497,7735.13,904,109,1715.86
2026-07-20,CAFE,WEST,3923,587,8994.71,1415,148,2192.58
2026-07-21,CAFE,NORTHEAST,4516,722,10934.73,1161,135,2018.94
2026-07-21,CAFE,SOUTHEAST,3865,608,8744.51,1022,114,1679.68
2026-07-21,CAFE,MIDWEST,3461,523,8217.67,1096,130,1968.35
2026-07-21,CAFE,WEST,4535,669,10444.93,1379,171,2467.27
2026-07-22,CAFE,NORTHEAST,3991,587,9095.86,1026,129,1856.76
2026-07-22,CAFE,SOUTHEAST,3780,581,9355.81,979,118,1750.43
2026-07-22,CAFE,MIDWEST,3560,586,8714.12,847,79,1144.67
2026-07-22,CAFE,WEST,4728,745,11301.0,1392,139,2142.31
2026-07-23,CAFE,NORTHEAST,4508,755,11857.36,1397,140,1959.25
2026-07-23,CAFE,SOUTHEAST,3781,590,8969.39,1147,127,1974.71
2026-07-23,CAFE,MIDWEST,3368,449,6814.23,921,92,1396.61
2026-07-23,CAFE,WEST,4382,605,9178.39,1546,176,2768.55
2026-07-24,CAFE,NORTHEAST,4339,753,11813.32,1292,111,1529.56
2026-07-24,CAFE,SOUTHEAST,3504,536,8464.11,1172,139,1870.57
2026-07-24,CAFE,MIDWEST,3175,488,7598.92,992,104,1421.02
2026-07-24,CAFE,WEST,4835,705,10751.69,1348,158,2233.29
2026-07-25,CAFE,NORTHEAST,3926,602,8987.84,1247,123,1767.82
2026-07-25,CAFE,SOUTHEAST,3521,620,8980.49,1061,116,1661.6
2026-07-25,CAFE,MIDWEST,3127,457,6971.76,1107,139,2178.79
2026-07-25,CAFE,WEST,4498,711,11372.4,1431,166,2451.85
2026-07-26,CAFE,NORTHEAST,4400,667,10369.09,1171,142,2133.2
2026-07-26,CAFE,SOUTHEAST,3790,545,8361.01,1276,139,2064.0
2026-07-26,CAFE,MIDWEST,3065,447,6877.09,1072,130,1860.1
2026-07-26,CAFE,WEST,5073,656,9626.22,1493,188,2942.86
2026-07-27,CAFE,NORTHEAST,4014,571,8383.9,1153,136,1952.53
2026-07-27,CAFE,SOUTHEAST,3703,599,9142.64,1143,146,2067.76
2026-07-27,CAFE,MIDWEST,3375,501,7867.63,905,95,1423.77
2026-07-27,CAFE,WEST,4135,717,11228.55,1357,150,2233.61
2026-07-28,CAFE,NORTHEAST,4287,626,9666.82,1170,127,1859.34
2026-07-28,CAFE,SOUTHEAST,3795,580,8886.92,1095,121,1887.93
2026-07-28,CAFE,MIDWEST,3608,531,7617.35,1076,141,2046.33
2026-07-28,CAFE,WEST,4717,737,11452.52,1332,151,2197.45
2026-07-29,CAFE,NORTHEAST,4148,654,9630.95,1387,159,2354.04
2026-07-29,CAFE,SOUTHEAST,3651,499,7650.23,1099,100,1539.92
2026-07-29,CAFE,MIDWEST,3627,555,8668.08,1140,136,1764.58
2026-07-29,CAFE,WEST,4920,680,10301.68,1576,167,2295.6
2026-07-30,CAFE,NORTHEAST,4175,637,9150.95,1426,161,2342.97
2026-07-30,CAFE,SOUTHEAST,3788,592,9468.72,1125,121,1801.23
2026-07-30,CAFE,MIDWEST,3404,551,8230.36,1056,125,1755.95
2026-07-30,CAFE,WEST,4739,735,11776.17,1591,185,2582.99
2026-07-31,CAFE,NORTHEAST,4188,615,9204.95,1410,167,2411.29
2026-07-31,CAFE,SOUTHEAST,3570,561,8964.09,1205,139,2054.6
2026-07-31,CAFE,MIDWEST,3589,587,9063.34,849,102,1503.88
2026-07-31,CAFE,WEST,4613,767,11506.8,1445,166,2286.98
2026-08-01,CAFE,NORTHEAST,4158,651,10346.44,1346,153,2305.5
2026-08-01,CAFE,SOUTHEAST,3380,512,7683.39,1208,157,2362.68
2026-08-01,CAFE,MIDWEST,3530,576,9300.5,938,111,1567.85
2026-08-01,CAFE,WEST,4511,732,11546.21,1407,174,2552.6
2026-08-02,CAFE,NORTHEAST,4180,651,10041.59,1418,175,2528.13
2026-08-02,CAFE,SOUTHEAST,3751,566,8856.08,1201,142,1990.12
2026-08-02,CAFE,MIDWEST,3414,512,7624.78,1042,115,1725.56
2026-08-02,CAFE,WEST,4737,736,11496.35,1462,166,2349.53
2026-08-03,CAFE,NORTHEAST,4415,724,11487.83,1204,126,1868.13
2026-08-03,CAFE,SOUTHEAST,3951,616,9788.34,1080,129,1742.75
2026-08-03,CAFE,MIDWEST,3232,471,7374.5,995,113,1720.4
2026-08-03,CAFE,WEST,4490,737,11015.3,1586,167,2328.22
2026-08-04,CAFE,NORTHEAST,4297,723,10531.04,1416,177,2625.04
2026-08-04,CAFE,SOUTHEAST,3528,515,8033.9,973,120,1891.02
2026-08-04,CAFE,MIDWEST,3146,454,7142.55,991,119,1711.64
2026-08-04,CAFE,WEST,4511,695,10912.31,1514,172,2657.46
2026-08-05,CAFE,NORTHEAST,4534,738,10876.29,1251,140,2096.34
2026-08-05,CAFE,SOUTHEAST,4040,604,9650.95,1074,125,1807.52
2026-08-05,CAFE,MIDWEST,3323,555,8438.31,1064,138,2045.93
2026-08-05,CAFE,WEST,4310,626,9490.67,1480,173,2354.33
2026-08-06,CAFE,NORTHEAST,3969,568,8735.65,1367,153,2288.5
2026-08-06,CAFE,SOUTHEAST,3752,585,9398.88,1269,138,2001.0
2026-08-06,CAFE,MIDWEST,3561,551,8313.68,1100,113,1666.91
2026-08-06,CAFE,WEST,4516,716,11748.74,1490,156,2124.92
2026-08-07,CAFE,NORTHEAST,4239,647,9552.09,1275,145,2031.08
2026-08-07,CAFE,SOUTHEAST,3757,599,9022.17,1328,141,1967.38
2026-08-07,CAFE,MIDWEST,3550,536,8069.08,987,116,1659.26
2026-08-07,CAFE,WEST,4515,623,9184.39,1418,143,2051.25
2026-08-08,CAFE,NORTHEAST,4433,691,10966.64,1233,147,2113.88
2026-08-08,CAFE,SOUTHEAST,3927,567,8743.6,1297,150,2218.57
2026-08-08,CAFE,MIDWEST,3314,439,6574.36,1005,123,1807.86
2026-08-08,CAFE,WEST,4389,718,11171.91,1279,161,2396.52
2026-08-09,CAFE,NORTHEAST,4802,791,11586.31,1471,171,2457.13
2026-08-09,CAFE,SOUTHEAST,3846,619,9411.95,1120,134,1990.73
2026-08-09,CAFE,MIDWEST,3163,528,8057.49,1241,158,2303.35
2026-08-09,CAFE,WEST,4816,699,10805.44,1254,130,1894.93
2026-08-10,CAFE,NORTHEAST,4337,706,11231.83,1465,160,2338.78
2026-08-10,CAFE,SOUTHEAST,3662,567,8247.28,1136,144,2124.64
2026-08-10,CAFE,MIDWEST,3247,523,8105.75,1077,119,1666.19
2026-08-10,CAFE,WEST,4617,718,11055.47,1668,190,2817.66
2026-08-11,CAFE,NORTHEAST,4478,728,10496.21,1351,141,1997.47
2026-08-11,CAFE,SOUTHEAST,3969,673,10493.73,990,108,1564.62
2026-08-11,CAFE,MIDWEST,3279,556,8681.35,1148,131,1993.46
2026-08-11,CAFE,WEST,4587,652,10020.71,1409,140,1888.88
2026-08-12,CAFE,NORTHEAST,4076,619,10040.77,1295,138,2020.76
2026-08-12,CAFE,SOUTHEAST,3937,560,8543.78,1356,175,2476.83
2026-08-12,CAFE,MIDWEST,3066,468,7152.87,1187,145,2120.75
2026-08-12,CAFE,WEST,4420,695,10406.71,1385,157,2476.79
2026-08-13,CAFE,NORTHEAST,4584,770,11246.66,1441,153,2289.85
2026-08-13,CAFE,SOUTHEAST,3953,636,9572.64,1133,136,2096.58
2026-08-13,CAFE,MIDWEST,3233,472,7226.69,1047,128,1961.8
2026-08-13,CAFE,WEST,4819,715,10704.76,1470,169,2560.79
2026-08-14,CAFE,NORTHEAST,4297,649,10156.74,1471,166,2334.61
2026-08-14,CAFE,SOUTHEAST,3879,634,9967.5,1140,135,1981.57
2026-08-14,CAFE,MIDWEST,3330,510,7719.25,1047,122,1795.27
2026-08-14,CAFE,WEST,4662,670,10382.54,1718,179,2637.0
2026-08-15,CAFE,NORTHEAST,4211,661,10405.84,1324,162,2439.66
2026-08-15,CAFE,SOUTHEAST,3736,600,9577.16,1399,157,2390.61
2026-08-15,CAFE,MIDWEST,3376,498,8242.89,1214,148,2155.41
2026-08-15,CAFE,WEST,4706,711,11609.22,1474,170,2595.33
2026-08-16,CAFE,NORTHEAST,4207,689,10723.61,1400,161,2178.14
2026-08-16,CAFE,SOUTHEAST,3987,640,9996.5,1284,135,1993.84
2026-08-16,CAFE,MIDWEST,3223,482,7160.16,1088,135,2013.91
2026-08-16,CAFE,WEST,4425,648,10304.19,1510,185,2887.69
2026-08-17,CAFE,NORTHEAST,4432,640,9187.27,1587,161,2232.12
2026-08-17,CAFE,SOUTHEAST,3689,557,8734.21,1196,127,1923.17
2026-08-17,CAFE,MIDWEST,3208,576,8498.79,1131,141,2075.74
2026-08-17,CAFE,WEST,4259,656,10435.52,1457,145,2121.13
2026-08-18,CAFE,NORTHEAST,3764,598,9409.44,1431,148,2273.26
2026-08-18,CAFE,SOUTHEAST,4056,670,10202.75,1326,143,2205.53
2026-08-18,CAFE,MIDWEST,3301,472,7227.42,1182,134,1954.96
2026-08-18,CAFE,WEST,4413,684,10513.36,1564,177,2580.86
2026-08-19,CAFE,NORTHEAST,4039,691,10113.24,1446,181,2463.29
2026-08-19,CAFE,SOUTHEAST,3470,558,9262.38,1388,153,2199.63
2026-08-19,CAFE,MIDWEST,3270,464,7007.68,1216,135,2008.57
2026-08-19,CAFE,WEST,4820,712,10832.36,1582,169,2480.58
2026-08-20,CAFE,NORTHEAST,4345,670,9787.22,1456,163,2391.74
2026-08-20,CAFE,SOUTHEAST,3566,550,8440.42,1222,131,1901.4
2026-08-20,CAFE,MIDWEST,3044,475,7190.48,1232,119,1717.38
2026-08-20,CAFE,WEST,4695,733,11121.94,1686,185,2759.55
2026-08-21,CAFE,NORTHEAST,4195,634,9523.78,1350,147,2178.99
2026-08-21,CAFE,SOUTHEAST,3672,528,8268.84,1300,154,2267.09
2026-08-21,CAFE,MIDWEST,3644,584,9063.17,1187,146,2147.97
2026-08-21,CAFE,WEST,4793,727,11702.22,1552,131,1968.72
2026-08-22,CAFE,NORTHEAST,4137,628,9865.78,1119,109,1589.22
2026-08-22,CAFE,SOUTHEAST,3534,562,8777.79,1248,152,2048.21
2026-08-22,CAFE,MIDWEST,3350,541,8668.02,1201,153,2280.99
2026-08-22,CAFE,WEST,4599,720,11883.34,1857,219,3264.65
2026-08-23,CAFE,NORTHEAST,4320,605,9173.41,1464,157,2277.52
2026-08-23,CAFE,SOUTHEAST,3559,543,8595.83,1305,158,2303.3
2026-08-23,CAFE,MIDWEST,3232,499,7274.2,1085,120,1720.84
2026-08-23,CAFE,WEST,4710,688,10873.49,1690,194,2766.18
2026-08-24,CAFE,NORTHEAST,3966,630,9604.06,1760,214,3305.49
2026-08-24,CAFE,SOUTHEAST,3612,551,8342.5,1054,122,1757.53
2026-08-24,CAFE,MIDWEST,3311,518,8204.53,1212,157,2231.23
2026-08-24,CAFE,WEST,4812,703,10733.96,1732,205,3029.01
2026-08-25,CAFE,NORTHEAST,4251,676,10796.43,1528,168,2541.94
2026-08-25,CAFE,SOUTHEAST,3781,588,9092.08,1411,164,2361.79
2026-08-25,CAFE,MIDWEST,3132,442,6878.31,1107,135,1977.68
2026-08-25,CAFE,WEST,4693,717,11863.2,1726,205,3081.92
2026-08-26,CAFE,NORTHEAST,3712,539,8584.3,1613,173,2319.41
2026-08-26,CAFE,SOUTHEAST,3541,558,8537.92,1430,160,2361.59
2026-08-26,CAFE,MIDWEST,3450,524,7944.12,1112,124,1823.74
2026-08-26,CAFE,WEST,4849,744,11245.79,1470,157,2329.97
2026-08-27,CAFE,NORTHEAST,4225,697,10666.11,1420,179,2728.81
2026-08-27,CAFE,SOUTHEAST,4007,567,8710.18,1347,156,2067.45
2026-08-27,CAFE,MIDWEST,3370,514,8165.49,1155,132,1918.93
2026-08-27,CAFE,WEST,4373,694,11267.95,1494,191,2978.69
2026-08-28,CAFE,NORTHEAST,3918,552,8291.2,1365,146,2055.36
2026-08-28,CAFE,SOUTHEAST,3717,583,9172.81,1307,137,2048.33
2026-08-28,CAFE,MIDWEST,3465,504,7843.96,1076,115,1696.87
2026-08-28,CAFE,WEST,4564,742,11353.8,1654,205,2811.73
2026-08-29,CAFE,NORTHEAST,4336,707,10796.41,1611,167,2356.72
2026-08-29,CAFE,SOUTHEAST,3526,589,8815.5,1389,136,2070.03
2026-08-29,CAFE,MIDWEST,3129,456,6458.37,1061,129,1786.7
2026-08-29,CAFE,WEST,4985,860,13132.22,1447,159,2348.53
2026-08-30,CAFE,NORTHEAST,3764,550,8488.81,1538,148,2155.03
2026-08-30,CAFE,SOUTHEAST,3798,617,9574.4,1455,173,2440.28
2026-08-30,CAFE,MIDWEST,3832,608,9415.35,1154,148,2171.75
2026-08-30,CAFE,WEST,4758,735,11250.64,1427,155,2423.28
2026-03-02,PIZZ,NORTHEAST,1713,166,1921.78,223,26,308.14
2026-03-02,PIZZ,SOUTHEAST,1473,145,1586.37,147,17,174.25
2026-03-02,PIZZ,MIDWEST,1436,135,1625.34,175,17,196.68
2026-03-02,PIZZ,WEST,1966,202,2307.29,241,29,325.6
2026-03-03,PIZZ,NORTHEAST,1642,139,1664.3,205,20,218.23
2026-03-03,PIZZ,SOUTHEAST,1825,169,1983.18,202,27,306.09
2026-03-03,PIZZ,MIDWEST,1468,135,1593.83,161,16,175.67
2026-03-03,PIZZ,WEST,2096,222,2794.64,216,20,245.26
2026-03-04,PIZZ,NORTHEAST,1848,203,2312.18,200,25,273.62
2026-03-04,PIZZ,SOUTHEAST,1607,160,1908.86,202,21,247.92
2026-03-04,PIZZ,MIDWEST,1417,140,1639.74,179,20,228.46
2026-03-04,PIZZ,WEST,1896,172,1936.87,233,26,299.02
2026-03-05,PIZZ,NORTHEAST,1671,159,1849.24,224,26,291.17
2026-03-05,PIZZ,SOUTHEAST,1557,141,1611.34,208,23,252.6
2026-03-05,PIZZ,MIDWEST,1456,169,1945.62,155,15,154.52
2026-03-05,PIZZ,WEST,2014,205,2335.36,240,28,307.01
2026-03-06,PIZZ,NORTHEAST,1818,190,2112.63,212,24,249.46
2026-03-06,PIZZ,SOUTHEAST,1816,192,2372.99,170,19,224.21
2026-03-06,PIZZ,MIDWEST,1399,157,1767.88,171,19,195.73
2026-03-06,PIZZ,WEST,1949,194,2180.67,227,28,320.3
2026-03-07,PIZZ,NORTHEAST,1837,191,2310.65,216,23,257.91
2026-03-07,PIZZ,SOUTHEAST,1628,155,1822.77,202,25,267.32
2026-03-07,PIZZ,MIDWEST,1528,150,1673.79,191,22,253.36
2026-03-07,PIZZ,WEST,1859,195,2193.87,219,25,286.79
2026-03-08,PIZZ,NORTHEAST,1798,180,2035.79,240,26,301.4
2026-03-08,PIZZ,SOUTHEAST,1850,186,2100.49,177,18,196.81
2026-03-08,PIZZ,MIDWEST,1455,156,1822.3,174,20,222.73
2026-03-08,PIZZ,WEST,1949,205,2470.45,237,26,284.83
2026-03-09,PIZZ,NORTHEAST,1822,198,2308.82,205,25,294.45
2026-03-09,PIZZ,SOUTHEAST,1711,179,2057.36,186,22,243.65
2026-03-09,PIZZ,MIDWEST,1444,155,1703.96,155,15,167.85
2026-03-09,PIZZ,WEST,1962,198,2252.0,272,30,345.48
2026-03-10,PIZZ,NORTHEAST,1945,206,2377.23,229,27,311.41
2026-03-10,PIZZ,SOUTHEAST,1518,140,1603.33,226,26,288.84
2026-03-10,PIZZ,MIDWEST,1330,120,1418.79,168,20,220.43
2026-03-10,PIZZ,WEST,1991,206,2442.0,253,34,374.46
2026-03-11,PIZZ,NORTHEAST,1834,178,2136.8,258,32,361.98
2026-03-11,PIZZ,SOUTHEAST,1694,157,1811.15,222,20,214.72
2026-03-11,PIZZ,MIDWEST,1487,149,1720.78,184,23,266.16
2026-03-11,PIZZ,WEST,1937,174,2038.5,233,26,280.89
2026-03-12,PIZZ,NORTHEAST,1912,181,2103.92,266,24,267.93
2026-03-12,PIZZ,SOUTHEAST,1482,161,1901.32,213,24,281.49
2026-03-12,PIZZ,MIDWEST,1479,148,1772.33,197,26,277.01
2026-03-12,PIZZ,WEST,1943,202,2412.21,251,32,367.44
2026-03-13,PIZZ,NORTHEAST,1957,191,2308.12,241,28,325.47
2026-03-13,PIZZ,SOUTHEAST,1583,154,1893.0,201,24,281.91
2026-03-13,PIZZ,MIDWEST,1551,152,1718.79,212,23,256.77
2026-03-13,PIZZ,WEST,1903,172,1968.16,260,25,297.9
2026-03-14,PIZZ,NORTHEAST,1771,193,2325.97,234,26,290.17
2026-03-14,PIZZ,SOUTHEAST,1614,160,1891.34,229,26,286.21
2026-03-14,PIZZ,MIDWEST,1321,132,1531.88,207,22,251.51
2026-03-14,PIZZ,WEST,1877,190,2193.96,280,38,443.4
2026-03-15,PIZZ,NORTHEAST,1785,180,2093.63,249,28,317.16
2026-03-15,PIZZ,SOUTHEAST,1616,170,2035.1,257,30,344.13
2026-03-15,PIZZ,MIDWEST,1612,145,1705.4,208,25,269.58
2026-03-15,PIZZ,WEST,1937,175,2001.6,232,28,310.25
2026-03-16,PIZZ,NORTHEAST,1702,182,2123.88,233,27,299.79
2026-03-16,PIZZ,SOUTHEAST,1457,144,1759.64,196,21,245.65
2026-03-16,PIZZ,MIDWEST,1457,152,1752.32,224,25,282.64
2026-03-16,PIZZ,WEST,2014,195,2252.63,268,28,306.86
2026-03-17,PIZZ,NORTHEAST,1672,170,2002.58,216,23,263.59
2026-03-17,PIZZ,SOUTHEAST,1532,155,1769.63,232,24,272.0
2026-03-17,PIZZ,MIDWEST,1446,162,1978.17,208,23,264.78
2026-03-17,PIZZ,WEST,1999,171,1989.51,297,34,357.3
2026-03-18,PIZZ,NORTHEAST,1655,145,1770.68,276,34,380.96
2026-03-18,PIZZ,SOUTHEAST,1553,138,1627.12,207,22,256.12
2026-03-18,PIZZ,MIDWEST,1541,149,1784.3,211,25,261.91
2026-03-18,PIZZ,WEST,2001,200,2355.04,296,34,385.19
2026-03-19,PIZZ,NORTHEAST,1725,173,1963.53,267,29,315.91
2026-03-19,PIZZ,SOUTHEAST,1567,149,1776.32,224,26,298.32
2026-03-19,PIZZ,MIDWEST,1594,166,1880.15,191,22,248.62
2026-03-19,PIZZ,WEST,1910,199,2183.69,243,26,296.45
2026-03-20,PIZZ,NORTHEAST,1877,186,2258.24,279,31,370.69
2026-03-20,PIZZ,SOUTHEAST,1644,154,1812.72,221,27,302.28
2026-03-20,PIZZ,MIDWEST,1309,139,1637.26,206,24,272.33
2026-03-20,PIZZ,WEST,1973,197,2371.35,286,32,388.81
2026-03-21,PIZZ,NORTHEAST,1770,167,1952.57,294,31,346.57
2026-03-21,PIZZ,SOUTHEAST,1568,171,2062.96,252,31,330.33
2026-03-21,PIZZ,MIDWEST,1382,138,1677.86,192,22,247.35
2026-03-21,PIZZ,WEST,1947,193,2174.21,335,36,410.87
2026-03-22,PIZZ,NORTHEAST,1696,160,1761.68,309,43,476.56
2026-03-22,PIZZ,SOUTHEAST,1647,182,2077.78,255,27,315.37
2026-03-22,PIZZ,MIDWEST,1470,154,1853.36,203,22,247.25
2026-03-22,PIZZ,WEST,2037,199,2368.87,325,36,399.28
2026-03-23,PIZZ,NORTHEAST,1761,161,1937.67,323,36,433.36
2026-03-23,PIZZ,SOUTHEAST,1751,166,1922.33,242,30,350.54
2026-03-23,PIZZ,MIDWEST,1404,126,1469.94,248,29,326.54
2026-03-23,PIZZ,WEST,1818,186,2146.67,311,36,392.64
2026-03-24,PIZZ,NORTHEAST,1715,170,2016.63,325,36,387.4
2026-03-24,PIZZ,SOUTHEAST,1772,186,2115.97,252,29,341.17
2026-03-24,PIZZ,MIDWEST,1440,154,1811.22,215,25,259.88
2026-03-24,PIZZ,WEST,1918,196,2227.73,306,31,350.46
2026-03-25,PIZZ,NORTHEAST,1647,158,1891.15,277,34,384.24
2026-03-25,PIZZ,SOUTHEAST,1672,157,1830.8,239,25,280.69
2026-03-25,PIZZ,MIDWEST,1479,159,1780.24,259,24,246.56
2026-03-25,PIZZ,WEST,2151,227,2664.3,324,37,377.23
2026-03-26,PIZZ,NORTHEAST,1862,178,1939.79,305,37,432.46
2026-03-26,PIZZ,SOUTHEAST,1705,165,1963.43,263,30,364.43
2026-03-26,PIZZ,MIDWEST,1417,118,1363.16,205,21,254.29
2026-03-26,PIZZ,WEST,2023,189,2199.49,348,40,480.74
2026-03-27,PIZZ,NORTHEAST,1709,170,1994.44,276,32,370.51
2026-03-27,PIZZ,SOUTHEAST,1716,148,1735.53,280,35,396.93
2026-03-27,PIZZ,MIDWEST,1443,136,1654.14,236,30,338.15
2026-03-27,PIZZ,WEST,2010,188,2103.2,334,37,441.28
2026-03-28,PIZZ,NORTHEAST,1676,151,1820.37,279,29,295.25
2026-03-28,PIZZ,SOUTHEAST,1542,156,1867.65,229,26,285.19
2026-03-28,PIZZ,MIDWEST,1383,140,1618.95,244,29,330.88
2026-03-28,PIZZ,WEST,2004,206,2357.12,304,32,357.51
2026-03-29,PIZZ,NORTHEAST,1720,170,1966.84,339,35,413.86
2026-03-29,PIZZ,SOUTHEAST,1672,186,2121.09,285,31,339.11
2026-03-29,PIZZ,MIDWEST,1457,150,1828.41,236,25,283.46
2026-03-29,PIZZ,WEST,2086,211,2514.07,359,41,468.64
2026-03-30,PIZZ,NORTHEAST,1982,200,2293.1,299,33,377.41
2026-03-30,PIZZ,SOUTHEAST,1669,148,1691.85,268,28,287.7
2026-03-30,PIZZ,MIDWEST,1348,140,1567.03,277,31,354.24
2026-03-30,PIZZ,WEST,2160,236,2648.49,366,43,472.0
2026-03-31,PIZZ,NORTHEAST,1766,163,1991.63,377,38,408.32
2026-03-31,PIZZ,SOUTHEAST,1603,147,1773.83,285,32,330.34
2026-03-31,PIZZ,MIDWEST,1321,129,1415.09,265,29,336.2
2026-03-31,PIZZ,WEST,2007,203,2392.05,324,35,384.19
2026-04-01,PIZZ,NORTHEAST,1808,185,2137.53,349,38,407.16
2026-04-01,PIZZ,SOUTHEAST,1557,146,1774.16,303,35,394.88
2026-04-01,PIZZ,MIDWEST,1458,132,1649.34,264,32,379.71
2026-04-01,PIZZ,WEST,1973,191,2162.95,345,38,398.75
2026-04-02,PIZZ,NORTHEAST,1819,164,1904.77,377,49,511.11
2026-04-02,PIZZ,SOUTHEAST,1632,162,1982.16,333,38,414.19
2026-04-02,PIZZ,MIDWEST,1465,147,1620.62,261,29,341.8
2026-04-02,PIZZ,WEST,2038,202,2408.52,346,40,450.79
2026-04-03,PIZZ,NORTHEAST,1634,167,2010.99,342,42,449.36
2026-04-03,PIZZ,SOUTHEAST,1634,157,1820.43,262,27,306.06
2026-04-03,PIZZ,MIDWEST,1359,129,1453.47,267,35,399.51
2026-04-03,PIZZ,WEST,1965,175,1993.69,373,43,471.64
2026-04-04,PIZZ,NORTHEAST,1625,147,1729.39,299,36,402.89
2026-04-04,PIZZ,SOUTHEAST,1533,165,1772.93,282,28,308.0
2026-04-04,PIZZ,MIDWEST,1472,154,1816.98,256,29,311.89
2026-04-04,PIZZ,WEST,1958,199,2335.49,378,41,469.77
2026-04-05,PIZZ,NORTHEAST,1780,163,1806.02,267,28,305.53
2026-04-05,PIZZ,SOUTHEAST,1626,150,1681.48,305,36,406.51
2026-04-05,PIZZ,MIDWEST,1463,137,1613.28,274,33,368.45
2026-04-05,PIZZ,WEST,1868,193,2307.71,357,33,358.04
2026-04-06,PIZZ,NORTHEAST,1883,175,1999.55,362,41,460.29
2026-04-06,PIZZ,SOUTHEAST,1555,153,1796.01,315,30,357.27
2026-04-06,PIZZ,MIDWEST,1568,157,1804.82,293,36,395.99
2026-04-06,PIZZ,WEST,1968,193,2190.05,363,44,534.17
2026-04-07,PIZZ,NORTHEAST,1632,164,1829.39,321,38,409.7
2026-04-07,PIZZ,SOUTHEAST,1644,155,1844.93,270,35,381.88
2026-04-07,PIZZ,MIDWEST,1389,125,1509.47,279,32,376.38
2026-04-07,PIZZ,WEST,1859,170,2002.99,348,38,425.68
2026-04-08,PIZZ,NORTHEAST,1770,174,1962.5,370,42,455.69
2026-04-08,PIZZ,SOUTHEAST,1572,155,1797.28,320,40,451.29
2026-04-08,PIZZ,MIDWEST,1322,130,1526.62,276,31,322.04
2026-04-08,PIZZ,WEST,1948,191,2209.7,423,55,560.17
2026-04-09,PIZZ,NORTHEAST,1971,177,2036.11,422,54,625.39
2026-04-09,PIZZ,SOUTHEAST,1531,149,1765.79,288,34,355.81
2026-04-09,PIZZ,MIDWEST,1538,148,1685.75,307,37,440.3
2026-04-09,PIZZ,WEST,1839,171,1991.63,330,38,422.36
2026-04-10,PIZZ,NORTHEAST,1775,171,1897.71,366,46,486.39
2026-04-10,PIZZ,SOUTHEAST,1520,147,1652.29,292,32,337.47
2026-04-10,PIZZ,MIDWEST,1315,134,1514.87,298,31,360.95
2026-04-10,PIZZ,WEST,1924,169,1994.07,379,40,488.67
2026-04-11,PIZZ,NORTHEAST,1951,175,2030.99,341,36,407.69
2026-04-11,PIZZ,SOUTHEAST,1677,172,1934.62,331,41,421.32
2026-04-11,PIZZ,MIDWEST,1408,129,1535.72,248,28,308.31
2026-04-11,PIZZ,WEST,1894,182,2018.86,351,36,420.13
2026-04-12,PIZZ,NORTHEAST,1916,182,2089.79,309,31,346.68
2026-04-12,PIZZ,SOUTHEAST,1700,159,1815.45,304,36,422.03
2026-04-12,PIZZ,MIDWEST,1432,135,1580.18,271,30,355.46
2026-04-12,PIZZ,WEST,2018,176,2174.59,482,48,526.33
2026-04-13,PIZZ,NORTHEAST,1849,192,2106.63,408,51,581.08
2026-04-13,PIZZ,SOUTHEAST,1608,137,1605.6,303,35,387.86
2026-04-13,PIZZ,MIDWEST,1346,146,1832.97,253,29,312.45
2026-04-13,PIZZ,WEST,2048,187,2204.12,379,45,466.82
2026-04-14,PIZZ,NORTHEAST,1835,179,2113.88,369,47,545.4
2026-04-14,PIZZ,SOUTHEAST,1564,151,1715.13,314,41,435.11
2026-04-14,PIZZ,MIDWEST,1498,158,1885.69,318,33,361.74
2026-04-14,PIZZ,WEST,1891,198,2298.72,376,42,493.78
2026-04-15,PIZZ,NORTHEAST,1677,169,1979.88,363,42,459.1
2026-04-15,PIZZ,SOUTHEAST,1533,135,1585.09,292,31,339.57
2026-04-15,PIZZ,MIDWEST,1502,121,1398.48,294,34,376.74
2026-04-15,PIZZ,WEST,2061,197,2257.46,412,48,538.32
2026-04-16,PIZZ,NORTHEAST,1829,188,2278.11,339,36,434.34
2026-04-16,PIZZ,SOUTHEAST,1583,133,1541.31,345,43,483.93
2026-04-16,PIZZ,MIDWEST,1478,144,1733.8,260,29,333.93
2026-04-16,PIZZ,WEST,1994,205,2302.54,451,54,579.06
2026-04-17,PIZZ,NORTHEAST,1779,170,1854.21,376,41,441.66
2026-04-17,PIZZ,SOUTHEAST,1458,143,1728.46,374,46,526.92
2026-04-17,PIZZ,MIDWEST,1501,132,1517.12,296,34,367.12
2026-04-17,PIZZ,WEST,1962,198,2217.62,432,49,551.48
2026-04-18,PIZZ,NORTHEAST,1811,177,2042.04,409,50,575.73
2026-04-18,PIZZ,SOUTHEAST,1551,147,1720.96,395,47,538.8
2026-04-18,PIZZ,MIDWEST,1518,134,1595.72,233,25,284.0
2026-04-18,PIZZ,WEST,1828,151,1679.82,431,50,565.73
2026-04-19,PIZZ,NORTHEAST,1775,180,2132.03,365,41,493.71
2026-04-19,PIZZ,SOUTHEAST,1571,140,1560.06,289,29,342.48
2026-04-19,PIZZ,MIDWEST,1478,146,1737.53,289,31,353.72
2026-04-19,PIZZ,WEST,2111,196,2191.59,390,49,546.34
2026-04-20,PIZZ,NORTHEAST,1679,163,1944.5,362,39,414.29
2026-04-20,PIZZ,SOUTHEAST,1479,138,1639.42,364,41,428.41
2026-04-20,PIZZ,MIDWEST,1441,146,1753.3,295,31,356.84
2026-04-20,PIZZ,WEST,1982,206,2461.67,463,53,557.42
2026-04-21,PIZZ,NORTHEAST,1832,173,2047.82,385,46,497.68
2026-04-21,PIZZ,SOUTHEAST,1622,165,1997.56,317,37,414.21
2026-04-21,PIZZ,MIDWEST,1450,139,1626.23,302,36,420.14
2026-04-21,PIZZ,WEST,1816,189,2112.85,417,44,501.97
2026-04-22,PIZZ,NORTHEAST,1773,175,1923.44,394,48,530.39
2026-04-22,PIZZ,SOUTHEAST,1533,147,1798.03,382,48,511.09
2026-04-22,PIZZ,MIDWEST,1434,132,1535.83,292,31,366.61
2026-04-22,PIZZ,WEST,1855,185,2140.86,414,50,556.94
2026-04-23,PIZZ,NORTHEAST,1913,206,2442.33,387,42,435.19
2026-04-23,PIZZ,SOUTHEAST,1621,149,1851.64,343,37,395.69
2026-04-23,PIZZ,MIDWEST,1428,132,1454.62,347,41,484.68
2026-04-23,PIZZ,WEST,2041,195,2340.57,438,54,602.85
2026-04-24,PIZZ,NORTHEAST,1819,155,1786.61,414,47,526.91
2026-04-24,PIZZ,SOUTHEAST,1709,175,1961.61,365,43,518.55
2026-04-24,PIZZ,MIDWEST,1458,136,1576.0,354,32,374.85
2026-04-24,PIZZ,WEST,2089,198,2379.99,417,43,450.64
2026-04-25,PIZZ,NORTHEAST,1778,174,2033.85,362,41,469.11
2026-04-25,PIZZ,SOUTHEAST,1650,171,1928.23,376,42,470.18
2026-04-25,PIZZ,MIDWEST,1395,133,1489.48,309,38,410.3
2026-04-25,PIZZ,WEST,1942,189,2239.93,490,52,573.94
2026-04-26,PIZZ,NORTHEAST,1680,164,1918.3,416,43,493.13
2026-04-26,PIZZ,SOUTHEAST,1519,134,1534.82,342,40,452.72
2026-04-26,PIZZ,MIDWEST,1380,139,1652.73,321,34,362.46
2026-04-26,PIZZ,WEST,1996,190,2223.01,463,53,578.62
2026-04-27,PIZZ,NORTHEAST,1821,173,1877.37,396,49,549.45
2026-04-27,PIZZ,SOUTHEAST,1576,145,1706.79,360,36,375.59
2026-04-27,PIZZ,MIDWEST,1598,149,1737.5,335,39,443.96
2026-04-27,PIZZ,WEST,1978,184,2122.92,452,58,684.93
2026-04-28,PIZZ,NORTHEAST,1856,194,2227.84,391,36,417.83
2026-04-28,PIZZ,SOUTHEAST,1646,145,1714.08,366,42,487.38
2026-04-28,PIZZ,MIDWEST,1478,140,1608.48,360,37,417.81
2026-04-28,PIZZ,WEST,2060,212,2354.58,478,53,584.38
2026-04-29,PIZZ,NORTHEAST,1872,180,1933.99,444,46,522.84
2026-04-29,PIZZ,SOUTHEAST,1567,142,1658.39,395,41,481.4
2026-04-29,PIZZ,MIDWEST,1393,135,1658.0,326,38,430.82
2026-04-29,PIZZ,WEST,2054,207,2414.48,466,54,585.92
2026-04-30,PIZZ,NORTHEAST,1636,158,1845.61,514,56,594.58
2026-04-30,PIZZ,SOUTHEAST,1564,144,1699.41,368,43,473.07
2026-04-30,PIZZ,MIDWEST,1398,134,1563.46,302,35,391.23
2026-04-30,PIZZ,WEST,2157,202,2377.42,432,51,554.98
2026-05-01,PIZZ,NORTHEAST,1808,180,2013.44,358,40,443.34
2026-05-01,PIZZ,SOUTHEAST,1655,169,1936.24,375,39,442.04
2026-05-01,PIZZ,MIDWEST,1511,143,1704.06,328,36,418.67
2026-05-01,PIZZ,WEST,2091,199,2251.0,480,49,558.59
2026-05-02,PIZZ,NORTHEAST,1756,157,1822.74,516,61,688.83
2026-05-02,PIZZ,SOUTHEAST,1519,149,1657.12,371,43,514.38
2026-05-02,PIZZ,MIDWEST,1382,135,1556.09,294,35,424.58
2026-05-02,PIZZ,WEST,2046,185,2142.13,495,52,577.49
2026-05-03,PIZZ,NORTHEAST,1737,164,1889.2,438,51,551.35
2026-05-03,PIZZ,SOUTHEAST,1736,154,1820.02,454,57,633.65
2026-05-03,PIZZ,MIDWEST,1471,132,1555.83,323,40,451.16
2026-05-03,PIZZ,WEST,1910,189,2168.34,489,52,564.68
2026-05-04,PIZZ,NORTHEAST,1872,197,2412.22,478,55,634.02
2026-05-04,PIZZ,SOUTHEAST,1607,152,1754.39,426,50,522.26
2026-05-04,PIZZ,MIDWEST,1457,148,1756.13,336,38,425.46
2026-05-04,PIZZ,WEST,2062,202,2336.69,520,50,520.69
2026-05-05,PIZZ,NORTHEAST,1860,156,1900.46,454,52,607.85
2026-05-05,PIZZ,SOUTHEAST,1774,169,1992.17,370,38,400.86
2026-05-05,PIZZ,MIDWEST,1530,141,1724.98,324,34,383.35
2026-05-05,PIZZ,WEST,2072,186,2129.55,461,60,674.99
2026-05-06,PIZZ,NORTHEAST,1833,166,1922.27,420,56,620.26
2026-05-06,PIZZ,SOUTHEAST,1447,126,1371.87,359,34,402.34
2026-05-06,PIZZ,MIDWEST,1410,123,1515.06,343,44,485.36
2026-05-06,PIZZ,WEST,1973,193,2350.91,492,63,673.79
2026-05-07,PIZZ,NORTHEAST,1989,192,2244.15,445,51,586.78
2026-05-07,PIZZ,SOUTHEAST,1632,141,1739.87,386,41,434.82
2026-05-07,PIZZ,MIDWEST,1485,133,1541.34,406,49,547.65
2026-05-07,PIZZ,WEST,1872,176,2077.43,457,49,555.2
2026-05-08,PIZZ,NORTHEAST,1766,181,2021.3,436,46,519.7
2026-05-08,PIZZ,SOUTHEAST,1558,155,1908.03,409,48,521.58
2026-05-08,PIZZ,MIDWEST,1514,136,1574.53,378,39,450.83
2026-05-08,PIZZ,WEST,1953,188,2164.01,452,54,605.07
2026-05-09,PIZZ,NORTHEAST,1808,167,1971.81,444,51,604.33
2026-05-09,PIZZ,SOUTHEAST,1585,153,1763.65,424,47,541.67
2026-05-09,PIZZ,MIDWEST,1392,128,1566.76,373,48,532.96
2026-05-09,PIZZ,WEST,1868,176,2068.53,497,50,520.88
2026-05-10,PIZZ,NORTHEAST,1950,175,2064.19,498,60,586.89
2026-05-10,PIZZ,SOUTHEAST,1486,128,1521.23,399,40,459.89
2026-05-10,PIZZ,MIDWEST,1485,140,1560.11,379,40,438.68
2026-05-10,PIZZ,WEST,1994,190,2188.75,504,60,668.93
2026-05-11,PIZZ,NORTHEAST,1567,140,1630.55,504,55,592.31
2026-05-11,PIZZ,SOUTHEAST,1647,145,1714.41,398,46,514.18
2026-05-11,PIZZ,MIDWEST,1461,146,1690.3,350,40,478.3
2026-05-11,PIZZ,WEST,2076,184,2061.09,506,51,534.43
2026-05-12,PIZZ,NORTHEAST,1891,189,2260.06,532,51,565.79
2026-05-12,PIZZ,SOUTHEAST,1562,156,1760.76,438,53,613.62
2026-05-12,PIZZ,MIDWEST,1548,159,1855.17,331,39,457.38
2026-05-12,PIZZ,WEST,2089,173,1958.97,545,65,721.24
2026-05-13,PIZZ,NORTHEAST,1806,162,1913.29,542,62,643.24
2026-05-13,PIZZ,SOUTHEAST,1560,151,1790.52,402,42,476.45
2026-05-13,PIZZ,MIDWEST,1456,138,1608.81,379,41,418.2
2026-05-13,PIZZ,WEST,1851,170,2024.78,485,64,708.57
2026-05-14,PIZZ,NORTHEAST,1723,169,2040.92,536,65,739.94
2026-05-14,PIZZ,SOUTHEAST,1588,151,1773.93,407,48,494.18
2026-05-14,PIZZ,MIDWEST,1387,127,1479.51,397,46,522.86
2026-05-14,PIZZ,WEST,1832,194,2230.77,579,67,750.27
2026-05-15,PIZZ,NORTHEAST,1772,166,1837.02,469,63,714.14
2026-05-15,PIZZ,SOUTHEAST,1567,143,1646.47,428,54,608.09
2026-05-15,PIZZ,MIDWEST,1396,114,1393.02,421,47,536.53
2026-05-15,PIZZ,WEST,1934,174,2176.79,431,48,540.14
2026-05-16,PIZZ,NORTHEAST,1841,173,2000.13,499,52,549.73
2026-05-16,PIZZ,SOUTHEAST,1663,149,1768.29,478,60,702.11
2026-05-16,PIZZ,MIDWEST,1362,128,1492.49,422,47,548.96
2026-05-16,PIZZ,WEST,1990,202,2356.94,541,56,615.5
2026-05-17,PIZZ,NORTHEAST,1936,198,2144.94,583,75,814.54
2026-05-17,PIZZ,SOUTHEAST,1675,166,1786.62,436,50,552.55
2026-05-17,PIZZ,MIDWEST,1336,124,1470.33,405,42,510.45
2026-05-17,PIZZ,WEST,1868,168,1991.78,517,56,609.64
2026-05-18,PIZZ,NORTHEAST,1783,191,2201.52,472,49,545.38
2026-05-18,PIZZ,SOUTHEAST,1661,148,1694.72,458,49,532.06
2026-05-18,PIZZ,MIDWEST,1486,150,1724.58,331,39,405.34
2026-05-18,PIZZ,WEST,2156,205,2432.29,556,68,777.66
2026-05-19,PIZZ,NORTHEAST,1832,174,1927.35,524,58,652.38
2026-05-19,PIZZ,SOUTHEAST,1690,150,1705.02,477,51,555.35
2026-05-19,PIZZ,MIDWEST,1402,136,1567.59,404,51,576.34
2026-05-19,PIZZ,WEST,2020,188,2163.01,482,54,622.24
2026-05-20,PIZZ,NORTHEAST,1958,176,2054.99,521,61,661.67
2026-05-20,PIZZ,SOUTHEAST,1422,129,1470.49,439,49,529.3
2026-05-20,PIZZ,MIDWEST,1449,130,1445.16,412,46,523.23
2026-05-20,PIZZ,WEST,2069,175,2025.15,495,57,598.09
2026-05-21,PIZZ,NORTHEAST,1553,156,1752.66,482,56,645.23
2026-05-21,PIZZ,SOUTHEAST,1623,148,1815.76,443,46,521.5
2026-05-21,PIZZ,MIDWEST,1386,131,1487.7,417,41,457.59
2026-05-21,PIZZ,WEST,2037,192,2229.32,655,75,800.84
2026-05-22,PIZZ,NORTHEAST,1794,180,2068.72,439,48,511.1
2026-05-22,PIZZ,SOUTHEAST,1589,134,1624.45,455,54,599.84
2026-05-22,PIZZ,MIDWEST,1488,136,1561.38,376,40,463.2
2026-05-22,PIZZ,WEST,2066,186,2059.17,598,63,674.67
2026-05-23,PIZZ,NORTHEAST,1764,173,2036.76,500,50,552.22
2026-05-23,PIZZ,SOUTHEAST,1703,160,1896.31,464,51,576.13
2026-05-23,PIZZ,MIDWEST,1434,153,1789.66,408,46,520.36
2026-05-23,PIZZ,WEST,2001,196,2335.96,577,55,632.4
2026-05-24,PIZZ,NORTHEAST,1819,184,1990.52,550,51,569.45
2026-05-24,PIZZ,SOUTHEAST,1588,156,1700.16,493,48,529.18
2026-05-24,PIZZ,MIDWEST,1387,133,1531.27,417,44,484.18
2026-05-24,PIZZ,WEST,1892,180,2054.64,522,62,703.36
2026-05-25,PIZZ,NORTHEAST,1934,179,2129.38,494,60,711.03
2026-05-25,PIZZ,SOUTHEAST,1730,144,1613.28,394,48,564.18
2026-05-25,PIZZ,MIDWEST,1407,124,1413.81,385,41,446.35
2026-05-25,PIZZ,WEST,2044,213,2469.99,610,78,912.3
2026-05-26,PIZZ,NORTHEAST,1774,170,2058.45,572,72,782.01
2026-05-26,PIZZ,SOUTHEAST,1615,158,1831.21,550,75,805.39
2026-05-26,PIZZ,MIDWEST,1391,129,1513.83,458,60,645.28
2026-05-26,PIZZ,WEST,1966,192,2196.14,602,61,684.79
2026-05-27,PIZZ,NORTHEAST,1783,170,1915.92,495,54,563.82
2026-05-27,PIZZ,SOUTHEAST,1460,126,1493.44,466,54,597.28
2026-05-27,PIZZ,MIDWEST,1558,141,1631.17,450,51,578.43
2026-05-27,PIZZ,WEST,2023,177,1985.1,551,67,822.01
2026-05-28,PIZZ,NORTHEAST,1696,161,1754.56,525,61,682.67
2026-05-28,PIZZ,SOUTHEAST,1509,137,1669.67,484,52,581.56
2026-05-28,PIZZ,MIDWEST,1376,124,1432.07,424,47,529.76
2026-05-28,PIZZ,WEST,1833,158,1890.63,564,63,686.09
2026-05-29,PIZZ,NORTHEAST,1747,151,1759.06,533,56,621.66
2026-05-29,PIZZ,SOUTHEAST,1700,139,1665.04,458,50,563.78
2026-05-29,PIZZ,MIDWEST,1489,139,1646.67,383,39,413.66
2026-05-29,PIZZ,WEST,1935,168,1890.7,623,70,730.85
2026-05-30,PIZZ,NORTHEAST,1904,189,2278.15,439,44,473.2
2026-05-30,PIZZ,SOUTHEAST,1625,155,1833.0,459,56,678.86
2026-05-30,PIZZ,MIDWEST,1441,142,1661.19,342,37,402.36
2026-05-30,PIZZ,WEST,2027,197,2250.7,544,57,630.23
2026-05-31,PIZZ,NORTHEAST,1763,164,1963.08,494,64,705.26
2026-05-31,PIZZ,SOUTHEAST,1716,159,1882.05,461,56,619.63
2026-05-31,PIZZ,MIDWEST,1331,121,1368.29,456,49,565.93
2026-05-31,PIZZ,WEST,2044,196,2237.78,651,73,807.12
2026-06-01,PIZZ,NORTHEAST,1887,169,2044.38,584,70,770.09
2026-06-01,PIZZ,SOUTHEAST,1567,149,1669.83,504,53,616.15
2026-06-01,PIZZ,MIDWEST,1442,141,1596.08,437,47,518.85
2026-06-01,PIZZ,WEST,1857,181,2057.15,624,74,865.98
2026-06-02,PIZZ,NORTHEAST,1848,153,1744.87,497,50,537.79
2026-06-02,PIZZ,SOUTHEAST,1672,160,1884.65,453,49,559.49
2026-06-02,PIZZ,MIDWEST,1454,125,1459.91,443,56,620.83
2026-06-02,PIZZ,WEST,1711,161,1940.7,529,64,748.97
2026-06-03,PIZZ,NORTHEAST,1813,162,1889.55,543,63,736.39
2026-06-03,PIZZ,SOUTHEAST,1634,147,1746.32,489,49,547.56
2026-06-03,PIZZ,MIDWEST,1574,142,1666.73,395,44,488.96
2026-06-03,PIZZ,WEST,1999,185,2145.55,652,70,750.7
2026-06-04,PIZZ,NORTHEAST,1896,181,2055.94,506,52,634.96
2026-06-04,PIZZ,SOUTHEAST,1675,157,1874.69,528,72,819.87
2026-06-04,PIZZ,MIDWEST,1475,134,1608.47,463,53,532.17
2026-06-04,PIZZ,WEST,1958,171,2040.0,518,56,596.3
2026-06-05,PIZZ,NORTHEAST,1799,168,1980.89,538,60,630.83
2026-06-05,PIZZ,SOUTHEAST,1632,145,1747.21,595,59,657.15
2026-06-05,PIZZ,MIDWEST,1347,115,1352.25,469,52,598.96
2026-06-05,PIZZ,WEST,1980,177,2163.77,649,74,850.63
2026-06-06,PIZZ,NORTHEAST,1876,171,2063.05,496,51,570.43
2026-06-06,PIZZ,SOUTHEAST,1511,152,1774.22,552,63,690.39
2026-06-06,PIZZ,MIDWEST,1421,138,1594.1,382,48,530.82
2026-06-06,PIZZ,WEST,1949,178,2007.72,492,53,578.22
2026-06-07,PIZZ,NORTHEAST,1810,168,1931.74,535,69,778.9
2026-06-07,PIZZ,SOUTHEAST,1613,136,1551.93,514,53,572.79
2026-06-07,PIZZ,MIDWEST,1360,123,1446.72,449,50,561.07
2026-06-07,PIZZ,WEST,2053,156,1757.17,612,71,717.07
2026-06-08,PIZZ,NORTHEAST,1752,173,2007.44,579,70,802.4
2026-06-08,PIZZ,SOUTHEAST,1554,144,1639.36,537,64,741.31
2026-06-08,PIZZ,MIDWEST,1461,113,1313.31,428,51,596.19
2026-06-08,PIZZ,WEST,2002,178,2104.67,673,84,965.34
2026-06-09,PIZZ,NORTHEAST,1772,165,1918.09,634,63,661.54
2026-06-09,PIZZ,SOUTHEAST,1703,167,1979.52,515,63,697.92
2026-06-09,PIZZ,MIDWEST,1389,132,1490.34,475,53,589.44
2026-06-09,PIZZ,WEST,2150,181,2128.33,697,85,956.21
2026-06-10,PIZZ,NORTHEAST,1714,170,1956.0,674,77,884.02
2026-06-10,PIZZ,SOUTHEAST,1687,150,1745.42,572,63,721.51
2026-06-10,PIZZ,MIDWEST,1417,135,1581.61,475,60,640.15
2026-06-10,PIZZ,WEST,1880,153,1948.52,619,77,841.04
2026-06-11,PIZZ,NORTHEAST,1750,153,1891.0,549,57,647.52
2026-06-11,PIZZ,SOUTHEAST,1663,156,1760.54,531,64,695.69
2026-06-11,PIZZ,MIDWEST,1550,138,1627.17,477,53,610.87
2026-06-11,PIZZ,WEST,1836,168,1881.82,668,65,738.85
2026-06-12,PIZZ,NORTHEAST,1738,168,1934.28,665,74,813.28
2026-06-12,PIZZ,SOUTHEAST,1567,140,1558.32,537,52,580.02
2026-06-12,PIZZ,MIDWEST,1397,125,1418.47,459,51,575.96
2026-06-12,PIZZ,WEST,2114,189,2253.15,693,84,921.65
2026-06-13,PIZZ,NORTHEAST,1972,165,1883.64,608,65,729.1
2026-06-13,PIZZ,SOUTHEAST,1665,152,1750.12,554,61,662.95
2026-06-13,PIZZ,MIDWEST,1310,124,1520.78,436,47,548.85
2026-06-13,PIZZ,WEST,1849,159,1877.23,654,78,815.23
2026-06-14,PIZZ,NORTHEAST,1860,163,1960.38,635,69,799.89
2026-06-14,PIZZ,SOUTHEAST,1596,137,1573.59,478,53,568.04
2026-06-14,PIZZ,MIDWEST,1517,130,1568.39,506,50,550.51
2026-06-14,PIZZ,WEST,1946,171,1982.31,763,85,902.05
2026-06-15,PIZZ,NORTHEAST,1711,151,1879.88,577,73,762.51
2026-06-15,PIZZ,SOUTHEAST,1574,140,1610.23,552,65,712.74
2026-06-15,PIZZ,MIDWEST,1337,123,1433.53,505,53,619.72
2026-06-15,PIZZ,WEST,2002,169,2016.16,608,65,712.39
2026-06-16,PIZZ,NORTHEAST,1817,189,2178.3,630,74,812.84
2026-06-16,PIZZ,SOUTHEAST,1490,136,1487.35,560,56,630.35
2026-06-16,PIZZ,MIDWEST,1508,131,1557.01,528,55,556.26
2026-06-16,PIZZ,WEST,1910,177,1995.73,664,77,874.62
2026-06-17,PIZZ,NORTHEAST,1897,177,2006.52,594,59,668.1
2026-06-17,PIZZ,SOUTHEAST,1780,149,1761.4,579,82,978.6
2026-06-17,PIZZ,MIDWEST,1407,136,1620.85,419,48,529.43
2026-06-17,PIZZ,WEST,2138,192,2271.53,750,92,972.05
2026-06-18,PIZZ,NORTHEAST,1792,167,1975.38,601,74,794.1
2026-06-18,PIZZ,SOUTHEAST,1580,157,1810.15,490,62,654.05
2026-06-18,PIZZ,MIDWEST,1386,128,1529.84,521,64,733.26
2026-06-18,PIZZ,WEST,2034,186,2150.01,646,87,1000.09
2026-06-19,PIZZ,NORTHEAST,1821,178,2106.21,648,75,856.38
2026-06-19,PIZZ,SOUTHEAST,1632,137,1613.75,584,67,735.6
2026-06-19,PIZZ,MIDWEST,1453,132,1490.13,492,53,557.01
2026-06-19,PIZZ,WEST,2017,187,2234.27,665,79,877.26
2026-06-20,PIZZ,NORTHEAST,1848,160,1919.92,587,56,623.2
2026-06-20,PIZZ,SOUTHEAST,1496,144,1617.64,563,55,627.28
2026-06-20,PIZZ,MIDWEST,1538,137,1656.47,491,51,558.8
2026-06-20,PIZZ,WEST,1895,179,2117.22,776,83,913.39
2026-06-21,PIZZ,NORTHEAST,1742,151,1740.2,653,78,904.28
2026-06-21,PIZZ,SOUTHEAST,1590,143,1647.74,408,46,517.8
2026-06-21,PIZZ,MIDWEST,1397,128,1544.18,450,53,571.19
2026-06-21,PIZZ,WEST,1958,176,2033.33,770,87,953.15
2026-06-22,PIZZ,NORTHEAST,1697,169,1997.73,630,67,732.25
2026-06-22,PIZZ,SOUTHEAST,1748,151,1701.97,629,66,751.23
2026-06-22,PIZZ,MIDWEST,1575,132,1497.48,554,70,837.55
2026-06-22,PIZZ,WEST,2001,184,2069.24,678,77,864.45
2026-06-23,PIZZ,NORTHEAST,1717,154,1845.2,714,85,977.49
2026-06-23,PIZZ,SOUTHEAST,1740,139,1717.76,569,56,631.83
2026-06-23,PIZZ,MIDWEST,1489,130,1577.05,543,73,813.93
2026-06-23,PIZZ,WEST,1977,174,1968.97,718,96,1039.94
2026-06-24,PIZZ,NORTHEAST,1722,158,1798.61,663,74,804.91
2026-06-24,PIZZ,SOUTHEAST,1574,143,1741.82,484,63,714.87
2026-06-24,PIZZ,MIDWEST,1540,147,1748.04,475,50,577.61
2026-06-24,PIZZ,WEST,2031,207,2179.36,666,60,717.6
2026-06-25,PIZZ,NORTHEAST,1731,143,1696.53,678,69,745.95
2026-06-25,PIZZ,SOUTHEAST,1597,158,1795.48,573,70,783.4
2026-06-25,PIZZ,MIDWEST,1407,128,1550.04,511,63,668.78
2026-06-25,PIZZ,WEST,1942,169,2027.82,640,63,709.72
2026-06-26,PIZZ,NORTHEAST,1894,193,2138.77,577,72,822.94
2026-06-26,PIZZ,SOUTHEAST,1576,145,1744.44,607,59,653.78
2026-06-26,PIZZ,MIDWEST,1448,140,1690.32,520,62,674.57
2026-06-26,PIZZ,WEST,1886,173,1927.85,589,59,676.16
2026-06-27,PIZZ,NORTHEAST,1801,162,1970.65,666,74,857.53
2026-06-27,PIZZ,SOUTHEAST,1613,131,1499.85,556,64,711.84
2026-06-27,PIZZ,MIDWEST,1471,133,1534.12,503,56,614.15
2026-06-27,PIZZ,WEST,1827,157,1855.01,646,81,915.59
2026-06-28,PIZZ,NORTHEAST,1776,145,1677.33,633,75,870.34
2026-06-28,PIZZ,SOUTHEAST,1696,160,1911.18,669,80,914.63
2026-06-28,PIZZ,MIDWEST,1395,127,1502.24,450,59,652.94
2026-06-28,PIZZ,WEST,2041,160,1866.71,651,73,776.69
2026-06-29,PIZZ,NORTHEAST,1695,137,1658.02,615,63,661.6
2026-06-29,PIZZ,SOUTHEAST,1601,158,1834.85,546,61,660.27
2026-06-29,PIZZ,MIDWEST,1416,122,1477.44,615,68,722.87
2026-06-29,PIZZ,WEST,1994,181,2170.1,688,77,854.99
2026-06-30,PIZZ,NORTHEAST,1779,164,1939.72,682,66,751.45
2026-06-30,PIZZ,SOUTHEAST,1630,130,1516.79,560,63,665.96
2026-06-30,PIZZ,MIDWEST,1491,140,1677.7,548,65,736.96
2026-06-30,PIZZ,WEST,2096,189,2263.43,656,79,874.57
2026-07-01,PIZZ,NORTHEAST,1940,180,2044.14,687,75,875.61
2026-07-01,PIZZ,SOUTHEAST,1620,145,1687.96,543,62,685.07
2026-07-01,PIZZ,MIDWEST,1441,138,1555.19,527,67,740.29
2026-07-01,PIZZ,WEST,1938,177,2134.17,734,91,972.43
2026-07-02,PIZZ,NORTHEAST,1917,169,2011.96,723,78,934.68
2026-07-02,PIZZ,SOUTHEAST,1635,144,1757.0,637,86,952.42
2026-07-02,PIZZ,MIDWEST,1345,124,1367.87,570,65,656.99
2026-07-02,PIZZ,WEST,1961,167,1832.7,679,72,801.06
2026-07-03,PIZZ,NORTHEAST,1707,165,2048.68,701,74,822.73
2026-07-03,PIZZ,SOUTHEAST,1614,137,1586.33,666,71,813.01
2026-07-03,PIZZ,MIDWEST,1418,120,1382.42,574,65,700.93
2026-07-03,PIZZ,WEST,1950,164,1926.13,792,97,1158.7
2026-07-04,PIZZ,NORTHEAST,1852,144,1695.48,598,66,706.89
2026-07-04,PIZZ,SOUTHEAST,1654,148,1697.67,610,60,643.19
2026-07-04,PIZZ,MIDWEST,1477,147,1682.05,594,66,767.9
2026-07-04,PIZZ,WEST,1851,168,2029.3,669,76,809.36
2026-07-05,PIZZ,NORTHEAST,1763,161,1857.34,640,74,790.56
2026-07-05,PIZZ,SOUTHEAST,1581,135,1581.88,568,59,633.28
2026-07-05,PIZZ,MIDWEST,1346,123,1475.68,533,54,565.06
2026-07-05,PIZZ,WEST,1922,168,1949.12,738,87,933.24
2026-07-06,PIZZ,NORTHEAST,1963,165,1894.92,669,71,717.99
2026-07-06,PIZZ,SOUTHEAST,1697,183,2201.23,523,59,650.52
2026-07-06,PIZZ,MIDWEST,1518,137,1582.49,509,59,651.25
2026-07-06,PIZZ,WEST,1997,183,2130.22,745,82,908.2
2026-07-07,PIZZ,NORTHEAST,1669,130,1498.07,721,79,844.14
2026-07-07,PIZZ,SOUTHEAST,1614,135,1523.41,593,67,747.08
2026-07-07,PIZZ,MIDWEST,1522,133,1479.07,500,53,588.15
2026-07-07,PIZZ,WEST,1845,170,2004.64,702,87,954.76
2026-07-08,PIZZ,NORTHEAST,1703,147,1672.31,742,80,926.35
2026-07-08,PIZZ,SOUTHEAST,1642,146,1724.79,608,66,699.37
2026-07-08,PIZZ,MIDWEST,1500,154,1735.86,551,72,856.05
2026-07-08,PIZZ,WEST,2132,190,2303.95,764,80,897.47
2026-07-09,PIZZ,NORTHEAST,1835,179,2049.0,646,75,858.71
2026-07-09,PIZZ,SOUTHEAST,1752,160,1839.65,626,88,900.14
2026-07-09,PIZZ,MIDWEST,1434,141,1657.5,516,56,641.12
2026-07-09,PIZZ,WEST,1879,171,1991.9,803,97,1115.41
2026-07-10,PIZZ,NORTHEAST,1819,170,1974.83,648,73,830.37
2026-07-10,PIZZ,SOUTHEAST,1692,168,1939.03,578,60,677.09
2026-07-10,PIZZ,MIDWEST,1292,106,1241.47,571,57,648.32
2026-07-10,PIZZ,WEST,1981,185,2222.35,759,87,978.83
2026-07-11,PIZZ,NORTHEAST,1700,157,1742.02,763,91,979.62
2026-07-11,PIZZ,SOUTHEAST,1616,139,1644.07,695,78,870.98
2026-07-11,PIZZ,MIDWEST,1524,135,1623.27,528,59,676.7
2026-07-11,PIZZ,WEST,2095,174,2019.38,855,100,1079.04
2026-07-12,PIZZ,NORTHEAST,1830,158,1918.98,662,69,771.57
2026-07-12,PIZZ,SOUTHEAST,1615,144,1635.37,672,75,802.33
2026-07-12,PIZZ,MIDWEST,1656,153,1751.51,604,64,742.3
2026-07-12,PIZZ,WEST,2115,198,2369.36,848,113,1432.56
2026-07-13,PIZZ,NORTHEAST,1595,149,1738.13,817,95,1086.66
2026-07-13,PIZZ,SOUTHEAST,1595,153,1829.7,651,86,1032.64
2026-07-13,PIZZ,MIDWEST,1484,132,1521.06,674,72,821.37
2026-07-13,PIZZ,WEST,1913,164,1866.78,883,98,1017.71
2026-07-14,PIZZ,NORTHEAST,1709,140,1613.56,687,88,942.65
2026-07-14,PIZZ,SOUTHEAST,1527,138,1705.88,627,67,793.19
2026-07-14,PIZZ,MIDWEST,1319,118,1355.36,602,71,789.59
2026-07-14,PIZZ,WEST,1943,174,2011.5,753,86,966.84
2026-07-15,PIZZ,NORTHEAST,1952,179,2027.26,735,79,945.32
2026-07-15,PIZZ,SOUTHEAST,1648,142,1605.89,683,73,768.85
2026-07-15,PIZZ,MIDWEST,1431,121,1411.94,589,77,902.54
2026-07-15,PIZZ,WEST,2105,180,2129.98,732,80,869.49
2026-07-16,PIZZ,NORTHEAST,1691,133,1586.86,726,77,867.66
2026-07-16,PIZZ,SOUTHEAST,1596,148,1711.47,676,62,747.33
2026-07-16,PIZZ,MIDWEST,1490,127,1432.67,472,51,557.21
2026-07-16,PIZZ,WEST,1942,169,1974.37,674,65,748.45
2026-07-17,PIZZ,NORTHEAST,1790,170,1910.07,701,72,881.82
2026-07-17,PIZZ,SOUTHEAST,1463,121,1428.9,707,67,711.6
2026-07-17,PIZZ,MIDWEST,1268,118,1405.26,568,59,649.18
2026-07-17,PIZZ,WEST,1952,176,1980.47,870,90,981.53
2026-07-18,PIZZ,NORTHEAST,1770,165,1921.73,828,104,1121.77
2026-07-18,PIZZ,SOUTHEAST,1697,140,1571.01,747,89,1057.69
2026-07-18,PIZZ,MIDWEST,1426,123,1396.5,662,79,823.67
2026-07-18,PIZZ,WEST,1879,158,1771.78,870,98,1110.75
2026-07-19,PIZZ,NORTHEAST,1810,144,1647.13,669,82,922.75
2026-07-19,PIZZ,SOUTHEAST,1565,151,1889.46,606,58,654.63
2026-07-19,PIZZ,MIDWEST,1469,116,1295.28,542,65,726.7
2026-07-19,PIZZ,WEST,1838,153,1719.77,805,107,1259.99
2026-07-20,PIZZ,NORTHEAST,1873,154,1853.69,691,73,850.98
2026-07-20,PIZZ,SOUTHEAST,1597,148,1756.36,628,72,823.83
2026-07-20,PIZZ,MIDWEST,1430,117,1420.88,561,60,648.1
2026-07-20,PIZZ,WEST,2067,186,2281.76,711,78,868.47
2026-07-21,PIZZ,NORTHEAST,1769,143,1608.41,705,77,845.82
2026-07-21,PIZZ,SOUTHEAST,1589,131,1448.74,736,94,1042.27
2026-07-21,PIZZ,MIDWEST,1512,141,1690.61,560,64,699.51
2026-07-21,PIZZ,WEST,1812,147,1728.62,813,96,1066.87
2026-07-22,PIZZ,NORTHEAST,1809,163,1834.48,697,94,1059.56
2026-07-22,PIZZ,SOUTHEAST,1718,147,1718.52,744,87,986.52
2026-07-22,PIZZ,MIDWEST,1502,133,1486.88,531,54,563.85
2026-07-22,PIZZ,WEST,1762,144,1646.56,929,98,1096.49
2026-07-23,PIZZ,NORTHEAST,1777,156,1745.14,778,85,981.13
2026-07-23,PIZZ,SOUTHEAST,1637,133,1586.0,604,59,709.39
2026-07-23,PIZZ,MIDWEST,1481,139,1605.42,578,61,660.78
2026-07-23,PIZZ,WEST,1913,153,1852.66,756,92,974.87
2026-07-24,PIZZ,NORTHEAST,1804,150,1719.11,741,80,885.87
2026-07-24,PIZZ,SOUTHEAST,1588,132,1537.12,677,82,901.29
2026-07-24,PIZZ,MIDWEST,1345,114,1321.94,588,71,834.76
2026-07-24,PIZZ,WEST,2017,183,2172.97,809,93,1066.9
2026-07-25,PIZZ,NORTHEAST,1858,148,1718.65,742,86,1017.88
2026-07-25,PIZZ,SOUTHEAST,1738,146,1787.01,657,81,913.26
2026-07-25,PIZZ,MIDWEST,1442,122,1466.05,641,64,756.66
2026-07-25,PIZZ,WEST,1968,180,2053.75,831,94,922.84
2026-07-26,PIZZ,NORTHEAST,1934,177,2051.36,875,112,1306.98
2026-07-26,PIZZ,SOUTHEAST,1528,152,1792.38,776,82,913.88
2026-07-26,PIZZ,MIDWEST,1380,118,1338.8,563,69,761.55
2026-07-26,PIZZ,WEST,1949,152,1774.58,756,93,1013.06
2026-07-27,PIZZ,NORTHEAST,1836,158,1796.6,683,83,927.36
2026-07-27,PIZZ,SOUTHEAST,1520,135,1622.22,690,83,907.28
2026-07-27,PIZZ,MIDWEST,1293,104,1203.26,619,75,899.87
2026-07-27,PIZZ,WEST,1972,174,2078.04,852,94,1048.4
2026-07-28,PIZZ,NORTHEAST,1935,169,1869.15,861,97,1127.47
2026-07-28,PIZZ,SOUTHEAST,1566,120,1375.2,606,70,777.84
2026-07-28,PIZZ,MIDWEST,1403,136,1528.63,546,62,714.26
2026-07-28,PIZZ,WEST,1981,166,1983.5,698,71,775.77
2026-07-29,PIZZ,NORTHEAST,1621,142,1623.53,754,86,971.3
2026-07-29,PIZZ,SOUTHEAST,1623,143,1565.18,674,70,757.65
2026-07-29,PIZZ,MIDWEST,1245,101,1166.17,676,69,707.28
2026-07-29,PIZZ,WEST,1971,191,2268.1,821,96,1023.71
2026-07-30,PIZZ,NORTHEAST,1811,156,1919.11,717,84,950.96
2026-07-30,PIZZ,SOUTHEAST,1600,142,1763.45,617,71,819.54
2026-07-30,PIZZ,MIDWEST,1363,110,1219.54,712,84,908.4
2026-07-30,PIZZ,WEST,1915,165,1936.26,789,94,1075.98
2026-07-31,PIZZ,NORTHEAST,1920,173,2061.64,805,100,1135.93
2026-07-31,PIZZ,SOUTHEAST,1595,135,1543.96,705,75,828.11
2026-07-31,PIZZ,MIDWEST,1379,121,1407.82,634,79,875.27
2026-07-31,PIZZ,WEST,1800,164,1917.83,872,98,1059.93
2026-08-01,PIZZ,NORTHEAST,1670,150,1792.45,674,73,746.63
2026-08-01,PIZZ,SOUTHEAST,1474,136,1578.94,785,78,870.19
2026-08-01,PIZZ,MIDWEST,1505,139,1712.72,646,76,858.4
2026-08-01,PIZZ,WEST,2043,182,2121.66,847,102,1105.19
2026-08-02,PIZZ,NORTHEAST,1717,159,1835.29,764,89,968.3
2026-08-02,PIZZ,SOUTHEAST,1539,142,1714.64,654,73,827.65
2026-08-02,PIZZ,MIDWEST,1524,139,1661.75,608,70,814.49
2026-08-02,PIZZ,WEST,1864,172,2020.89,823,98,1110.82
2026-08-03,PIZZ,NORTHEAST,1742,151,1714.46,776,80,841.66
2026-08-03,PIZZ,SOUTHEAST,1683,133,1489.73,654,87,908.46
2026-08-03,PIZZ,MIDWEST,1404,117,1402.89,594,74,823.95
2026-08-03,PIZZ,WEST,2107,188,2185.39,782,85,933.82
2026-08-04,PIZZ,NORTHEAST,1767,160,1859.88,846,95,1041.28
2026-08-04,PIZZ,SOUTHEAST,1686,150,1791.07,737,80,900.26
2026-08-04,PIZZ,MIDWEST,1467,129,1572.29,530,61,686.9
2026-08-04,PIZZ,WEST,2070,176,2062.04,825,83,880.16
2026-08-05,PIZZ,NORTHEAST,1914,153,1801.9,704,85,964.01
2026-08-05,PIZZ,SOUTHEAST,1624,137,1595.08,735,81,824.54
2026-08-05,PIZZ,MIDWEST,1485,130,1505.35,613,50,555.64
2026-08-05,PIZZ,WEST,1933,174,2034.83,822,97,1069.46
2026-08-06,PIZZ,NORTHEAST,1812,156,1851.48,841,99,1169.32
2026-08-06,PIZZ,SOUTHEAST,1705,153,1759.43,705,81,899.88
2026-08-06,PIZZ,MIDWEST,1378,112,1329.29,645,74,766.28
2026-08-06,PIZZ,WEST,1807,160,1923.61,955,113,1291.65
2026-08-07,PIZZ,NORTHEAST,1663,153,1806.85,658,83,961.59
2026-08-07,PIZZ,SOUTHEAST,1584,128,1552.03,730,75,807.14
2026-08-07,PIZZ,MIDWEST,1475,125,1527.07,605,73,852.29
2026-08-07,PIZZ,WEST,1994,180,2058.13,980,113,1219.64
2026-08-08,PIZZ,NORTHEAST,1799,168,1949.57,712,75,870.2
2026-08-08,PIZZ,SOUTHEAST,1606,132,1550.69,753,90,975.23
2026-08-08,PIZZ,MIDWEST,1445,127,1487.57,658,75,837.67
2026-08-08,PIZZ,WEST,1842,151,1826.77,886,96,1107.43
2026-08-09,PIZZ,NORTHEAST,2013,201,2336.47,834,89,1019.16
2026-08-09,PIZZ,SOUTHEAST,1705,144,1612.87,683,79,829.05
2026-08-09,PIZZ,MIDWEST,1507,131,1497.3,651,69,790.94
2026-08-09,PIZZ,WEST,1954,176,2153.6,877,101,1015.69
2026-08-10,PIZZ,NORTHEAST,1859,166,1963.39,780,85,847.97
2026-08-10,PIZZ,SOUTHEAST,1619,135,1576.76,743,86,913.7
2026-08-10,PIZZ,MIDWEST,1490,133,1526.68,584,63,662.24
2026-08-10,PIZZ,WEST,1984,167,2042.09,966,104,1128.79
2026-08-11,PIZZ,NORTHEAST,1759,144,1726.6,790,72,789.65
2026-08-11,PIZZ,SOUTHEAST,1408,121,1436.65,709,69,758.13
2026-08-11,PIZZ,MIDWEST,1497,129,1422.14,593,67,740.96
2026-08-11,PIZZ,WEST,1999,165,1734.22,878,110,1262.44
2026-08-12,PIZZ,NORTHEAST,1629,135,1530.88,923,107,1100.62
2026-08-12,PIZZ,SOUTHEAST,1551,145,1724.04,735,72,745.97
2026-08-12,PIZZ,MIDWEST,1611,136,1524.89,634,85,1005.46
2026-08-12,PIZZ,WEST,2040,171,2048.89,1010,114,1242.96
2026-08-13,PIZZ,NORTHEAST,1805,160,1836.15,681,88,1004.77
2026-08-13,PIZZ,SOUTHEAST,1551,136,1630.59,808,89,971.06
2026-08-13,PIZZ,MIDWEST,1416,126,1363.07,755,84,927.92
2026-08-13,PIZZ,WEST,1899,157,1836.68,889,101,1085.06
2026-08-14,PIZZ,NORTHEAST,1882,157,1848.16,762,91,1033.17
2026-08-14,PIZZ,SOUTHEAST,1664,137,1595.49,768,97,1064.18
2026-08-14,PIZZ,MIDWEST,1466,127,1433.07,587,59,681.58
2026-08-14,PIZZ,WEST,1758,149,1664.76,910,100,1158.77
2026-08-15,PIZZ,NORTHEAST,1813,148,1757.31,800,95,1031.46
2026-08-15,PIZZ,SOUTHEAST,1449,130,1496.39,888,102,1066.78
2026-08-15,PIZZ,MIDWEST,1400,132,1529.58,635,71,786.32
2026-08-15,PIZZ,WEST,1918,154,1719.18,988,137,1545.59
2026-08-16,PIZZ,NORTHEAST,1917,172,2025.22,742,85,947.28
2026-08-16,PIZZ,SOUTHEAST,1600,135,1574.9,754,84,909.56
2026-08-16,PIZZ,MIDWEST,1428,125,1475.15,691,85,967.01
2026-08-16,PIZZ,WEST,2091,195,2212.75,924,105,1176.25
2026-08-17,PIZZ,NORTHEAST,1727,169,1851.39,803,96,989.54
2026-08-17,PIZZ,SOUTHEAST,1587,138,1572.4,794,78,819.72
2026-08-17,PIZZ,MIDWEST,1560,136,1589.57,571,61,697.47
2026-08-17,PIZZ,WEST,1857,152,1815.35,841,96,1045.24
2026-08-18,PIZZ,NORTHEAST,1677,145,1698.0,709,87,929.84
2026-08-18,PIZZ,SOUTHEAST,1549,135,1601.8,821,82,906.72
2026-08-18,PIZZ,MIDWEST,1497,124,1413.9,673,82,942.73
2026-08-18,PIZZ,WEST,2009,172,1934.69,873,86,997.53
2026-08-19,PIZZ,NORTHEAST,1831,157,1818.22,874,84,983.61
2026-08-19,PIZZ,SOUTHEAST,1668,137,1586.58,893,108,1267.1
2026-08-19,PIZZ,MIDWEST,1443,118,1359.0,737,85,925.27
2026-08-19,PIZZ,WEST,1709,154,1847.08,933,107,1177.68
2026-08-20,PIZZ,NORTHEAST,1681,147,1651.3,849,98,1088.78
2026-08-20,PIZZ,SOUTHEAST,1526,124,1457.42,686,72,810.5
2026-08-20,PIZZ,MIDWEST,1396,123,1429.65,690,76,809.07
2026-08-20,PIZZ,WEST,1829,163,1928.14,879,114,1276.75
2026-08-21,PIZZ,NORTHEAST,1803,160,1822.78,812,88,969.49
2026-08-21,PIZZ,SOUTHEAST,1688,151,1711.11,835,117,1252.73
2026-08-21,PIZZ,MIDWEST,1543,122,1405.66,694,64,708.11
2026-08-21,PIZZ,WEST,2010,185,2177.86,978,92,1016.32
2026-08-22,PIZZ,NORTHEAST,1769,174,2101.73,808,101,1071.52
2026-08-22,PIZZ,SOUTHEAST,1660,134,1624.51,809,102,1161.85
2026-08-22,PIZZ,MIDWEST,1431,118,1363.35,693,82,930.06
2026-08-22,PIZZ,WEST,1973,177,2002.12,963,97,1085.29
2026-08-23,PIZZ,NORTHEAST,1777,166,1900.99,825,81,929.45
2026-08-23,PIZZ,SOUTHEAST,1502,140,1560.84,728,69,761.29
2026-08-23,PIZZ,MIDWEST,1471,139,1657.0,696,75,824.5
2026-08-23,PIZZ,WEST,2195,210,2506.34,858,100,1139.27
2026-08-24,PIZZ,NORTHEAST,1697,150,1780.48,869,93,1091.25
2026-08-24,PIZZ,SOUTHEAST,1571,139,1669.28,741,88,1032.98
2026-08-24,PIZZ,MIDWEST,1484,125,1473.82,686,74,826.61
2026-08-24,PIZZ,WEST,1952,161,1836.64,851,100,1083.12
2026-08-25,PIZZ,NORTHEAST,1885,161,1888.03,852,106,1102.44
2026-08-25,PIZZ,SOUTHEAST,1612,141,1602.06,758,84,1023.61
2026-08-25,PIZZ,MIDWEST,1539,138,1720.27,815,99,1104.78
2026-08-25,PIZZ,WEST,1839,147,1693.51,935,112,1189.7
2026-08-26,PIZZ,NORTHEAST,1879,154,1791.25,795,92,939.99
2026-08-26,PIZZ,SOUTHEAST,1607,144,1583.23,770,80,875.54
2026-08-26,PIZZ,MIDWEST,1382,123,1511.75,726,82,773.52
2026-08-26,PIZZ,WEST,1871,162,1844.07,1017,119,1320.54
2026-08-27,PIZZ,NORTHEAST,1791,158,1879.12,833,97,1006.55
2026-08-27,PIZZ,SOUTHEAST,1660,153,1821.09,799,94,1066.63
2026-08-27,PIZZ,MIDWEST,1422,140,1642.67,718,78,895.9
2026-08-27,PIZZ,WEST,1968,177,2095.64,863,99,1133.48
2026-08-28,PIZZ,NORTHEAST,1881,162,1802.55,823,109,1236.75
2026-08-28,PIZZ,SOUTHEAST,1710,123,1442.39,827,95,1087.04
2026-08-28,PIZZ,MIDWEST,1522,136,1534.17,617,69,715.66
2026-08-28,PIZZ,WEST,1971,185,2103.61,1042,124,1353.22
2026-08-29,PIZZ,NORTHEAST,1792,143,1668.32,936,101,1112.77
2026-08-29,PIZZ,SOUTHEAST,1588,143,1737.91,760,79,891.54
2026-08-29,PIZZ,MIDWEST,1422,123,1476.43,720,86,897.11
2026-08-29,PIZZ,WEST,1943,163,1918.31,988,111,1153.31
2026-08-30,PIZZ,NORTHEAST,1826,162,1865.47,905,99,1057.41
2026-08-30,PIZZ,SOUTHEAST,1569,123,1408.53,675,78,903.21
2026-08-30,PIZZ,MIDWEST,1478,125,1433.12,624,69,808.29
2026-08-30,PIZZ,WEST,2023,154,1708.42,996,100,1030.52
2026-03-02,SUSH,NORTHEAST,2758,229,3194.93,197,24,316.4
2026-03-02,SUSH,SOUTHEAST,2307,178,2566.07,172,20,288.06
2026-03-02,SUSH,MIDWEST,2111,151,2235.61,169,18,266.06
2026-03-02,SUSH,WEST,2921,230,3347.43,222,25,387.05
2026-03-03,SUSH,NORTHEAST,2704,216,3338.35,247,26,373.48
2026-03-03,SUSH,SOUTHEAST,2442,194,2809.25,182,21,291.37
2026-03-03,SUSH,MIDWEST,2233,192,2757.39,155,17,273.33
2026-03-03,SUSH,WEST,3040,203,2884.89,201,23,325.93
2026-03-04,SUSH,NORTHEAST,2653,198,2805.51,239,26,361.06
2026-03-04,SUSH,SOUTHEAST,2451,187,2792.21,177,18,256.55
2026-03-04,SUSH,MIDWEST,2157,166,2322.77,155,17,246.56
2026-03-04,SUSH,WEST,3089,233,3207.18,231,26,377.27
2026-03-05,SUSH,NORTHEAST,2714,192,2835.58,171,21,290.78
2026-03-05,SUSH,SOUTHEAST,2539,179,2621.53,166,20,282.03
2026-03-05,SUSH,MIDWEST,2018,176,2536.47,156,15,225.13
2026-03-05,SUSH,WEST,2958,228,3353.77,232,28,376.77
2026-03-06,SUSH,NORTHEAST,2732,224,3151.97,222,28,368.16
2026-03-06,SUSH,SOUTHEAST,2553,206,3010.78,203,23,343.76
2026-03-06,SUSH,MIDWEST,2255,164,2373.23,153,18,258.52
2026-03-06,SUSH,WEST,2901,227,3389.57,253,29,426.85
2026-03-07,SUSH,NORTHEAST,2488,189,2886.29,216,21,290.81
2026-03-07,SUSH,SOUTHEAST,2404,192,2718.63,209,22,313.44
2026-03-07,SUSH,MIDWEST,2206,151,2132.77,188,21,299.04
2026-03-07,SUSH,WEST,2892,228,3472.68,262,32,481.18
2026-03-08,SUSH,NORTHEAST,2585,188,2717.96,241,24,336.3
2026-03-08,SUSH,SOUTHEAST,2423,197,2769.33,254,30,435.61
2026-03-08,SUSH,MIDWEST,2153,174,2690.64,174,19,254.39
2026-03-08,SUSH,WEST,2862,214,3132.09,257,28,385.63
2026-03-09,SUSH,NORTHEAST,2558,200,2889.44,212,25,359.03
2026-03-09,SUSH,SOUTHEAST,2457,188,2732.25,200,24,322.55
2026-03-09,SUSH,MIDWEST,2292,182,2451.43,220,23,330.22
2026-03-09,SUSH,WEST,2885,213,3184.88,270,31,441.89
2026-03-10,SUSH,NORTHEAST,2700,203,2904.62,227,26,366.19
2026-03-10,SUSH,SOUTHEAST,2490,186,2779.71,222,21,291.5
2026-03-10,SUSH,MIDWEST,2380,185,2674.22,182,21,295.69
2026-03-10,SUSH,WEST,3009,239,3373.06,254,30,402.67
2026-03-11,SUSH,NORTHEAST,2720,222,3191.61,256,26,353.66
2026-03-11,SUSH,SOUTHEAST,2261,184,2648.97,228,23,333.52
2026-03-11,SUSH,MIDWEST,2107,168,2442.28,191,20,282.62
2026-03-11,SUSH,WEST,2819,250,3820.71,323,34,474.46
2026-03-12,SUSH,NORTHEAST,2543,205,3030.36,268,32,413.69
2026-03-12,SUSH,SOUTHEAST,2413,215,3109.81,236,26,375.64
2026-03-12,SUSH,MIDWEST,2197,173,2576.76,193,22,315.63
2026-03-12,SUSH,WEST,3061,239,3268.56,268,28,384.16
2026-03-13,SUSH,NORTHEAST,2781,192,2810.91,263,31,446.91
2026-03-13,SUSH,SOUTHEAST,2428,181,2730.79,231,27,372.61
2026-03-13,SUSH,MIDWEST,2163,179,2641.5,201,25,356.2
2026-03-13,SUSH,WEST,3007,236,3538.29,252,27,397.11
2026-03-14,SUSH,NORTHEAST,2682,207,3138.46,281,32,466.47
2026-03-14,SUSH,SOUTHEAST,2470,194,2902.35,251,28,401.12
2026-03-14,SUSH,MIDWEST,2026,153,2169.84,225,28,373.54
2026-03-14,SUSH,WEST,3038,257,3802.71,259,28,399.95
2026-03-15,SUSH,NORTHEAST,2818,227,3355.27,267,32,438.77
2026-03-15,SUSH,SOUTHEAST,2489,191,2824.23,194,23,309.33
2026-03-15,SUSH,MIDWEST,2226,157,2306.93,196,22,300.8
2026-03-15,SUSH,WEST,2678,228,3341.34,279,33,432.82
2026-03-16,SUSH,NORTHEAST,2654,219,3133.52,271,33,462.91
2026-03-16,SUSH,SOUTHEAST,2430,187,2758.19,249,27,402.69
2026-03-16,SUSH,MIDWEST,2127,159,2288.02,229,26,371.31
2026-03-16,SUSH,WEST,2594,205,2995.26,263,28,404.02
2026-03-17,SUSH,NORTHEAST,2874,211,2921.76,272,31,420.15
2026-03-17,SUSH,SOUTHEAST,2300,156,2278.47,236,22,303.17
2026-03-17,SUSH,MIDWEST,2158,163,2479.21,216,24,348.32
2026-03-17,SUSH,WEST,3041,250,3638.49,280,34,438.59
2026-03-18,SUSH,NORTHEAST,2673,198,2865.31,277,33,416.18
2026-03-18,SUSH,SOUTHEAST,2468,208,3189.28,244,30,414.64
2026-03-18,SUSH,MIDWEST,2165,174,2460.3,219,22,325.47
2026-03-18,SUSH,WEST,2980,269,3889.73,308,40,570.58
2026-03-19,SUSH,NORTHEAST,2797,202,3001.03,259,30,397.4
2026-03-19,SUSH,SOUTHEAST,2557,205,2835.96,234,27,359.81
2026-03-19,SUSH,MIDWEST,2147,163,2293.58,225,26,384.92
2026-03-19,SUSH,WEST,2883,232,3303.1,319,32,457.18
2026-03-20,SUSH,NORTHEAST,2672,195,2973.02,331,35,500.75
2026-03-20,SUSH,SOUTHEAST,2539,206,3002.26,253,28,389.64
2026-03-20,SUSH,MIDWEST,2347,170,2471.5,238,25,361.53
2026-03-20,SUSH,WEST,2914,246,3425.23,385,47,700.48
2026-03-21,SUSH,NORTHEAST,2778,206,2954.95,269,26,366.78
2026-03-21,SUSH,SOUTHEAST,2352,185,2798.08,237,28,372.86
2026-03-21,SUSH,MIDWEST,2109,157,2294.25,215,25,333.71
2026-03-21,SUSH,WEST,2966,232,3376.67,358,41,563.02
2026-03-22,SUSH,NORTHEAST,2608,217,3077.63,284,32,459.52
2026-03-22,SUSH,SOUTHEAST,2455,178,2520.33,231,22,289.49
2026-03-22,SUSH,MIDWEST,2200,168,2311.55,235,26,392.08
2026-03-22,SUSH,WEST,3070,248,3813.25,348,36,484.2
2026-03-23,SUSH,NORTHEAST,2913,256,3909.94,346,47,687.77
2026-03-23,SUSH,SOUTHEAST,2396,187,2710.55,267,29,397.54
2026-03-23,SUSH,MIDWEST,2335,210,3130.7,223,23,330.65
2026-03-23,SUSH,WEST,3007,243,3573.13,384,46,677.0
2026-03-24,SUSH,NORTHEAST,2776,230,3320.87,306,39,507.76
2026-03-24,SUSH,SOUTHEAST,2304,196,2925.69,265,28,414.66
2026-03-24,SUSH,MIDWEST,2142,183,2727.1,258,29,403.01
2026-03-24,SUSH,WEST,2863,217,3332.05,372,47,643.59
2026-03-25,SUSH,NORTHEAST,2672,188,2723.56,310,30,410.5
2026-03-25,SUSH,SOUTHEAST,2231,176,2643.81,279,31,433.57
2026-03-25,SUSH,MIDWEST,2162,182,2588.01,262,29,384.98
2026-03-25,SUSH,WEST,2990,244,3714.56,306,33,459.14
2026-03-26,SUSH,NORTHEAST,2346,179,2640.08,368,43,567.73
2026-03-26,SUSH,SOUTHEAST,2496,206,2827.51,296,38,545.32
2026-03-26,SUSH,MIDWEST,2161,160,2278.57,295,33,481.59
2026-03-26,SUSH,WEST,3144,260,3800.38,363,36,484.84
2026-03-27,SUSH,NORTHEAST,2715,228,3581.52,317,40,582.11
2026-03-27,SUSH,SOUTHEAST,2384,185,2612.43,316,41,570.98
2026-03-27,SUSH,MIDWEST,2170,179,2669.54,243,29,401.72
2026-03-27,SUSH,WEST,3187,263,3710.88,363,45,632.76
2026-03-28,SUSH,NORTHEAST,2567,181,2587.76,317,34,441.01
2026-03-28,SUSH,SOUTHEAST,2488,199,2834.33,315,36,499.99
2026-03-28,SUSH,MIDWEST,2206,167,2459.96,232,26,338.32
2026-03-28,SUSH,WEST,3053,260,4001.93,356,36,520.28
2026-03-29,SUSH,NORTHEAST,2793,206,3093.76,343,42,578.08
2026-03-29,SUSH,SOUTHEAST,2313,178,2580.84,313,35,497.55
2026-03-29,SUSH,MIDWEST,2267,173,2467.98,290,30,413.2
2026-03-29,SUSH,WEST,2908,222,3378.56,317,37,530.74
2026-03-30,SUSH,NORTHEAST,2591,208,3085.93,372,43,584.16
2026-03-30,SUSH,SOUTHEAST,2640,209,3126.01,312,36,510.69
2026-03-30,SUSH,MIDWEST,2016,167,2521.16,289,33,423.45
2026-03-30,SUSH,WEST,2861,225,3204.79,387,46,641.59
2026-03-31,SUSH,NORTHEAST,2507,177,2515.1,368,46,648.24
2026-03-31,SUSH,SOUTHEAST,2514,210,3143.93,292,28,392.61
2026-03-31,SUSH,MIDWEST,2130,152,2265.84,297,33,434.77
2026-03-31,SUSH,WEST,3106,217,3153.11,409,45,660.87
2026-04-01,SUSH,NORTHEAST,2766,231,3536.61,377,43,598.46
2026-04-01,SUSH,SOUTHEAST,2346,185,2615.95,311,31,468.11
2026-04-01,SUSH,MIDWEST,2220,178,2633.37,253,29,395.86
2026-04-01,SUSH,WEST,2998,247,3565.87,359,41,577.97
2026-04-02,SUSH,NORTHEAST,2735,216,3263.29,362,42,581.67
2026-04-02,SUSH,SOUTHEAST,2354,189,2740.78,275,32,450.34
2026-04-02,SUSH,MIDWEST,2219,178,2596.33,261,29,403.18
2026-04-02,SUSH,WEST,2991,242,3558.43,359,36,511.61
2026-04-03,SUSH,NORTHEAST,2476,200,2950.91,332,36,488.48
2026-04-03,SUSH,SOUTHEAST,2368,187,2612.61,334,36,494.78
2026-04-03,SUSH,MIDWEST,2230,178,2464.23,274,29,421.23
2026-04-03,SUSH,WEST,2941,232,3424.81,437,49,692.61
2026-04-04,SUSH,NORTHEAST,2832,221,3361.72,389,46,678.31
2026-04-04,SUSH,SOUTHEAST,2471,218,3189.2,343,40,559.63
2026-04-04,SUSH,MIDWEST,2159,179,2493.74,298,39,544.04
2026-04-04,SUSH,WEST,3058,241,3674.02,492,52,710.48
2026-04-05,SUSH,NORTHEAST,2789,242,3318.55,363,41,573.9
2026-04-05,SUSH,SOUTHEAST,2629,206,3073.85,299,35,478.29
2026-04-05,SUSH,MIDWEST,2344,190,2712.15,295,32,434.73
2026-04-05,SUSH,WEST,2956,234,3292.07,359,43,604.54
2026-04-06,SUSH,NORTHEAST,2713,222,3195.99,370,47,634.42
2026-04-06,SUSH,SOUTHEAST,2626,213,3178.96,333,41,578.0
2026-04-06,SUSH,MIDWEST,2066,159,2299.81,312,35,491.92
2026-04-06,SUSH,WEST,2819,228,3293.03,396,39,551.88
2026-04-07,SUSH,NORTHEAST,2660,193,2847.82,361,43,588.53
2026-04-07,SUSH,SOUTHEAST,2593,207,2891.02,347,30,405.28
2026-04-07,SUSH,MIDWEST,2234,168,2460.97,323,38,557.67
2026-04-07,SUSH,WEST,2843,220,3231.43,437,45,589.56
2026-04-08,SUSH,NORTHEAST,2486,191,2820.91,374,42,605.05
2026-04-08,SUSH,SOUTHEAST,2223,167,2322.36,373,43,622.99
2026-04-08,SUSH,MIDWEST,1920,137,1946.67,310,35,506.66
2026-04-08,SUSH,WEST,3037,221,3129.74,394,49,703.8
2026-04-09,SUSH,NORTHEAST,2773,214,3140.68,395,52,752.12
2026-04-09,SUSH,SOUTHEAST,2338,178,2446.91,381,39,554.05
2026-04-09,SUSH,MIDWEST,2014,162,2384.35,310,33,506.93
2026-04-09,SUSH,WEST,3066,245,3553.93,431,52,723.15
2026-04-10,SUSH,NORTHEAST,2813,215,3180.52,396,46,650.57
2026-04-10,SUSH,SOUTHEAST,2383,186,2717.64,360,36,520.0
2026-04-10,SUSH,MIDWEST,2132,175,2589.85,298,31,447.3
2026-04-10,SUSH,WEST,2943,230,3333.99,467,54,730.66
2026-04-11,SUSH,NORTHEAST,2612,198,2926.07,347,37,513.53
2026-04-11,SUSH,SOUTHEAST,2496,185,2685.32,352,40,532.95
2026-04-11,SUSH,MIDWEST,2278,206,2939.52,343,39,568.99
2026-04-11,SUSH,WEST,2950,243,3663.54,483,49,697.97
2026-04-12,SUSH,NORTHEAST,2902,246,3564.13,383,50,696.2
2026-04-12,SUSH,SOUTHEAST,2455,201,2927.91,341,40,562.99
2026-04-12,SUSH,MIDWEST,2147,175,2588.01,359,44,597.75
2026-04-12,SUSH,WEST,3133,242,3718.47,403,45,598.1
2026-04-13,SUSH,NORTHEAST,2874,228,3317.16,380,40,528.09
2026-04-13,SUSH,SOUTHEAST,2296,179,2588.41,412,42,578.18
2026-04-13,SUSH,MIDWEST,2109,172,2506.72,307,36,522.68
2026-04-13,SUSH,WEST,2711,227,3351.15,452,53,817.65
2026-04-14,SUSH,NORTHEAST,2765,213,3069.26,388,50,764.53
2026-04-14,SUSH,SOUTHEAST,2550,207,3171.71,353,40,582.75
2026-04-14,SUSH,MIDWEST,2175,178,2508.62,279,32,434.71
2026-04-14,SUSH,WEST,3171,259,3604.02,476,51,630.55
2026-04-15,SUSH,NORTHEAST,2986,247,3535.9,412,53,753.62
2026-04-15,SUSH,SOUTHEAST,2767,219,3085.05,375,47,666.88
2026-04-15,SUSH,MIDWEST,2115,157,2316.53,364,48,625.44
2026-04-15,SUSH,WEST,2853,227,3299.56,446,52,698.55
2026-04-16,SUSH,NORTHEAST,2382,202,2891.28,398,48,680.72
2026-04-16,SUSH,SOUTHEAST,2311,193,2795.03,393,45,655.13
2026-04-16,SUSH,MIDWEST,2274,178,2597.25,389,41,546.45
2026-04-16,SUSH,WEST,2968,220,3164.94,497,70,1008.44
2026-04-17,SUSH,NORTHEAST,2625,199,2796.51,441,57,802.76
2026-04-17,SUSH,SOUTHEAST,2282,200,2960.46,381,48,668.76
2026-04-17,SUSH,MIDWEST,2161,162,2271.67,331,42,593.05
2026-04-17,SUSH,WEST,3043,217,3453.41,460,53,800.01
2026-04-18,SUSH,NORTHEAST,2719,186,2777.65,387,43,615.57
2026-04-18,SUSH,SOUTHEAST,2622,228,3479.76,379,42,598.85
2026-04-18,SUSH,MIDWEST,2215,169,2456.0,314,34,444.73
2026-04-18,SUSH,WEST,3034,232,3578.37,493,57,806.5
2026-04-19,SUSH,NORTHEAST,2808,221,3096.68,416,46,666.51
2026-04-19,SUSH,SOUTHEAST,2572,216,3200.87,412,44,653.24
2026-04-19,SUSH,MIDWEST,2081,157,2308.3,356,39,551.91
2026-04-19,SUSH,WEST,3106,255,3543.38,488,50,692.8
2026-04-20,SUSH,NORTHEAST,2870,230,3161.1,427,55,767.96
2026-04-20,SUSH,SOUTHEAST,2350,193,2856.19,412,55,850.12
2026-04-20,SUSH,MIDWEST,2134,165,2440.52,325,37,504.7
2026-04-20,SUSH,WEST,2890,206,3148.93,434,44,611.89
2026-04-21,SUSH,NORTHEAST,2529,197,2820.31,430,52,770.78
2026-04-21,SUSH,SOUTHEAST,2435,185,2713.79,401,44,592.37
2026-04-21,SUSH,MIDWEST,2133,161,2335.83,346,43,599.65
2026-04-21,SUSH,WEST,2967,261,4056.75,496,55,738.83
2026-04-22,SUSH,NORTHEAST,2760,211,3147.98,498,53,764.34
2026-04-22,SUSH,SOUTHEAST,2477,159,2261.09,416,46,628.81
2026-04-22,SUSH,MIDWEST,2190,164,2472.84,370,42,560.83
2026-04-22,SUSH,WEST,3120,262,3800.8,519,57,774.15
2026-04-23,SUSH,NORTHEAST,2792,213,3110.92,479,50,723.93
2026-04-23,SUSH,SOUTHEAST,2241,168,2545.53,448,51,713.61
2026-04-23,SUSH,MIDWEST,2195,168,2460.2,398,47,631.27
2026-04-23,SUSH,WEST,2854,202,3057.19,549,67,901.15
2026-04-24,SUSH,NORTHEAST,2947,205,3093.29,500,52,736.92
2026-04-24,SUSH,SOUTHEAST,2289,175,2493.45,440,56,841.46
2026-04-24,SUSH,MIDWEST,2009,163,2358.8,382,38,484.95
2026-04-24,SUSH,WEST,2770,234,3278.3,546,62,888.0
2026-04-25,SUSH,NORTHEAST,2641,221,3235.73,469,54,752.89
2026-04-25,SUSH,SOUTHEAST,2288,179,2639.71,426,46,639.3
2026-04-25,SUSH,MIDWEST,2055,165,2370.57,388,45,648.82
2026-04-25,SUSH,WEST,3017,243,3439.05,560,65,910.12
2026-04-26,SUSH,NORTHEAST,2726,236,3381.54,537,74,1039.89
2026-04-26,SUSH,SOUTHEAST,2371,167,2472.42,431,44,603.49
2026-04-26,SUSH,MIDWEST,1946,159,2210.49,373,43,629.32
2026-04-26,SUSH,WEST,2981,228,3360.02,494,52,685.02
2026-04-27,SUSH,NORTHEAST,2704,200,2960.94,520,57,800.57
2026-04-27,SUSH,SOUTHEAST,2458,191,2907.11,432,53,726.23
2026-04-27,SUSH,MIDWEST,2348,184,2632.42,378,43,618.68
2026-04-27,SUSH,WEST,2882,248,3625.65,568,60,851.48
2026-04-28,SUSH,NORTHEAST,2645,220,3168.94,465,53,740.75
2026-04-28,SUSH,SOUTHEAST,2427,191,2852.54,474,61,859.27
2026-04-28,SUSH,MIDWEST,2105,183,2674.87,419,48,677.93
2026-04-28,SUSH,WEST,2803,190,2751.75,532,58,810.0
2026-04-29,SUSH,NORTHEAST,2709,209,3090.45,484,50,709.94
2026-04-29,SUSH,SOUTHEAST,2447,183,2543.91,445,52,759.82
2026-04-29,SUSH,MIDWEST,2111,173,2600.8,375,47,698.93
2026-04-29,SUSH,WEST,2920,242,3473.37,559,46,623.91
2026-04-30,SUSH,NORTHEAST,2925,244,3658.27,634,71,956.78
2026-04-30,SUSH,SOUTHEAST,1981,146,2047.36,507,57,751.84
2026-04-30,SUSH,MIDWEST,2179,175,2568.69,442,50,707.02
2026-04-30,SUSH,WEST,3082,230,3388.75,535,66,954.57
2026-05-01,SUSH,NORTHEAST,2427,201,2968.48,504,51,767.83
2026-05-01,SUSH,SOUTHEAST,2362,189,2703.98,478,52,716.18
2026-05-01,SUSH,MIDWEST,2273,178,2577.29,445,44,638.66
2026-05-01,SUSH,WEST,3224,252,3798.57,510,58,823.55
2026-05-02,SUSH,NORTHEAST,2543,175,2646.43,415,49,684.92
2026-05-02,SUSH,SOUTHEAST,2423,205,2997.17,461,56,791.52
2026-05-02,SUSH,MIDWEST,2019,162,2518.15,375,43,576.62
2026-05-02,SUSH,WEST,2714,225,3282.44,562,65,923.47
2026-05-03,SUSH,NORTHEAST,2832,228,3344.13,414,42,586.55
2026-05-03,SUSH,SOUTHEAST,2368,171,2505.3,467,59,804.36
2026-05-03,SUSH,MIDWEST,2230,166,2417.46,349,34,491.22
2026-05-03,SUSH,WEST,2635,207,2974.64,539,60,844.87
2026-05-04,SUSH,NORTHEAST,2753,209,3036.2,481,52,686.89
2026-05-04,SUSH,SOUTHEAST,2301,166,2401.15,513,62,837.33
2026-05-04,SUSH,MIDWEST,1995,142,2010.52,480,53,692.56
2026-05-04,SUSH,WEST,3053,231,3567.47,613,75,1067.46
2026-05-05,SUSH,NORTHEAST,2738,207,3032.39,601,76,1060.92
2026-05-05,SUSH,SOUTHEAST,2480,196,2759.76,464,54,763.42
2026-05-05,SUSH,MIDWEST,2182,189,2823.04,393,41,558.29
2026-05-05,SUSH,WEST,2939,241,3741.81,549,55,751.15
2026-05-06,SUSH,NORTHEAST,2749,227,3291.86,589,70,1041.11
2026-05-06,SUSH,SOUTHEAST,2550,214,3225.16,454,41,611.65
2026-05-06,SUSH,MIDWEST,2045,154,2310.62,485,61,843.41
2026-05-06,SUSH,WEST,3112,233,3370.07,649,67,867.5
2026-05-07,SUSH,NORTHEAST,2611,214,3039.79,518,61,792.6
2026-05-07,SUSH,SOUTHEAST,2730,202,3098.4,426,48,687.89
2026-05-07,SUSH,MIDWEST,2283,193,2835.61,358,41,568.88
2026-05-07,SUSH,WEST,2869,240,3351.67,679,79,1092.81
2026-05-08,SUSH,NORTHEAST,2781,233,3356.6,564,66,902.92
2026-05-08,SUSH,SOUTHEAST,2481,188,2778.93,466,56,815.97
2026-05-08,SUSH,MIDWEST,2306,187,2644.88,413,42,615.08
2026-05-08,SUSH,WEST,2797,235,3508.95,566,61,836.96
2026-05-09,SUSH,NORTHEAST,2635,201,2791.28,608,71,1009.11
2026-05-09,SUSH,SOUTHEAST,2629,206,2976.11,439,47,661.08
2026-05-09,SUSH,MIDWEST,2154,159,2287.49,374,38,541.72
2026-05-09,SUSH,WEST,2991,229,3330.31,639,74,1052.21
2026-05-10,SUSH,NORTHEAST,2555,205,2889.8,559,61,881.32
2026-05-10,SUSH,SOUTHEAST,2431,171,2470.87,502,60,870.6
2026-05-10,SUSH,MIDWEST,2190,190,2660.11,425,42,571.69
2026-05-10,SUSH,WEST,2775,206,3079.28,587,74,1036.51
2026-05-11,SUSH,NORTHEAST,2787,236,3368.64,537,66,919.52
2026-05-11,SUSH,SOUTHEAST,2357,217,2983.71,493,57,779.33
2026-05-11,SUSH,MIDWEST,2204,172,2525.5,444,49,690.3
2026-05-11,SUSH,WEST,2773,220,3098.4,657,84,1135.23
2026-05-12,SUSH,NORTHEAST,2474,174,2491.63,536,62,882.09
2026-05-12,SUSH,SOUTHEAST,2393,178,2808.7,501,58,778.57
2026-05-12,SUSH,MIDWEST,2188,171,2529.86,439,44,573.8
2026-05-12,SUSH,WEST,3092,251,3648.53,638,80,1073.69
2026-05-13,SUSH,NORTHEAST,2861,249,3764.52,542,65,892.41
2026-05-13,SUSH,SOUTHEAST,2304,172,2469.98,485,55,720.6
2026-05-13,SUSH,MIDWEST,1948,145,2175.06,449,52,713.64
2026-05-13,SUSH,WEST,2867,222,3261.42,635,83,1213.19
2026-05-14,SUSH,NORTHEAST,2786,196,2830.32,555,57,804.18
2026-05-14,SUSH,SOUTHEAST,2381,184,2700.81,476,56,757.92
2026-05-14,SUSH,MIDWEST,2158,172,2679.31,405,51,719.98
2026-05-14,SUSH,WEST,2842,218,3103.43,665,80,1136.94
2026-05-15,SUSH,NORTHEAST,2819,206,2846.14,593,66,885.43
2026-05-15,SUSH,SOUTHEAST,2572,226,3425.11,498,66,979.94
2026-05-15,SUSH,MIDWEST,2041,163,2380.13,413,48,684.34
2026-05-15,SUSH,WEST,2729,175,2463.83,590,61,828.95
2026-05-16,SUSH,NORTHEAST,2862,227,3210.68,500,53,715.79
2026-05-16,SUSH,SOUTHEAST,2392,196,2730.58,522,64,904.74
2026-05-16,SUSH,MIDWEST,2175,160,2298.27,524,60,851.27
2026-05-16,SUSH,WEST,2930,204,2971.89,639,69,1018.05
2026-05-17,SUSH,NORTHEAST,2808,201,2910.43,528,59,729.47
2026-05-17,SUSH,SOUTHEAST,2456,195,2749.8,587,69,966.27
2026-05-17,SUSH,MIDWEST,2181,169,2417.81,449,53,711.39
2026-05-17,SUSH,WEST,2809,235,3352.5,647,67,934.37
2026-05-18,SUSH,NORTHEAST,2610,196,2854.51,598,67,977.33
2026-05-18,SUSH,SOUTHEAST,2466,188,2752.1,541,65,887.57
2026-05-18,SUSH,MIDWEST,1983,140,1930.78,506,49,712.62
2026-05-18,SUSH,WEST,2987,243,3370.25,619,76,1018.71
2026-05-19,SUSH,NORTHEAST,2898,234,3398.56,649,73,1021.46
2026-05-19,SUSH,SOUTHEAST,2480,179,2632.72,574,70,1032.82
2026-05-19,SUSH,MIDWEST,2196,163,2497.92,408,48,614.1
2026-05-19,SUSH,WEST,2936,259,3601.29,737,81,1099.76
2026-05-20,SUSH,NORTHEAST,2676,207,3062.55,626,74,1045.66
2026-05-20,SUSH,SOUTHEAST,2407,208,3137.78,532,62,872.44
2026-05-20,SUSH,MIDWEST,2339,186,2721.89,500,58,790.58
2026-05-20,SUSH,WEST,2803,230,3397.26,667,75,1007.51
2026-05-21,SUSH,NORTHEAST,2670,198,2819.18,583,69,937.64
2026-05-21,SUSH,SOUTHEAST,2505,206,3019.9,517,61,876.38
2026-05-21,SUSH,MIDWEST,2383,187,2801.49,525,67,875.34
2026-05-21,SUSH,WEST,3037,236,3389.14,533,56,774.39
2026-05-22,SUSH,NORTHEAST,2791,207,3062.15,543,61,867.3
2026-05-22,SUSH,SOUTHEAST,2345,177,2595.38,618,70,931.24
2026-05-22,SUSH,MIDWEST,2165,179,2727.0,499,58,820.13
2026-05-22,SUSH,WEST,3051,245,3544.17,711,77,990.32
2026-05-23,SUSH,NORTHEAST,2622,198,2913.78,563,51,671.61
2026-05-23,SUSH,SOUTHEAST,2375,174,2462.57,581,63,903.91
2026-05-23,SUSH,MIDWEST,2231,182,2650.83,467,57,776.93
2026-05-23,SUSH,WEST,3036,240,3443.77,552,63,894.11
2026-05-24,SUSH,NORTHEAST,2629,221,3196.97,585,70,929.59
2026-05-24,SUSH,SOUTHEAST,2495,219,3257.42,543,66,954.55
2026-05-24,SUSH,MIDWEST,2161,172,2563.28,534,59,828.27
2026-05-24,SUSH,WEST,3163,252,3657.15,782,81,1123.01
2026-05-25,SUSH,NORTHEAST,2806,234,3325.4,627,74,999.39
2026-05-25,SUSH,SOUTHEAST,2466,193,2745.47,496,57,805.0
2026-05-25,SUSH,MIDWEST,2077,156,2201.18,424,47,665.87
2026-05-25,SUSH,WEST,3105,226,3354.7,691,75,1065.11
2026-05-26,SUSH,NORTHEAST,2656,223,3223.75,656,88,1235.57
2026-05-26,SUSH,SOUTHEAST,2442,198,2860.68,561,68,919.26
2026-05-26,SUSH,MIDWEST,2283,173,2442.45,567,59,802.62
2026-05-26,SUSH,WEST,3068,241,3657.24,695,78,1088.3
2026-05-27,SUSH,NORTHEAST,2700,222,3220.57,680,80,1100.09
2026-05-27,SUSH,SOUTHEAST,2534,180,2661.72,551,60,791.91
2026-05-27,SUSH,MIDWEST,2210,195,2869.75,513,53,775.91
2026-05-27,SUSH,WEST,3059,237,3582.24,711,76,1080.78
2026-05-28,SUSH,NORTHEAST,2692,231,3328.68,665,74,1038.38
2026-05-28,SUSH,SOUTHEAST,2357,181,2548.39,567,66,937.27
2026-05-28,SUSH,MIDWEST,2185,181,2577.55,495,53,698.93
2026-05-28,SUSH,WEST,2885,200,2894.3,729,85,1105.92
2026-05-29,SUSH,NORTHEAST,2924,240,3412.87,568,66,923.4
2026-05-29,SUSH,SOUTHEAST,2373,181,2654.15,597,76,1018.17
2026-05-29,SUSH,MIDWEST,2099,167,2421.76,389,45,667.07
2026-05-29,SUSH,WEST,3125,267,3928.06,742,75,991.84
2026-05-30,SUSH,NORTHEAST,2613,174,2557.35,618,71,995.34
2026-05-30,SUSH,SOUTHEAST,2485,204,2932.31,542,56,784.35
2026-05-30,SUSH,MIDWEST,2093,149,2155.6,526,62,826.36
2026-05-30,SUSH,WEST,2797,218,3175.38,672,79,1065.15
2026-05-31,SUSH,NORTHEAST,2770,233,3254.72,681,78,1042.97
2026-05-31,SUSH,SOUTHEAST,2408,197,2950.6,568,64,951.67
2026-05-31,SUSH,MIDWEST,2209,173,2552.7,551,60,801.33
2026-05-31,SUSH,WEST,2753,223,3178.58,631,63,919.47
2026-06-01,SUSH,NORTHEAST,2925,230,3455.39,692,69,992.22
2026-06-01,SUSH,SOUTHEAST,2464,193,2813.39,529,65,925.49
2026-06-01,SUSH,MIDWEST,2116,163,2287.0,568,65,928.91
2026-06-01,SUSH,WEST,2999,245,3695.34,806,93,1262.58
2026-06-02,SUSH,NORTHEAST,2550,211,3104.83,770,91,1204.48
2026-06-02,SUSH,SOUTHEAST,2511,193,2876.59,550,63,873.73
2026-06-02,SUSH,MIDWEST,2102,152,2247.73,488,47,618.46
2026-06-02,SUSH,WEST,2913,228,3288.96,741,86,1200.19
2026-06-03,SUSH,NORTHEAST,2689,216,3296.85,684,79,1108.31
2026-06-03,SUSH,SOUTHEAST,2536,188,2691.08,610,63,897.66
2026-06-03,SUSH,MIDWEST,2122,160,2270.41,455,48,625.14
2026-06-03,SUSH,WEST,2768,200,2918.95,701,81,1067.57
2026-06-04,SUSH,NORTHEAST,2658,203,2965.38,644,75,1017.34
2026-06-04,SUSH,SOUTHEAST,2509,214,3199.36,604,68,972.86
2026-06-04,SUSH,MIDWEST,2111,156,2248.64,517,57,836.51
2026-06-04,SUSH,WEST,3320,263,3679.83,748,84,1110.22
2026-06-05,SUSH,NORTHEAST,2763,214,3031.33,633,78,1044.83
2026-06-05,SUSH,SOUTHEAST,2427,185,2621.97,584,71,1061.98
2026-06-05,SUSH,MIDWEST,2114,164,2381.95,544,64,915.71
2026-06-05,SUSH,WEST,2958,205,3114.9,772,86,1204.0
2026-06-06,SUSH,NORTHEAST,2720,217,2979.19,754,82,1190.91
2026-06-06,SUSH,SOUTHEAST,2483,187,2726.74,657,80,1126.34
2026-06-06,SUSH,MIDWEST,2106,171,2587.74,568,55,778.92
2026-06-06,SUSH,WEST,2955,250,3564.24,669,74,1095.93
2026-06-07,SUSH,NORTHEAST,2821,228,3547.53,638,67,880.91
2026-06-07,SUSH,SOUTHEAST,2440,183,2555.67,648,73,1071.92
2026-06-07,SUSH,MIDWEST,2290,171,2507.59,529,54,827.83
2026-06-07,SUSH,WEST,3036,235,3576.5,738,84,1230.2
2026-06-08,SUSH,NORTHEAST,2670,216,3176.85,625,75,1057.75
2026-06-08,SUSH,SOUTHEAST,2463,205,2885.86,577,61,826.02
2026-06-08,SUSH,MIDWEST,2208,180,2617.5,551,68,881.38
2026-06-08,SUSH,WEST,2812,244,3438.67,737,84,1225.16
2026-06-09,SUSH,NORTHEAST,2823,214,2992.64,743,82,1081.9
2026-06-09,SUSH,SOUTHEAST,2553,185,2620.15,664,68,1010.19
2026-06-09,SUSH,MIDWEST,2320,159,2308.25,596,71,1019.93
2026-06-09,SUSH,WEST,2752,236,3382.41,738,81,1173.79
2026-06-10,SUSH,NORTHEAST,2633,204,2859.35,622,73,969.52
2026-06-10,SUSH,SOUTHEAST,2284,187,2713.73,635,76,1077.97
2026-06-10,SUSH,MIDWEST,2280,186,2657.34,556,62,834.3
2026-06-10,SUSH,WEST,2992,224,3283.37,774,83,1228.11
2026-06-11,SUSH,NORTHEAST,2916,253,3858.11,799,94,1422.52
2026-06-11,SUSH,SOUTHEAST,2424,188,2746.13,599,67,1015.27
2026-06-11,SUSH,MIDWEST,1973,139,2041.44,633,71,1037.61
2026-06-11,SUSH,WEST,2912,227,3338.59,655,67,914.97
2026-06-12,SUSH,NORTHEAST,2698,218,3148.16,754,79,1128.18
2026-06-12,SUSH,SOUTHEAST,2553,202,2866.0,690,88,1244.16
2026-06-12,SUSH,MIDWEST,2106,169,2565.51,539,52,731.85
2026-06-12,SUSH,WEST,3188,248,3617.11,728,73,1049.28
2026-06-13,SUSH,NORTHEAST,2898,228,3251.22,652,83,1116.7
2026-06-13,SUSH,SOUTHEAST,2400,192,2875.02,634,64,871.24
2026-06-13,SUSH,MIDWEST,2051,160,2273.22,586,60,834.78
2026-06-13,SUSH,WEST,3071,254,3492.52,808,91,1257.76
2026-06-14,SUSH,NORTHEAST,2582,183,2672.94,787,76,1049.71
2026-06-14,SUSH,SOUTHEAST,2495,206,2850.0,654,63,922.03
2026-06-14,SUSH,MIDWEST,2130,172,2500.63,506,66,937.14
2026-06-14,SUSH,WEST,2906,198,3017.2,720,82,1178.61
2026-06-15,SUSH,NORTHEAST,2858,220,3207.32,761,88,1107.31
2026-06-15,SUSH,SOUTHEAST,2452,185,2738.1,585,65,900.25
2026-06-15,SUSH,MIDWEST,2149,155,2216.73,592,82,1128.42
2026-06-15,SUSH,WEST,3099,248,3758.83,664,61,850.17
2026-06-16,SUSH,NORTHEAST,2630,197,2835.2,764,102,1296.2
2026-06-16,SUSH,SOUTHEAST,2319,184,2573.47,639,68,917.87
2026-06-16,SUSH,MIDWEST,2152,160,2355.88,659,69,976.54
2026-06-16,SUSH,WEST,2902,215,3185.0,830,92,1309.69
2026-06-17,SUSH,NORTHEAST,2490,193,2815.74,613,79,1082.1
2026-06-17,SUSH,SOUTHEAST,2372,195,2909.08,675,79,1070.05
2026-06-17,SUSH,MIDWEST,1982,140,2034.68,649,67,964.09
2026-06-17,SUSH,WEST,2806,220,3333.47,778,72,1061.19
2026-06-18,SUSH,NORTHEAST,2560,223,3393.27,846,97,1441.54
2026-06-18,SUSH,SOUTHEAST,2389,201,2902.4,698,85,1161.32
2026-06-18,SUSH,MIDWEST,2009,161,2363.1,598,72,978.64
2026-06-18,SUSH,WEST,2692,192,2754.04,708,79,1098.79
2026-06-19,SUSH,NORTHEAST,2483,200,2840.18,627,75,1023.54
2026-06-19,SUSH,SOUTHEAST,2488,204,2852.47,680,90,1324.85
2026-06-19,SUSH,MIDWEST,2139,173,2579.85,634,68,949.59
2026-06-19,SUSH,WEST,2733,228,3284.55,830,106,1495.51
2026-06-20,SUSH,NORTHEAST,2585,203,3018.0,693,88,1262.01
2026-06-20,SUSH,SOUTHEAST,2534,189,2678.66,750,86,1181.04
2026-06-20,SUSH,MIDWEST,2175,174,2637.56,599,71,947.39
2026-06-20,SUSH,WEST,3243,261,3810.36,801,89,1270.72
2026-06-21,SUSH,NORTHEAST,2484,218,3172.81,860,90,1168.07
2026-06-21,SUSH,SOUTHEAST,2292,180,2666.39,702,93,1272.01
2026-06-21,SUSH,MIDWEST,2006,152,2144.77,605,68,925.85
2026-06-21,SUSH,WEST,2945,235,3334.02,901,94,1322.33
2026-06-22,SUSH,NORTHEAST,2432,193,2848.06,822,85,1171.08
2026-06-22,SUSH,SOUTHEAST,2343,197,2833.21,680,75,1018.09
2026-06-22,SUSH,MIDWEST,2282,178,2556.01,661,72,1006.33
2026-06-22,SUSH,WEST,2723,203,3070.22,863,98,1302.93
2026-06-23,SUSH,NORTHEAST,2713,214,3139.27,758,83,1195.75
2026-06-23,SUSH,SOUTHEAST,2396,188,2509.6,696,79,1082.51
2026-06-23,SUSH,MIDWEST,2303,179,2690.41,647,77,1052.42
2026-06-23,SUSH,WEST,3076,261,3884.35,960,103,1350.0
2026-06-24,SUSH,NORTHEAST,2761,227,3291.56,793,85,1181.66
2026-06-24,SUSH,SOUTHEAST,2470,194,2952.98,735,81,1080.07
2026-06-24,SUSH,MIDWEST,2301,162,2311.06,626,64,881.74
2026-06-24,SUSH,WEST,3199,266,3841.71,875,103,1516.42
2026-06-25,SUSH,NORTHEAST,2632,196,2866.83,789,72,906.57
2026-06-25,SUSH,SOUTHEAST,2292,162,2308.38,714,67,901.02
2026-06-25,SUSH,MIDWEST,2091,149,2226.02,618,59,831.82
2026-06-25,SUSH,WEST,2914,241,3480.39,911,116,1522.56
2026-06-26,SUSH,NORTHEAST,2681,207,2963.32,787,94,1304.49
2026-06-26,SUSH,SOUTHEAST,2464,190,2792.09,715,82,1173.81
2026-06-26,SUSH,MIDWEST,2262,192,2832.61,594,62,859.66
2026-06-26,SUSH,WEST,2985,275,3983.19,738,83,1101.63
2026-06-27,SUSH,NORTHEAST,2647,197,2881.46,861,105,1469.24
2026-06-27,SUSH,SOUTHEAST,2620,210,3106.18,503,52,711.13
2026-06-27,SUSH,MIDWEST,2099,157,2236.81,579,69,912.49
2026-06-27,SUSH,WEST,2838,227,3497.33,937,97,1373.53
2026-06-28,SUSH,NORTHEAST,2731,232,3201.02,814,86,1081.71
2026-06-28,SUSH,SOUTHEAST,2601,213,3138.85,651,80,1131.75
2026-06-28,SUSH,MIDWEST,2149,165,2378.87,675,84,1121.7
2026-06-28,SUSH,WEST,2957,217,3166.05,811,101,1346.47
2026-06-29,SUSH,NORTHEAST,2775,216,3085.31,730,96,1273.16
2026-06-29,SUSH,SOUTHEAST,2450,175,2507.23,589,71,1002.69
2026-06-29,SUSH,MIDWEST,2158,179,2722.51,573,72,980.45
2026-06-29,SUSH,WEST,2908,230,3386.3,828,87,1194.91
2026-06-30,SUSH,NORTHEAST,2628,208,2971.61,851,112,1513.54
2026-06-30,SUSH,SOUTHEAST,2275,169,2425.31,792,99,1434.53
2026-06-30,SUSH,MIDWEST,2100,157,2213.81,621,72,990.61
2026-06-30,SUSH,WEST,2833,234,3587.43,869,98,1418.29
2026-07-01,SUSH,NORTHEAST,2722,203,2901.67,871,107,1460.8
2026-07-01,SUSH,SOUTHEAST,2427,189,2792.66,795,93,1161.09
2026-07-01,SUSH,MIDWEST,2228,184,2639.52,579,58,832.04
2026-07-01,SUSH,WEST,2939,244,3716.26,811,91,1210.12
2026-07-02,SUSH,NORTHEAST,2564,217,3063.69,809,103,1456.68
2026-07-02,SUSH,SOUTHEAST,2377,195,2887.75,860,90,1259.6
2026-07-02,SUSH,MIDWEST,2237,180,2614.4,698,80,1119.48
2026-07-02,SUSH,WEST,3252,290,4318.34,938,106,1384.11
2026-07-03,SUSH,NORTHEAST,2371,199,3001.97,852,92,1336.79
2026-07-03,SUSH,SOUTHEAST,2680,218,3055.0,638,71,964.05
2026-07-03,SUSH,MIDWEST,2233,154,2301.48,637,81,1121.03
2026-07-03,SUSH,WEST,3053,233,3260.81,1024,110,1445.36
2026-07-04,SUSH,NORTHEAST,2680,211,3038.88,781,86,1216.87
2026-07-04,SUSH,SOUTHEAST,2546,203,2971.23,784,81,1134.49
2026-07-04,SUSH,MIDWEST,2309,174,2626.68,662,81,1081.54
2026-07-04,SUSH,WEST,2814,236,3378.18,845,96,1149.79
2026-07-05,SUSH,NORTHEAST,2786,238,3450.97,671,60,833.07
2026-07-05,SUSH,SOUTHEAST,2659,208,3032.06,792,85,1218.61
2026-07-05,SUSH,MIDWEST,1960,150,2159.58,636,58,787.71
2026-07-05,SUSH,WEST,3082,232,3536.94,889,101,1297.36
2026-07-06,SUSH,NORTHEAST,2804,224,3377.4,765,87,1273.49
2026-07-06,SUSH,SOUTHEAST,2419,187,2608.87,836,103,1370.35
2026-07-06,SUSH,MIDWEST,2281,194,2917.83,665,76,978.83
2026-07-06,SUSH,WEST,2921,223,3119.91,971,108,1539.59
2026-07-07,SUSH,NORTHEAST,2622,184,2691.04,813,97,1349.95
2026-07-07,SUSH,SOUTHEAST,2606,197,3034.18,777,96,1258.9
2026-07-07,SUSH,MIDWEST,2244,177,2683.93,633,72,938.49
2026-07-07,SUSH,WEST,3078,257,3848.54,913,111,1569.85
2026-07-08,SUSH,NORTHEAST,2576,203,2960.32,890,107,1531.45
2026-07-08,SUSH,SOUTHEAST,2594,183,2810.77,870,105,1524.31
2026-07-08,SUSH,MIDWEST,2300,179,2609.82,711,89,1218.53
2026-07-08,SUSH,WEST,2912,225,3420.4,914,100,1401.87
2026-07-09,SUSH,NORTHEAST,2623,196,2922.58,894,96,1343.02
2026-07-09,SUSH,SOUTHEAST,2518,178,2458.5,786,79,1114.11
2026-07-09,SUSH,MIDWEST,2222,173,2471.47,727,92,1216.09
2026-07-09,SUSH,WEST,3029,253,3754.97,884,95,1227.76
2026-07-10,SUSH,NORTHEAST,2716,200,2959.19,884,100,1403.41
2026-07-10,SUSH,SOUTHEAST,2581,199,3079.12,803,84,1117.08
2026-07-10,SUSH,MIDWEST,2261,181,2497.89,698,91,1280.52
2026-07-10,SUSH,WEST,2817,232,3482.0,879,104,1355.34
2026-07-11,SUSH,NORTHEAST,2958,236,3255.78,817,88,1164.76
2026-07-11,SUSH,SOUTHEAST,2580,211,3107.03,831,88,1198.54
2026-07-11,SUSH,MIDWEST,2266,185,2715.3,671,78,1050.04
2026-07-11,SUSH,WEST,2785,195,2895.9,1043,115,1655.46
2026-07-12,SUSH,NORTHEAST,2713,203,3038.0,837,92,1278.91
2026-07-12,SUSH,SOUTHEAST,2384,170,2427.7,718,83,1183.66
2026-07-12,SUSH,MIDWEST,2321,186,2602.25,618,70,1020.86
2026-07-12,SUSH,WEST,2874,227,3253.21,973,107,1529.59
2026-07-13,SUSH,NORTHEAST,2695,222,3153.47,906,105,1488.14
2026-07-13,SUSH,SOUTHEAST,2402,196,2894.77,775,95,1283.17
2026-07-13,SUSH,MIDWEST,2343,166,2436.33,737,83,1177.45
2026-07-13,SUSH,WEST,2917,240,3595.42,851,84,1165.81
2026-07-14,SUSH,NORTHEAST,2540,202,2988.93,763,88,1205.57
2026-07-14,SUSH,SOUTHEAST,2484,184,2709.92,772,74,998.81
2026-07-14,SUSH,MIDWEST,2274,181,2675.59,728,81,1069.05
2026-07-14,SUSH,WEST,3048,224,3091.21,969,118,1640.84
2026-07-15,SUSH,NORTHEAST,2574,177,2617.17,957,103,1446.03
2026-07-15,SUSH,SOUTHEAST,2266,168,2479.55,800,85,1136.12
2026-07-15,SUSH,MIDWEST,2165,170,2449.65,696,86,1166.25
2026-07-15,SUSH,WEST,3163,252,3723.74,847,90,1240.71
2026-07-16,SUSH,NORTHEAST,2570,212,3181.11,948,105,1369.83
2026-07-16,SUSH,SOUTHEAST,2134,172,2461.19,674,73,1080.04
2026-07-16,SUSH,MIDWEST,2137,163,2434.1,708,77,1100.01
2026-07-16,SUSH,WEST,2744,184,2597.01,1080,132,1681.55
2026-07-17,SUSH,NORTHEAST,2807,197,2878.51,926,97,1366.07
2026-07-17,SUSH,SOUTHEAST,2224,190,2935.14,844,87,1181.42
2026-07-17,SUSH,MIDWEST,2089,162,2396.41,688,83,1287.79
2026-07-17,SUSH,WEST,3233,266,3782.08,1016,100,1354.84
2026-07-18,SUSH,NORTHEAST,3044,256,3895.95,811,88,1194.74
2026-07-18,SUSH,SOUTHEAST,2504,196,2838.25,753,78,1122.12
2026-07-18,SUSH,MIDWEST,2029,153,2290.74,750,86,1240.78
2026-07-18,SUSH,WEST,2748,224,3296.96,1100,124,1636.53
2026-07-19,SUSH,NORTHEAST,2741,195,2795.26,823,101,1446.3
2026-07-19,SUSH,SOUTHEAST,2299,181,2616.2,732,89,1236.65
2026-07-19,SUSH,MIDWEST,2333,185,2688.41,689,71,955.38
2026-07-19,SUSH,WEST,2870,227,3361.71,1025,108,1526.31
2026-07-20,SUSH,NORTHEAST,2785,253,3772.1,819,88,1180.97
2026-07-20,SUSH,SOUTHEAST,2564,193,2931.16,742,85,1217.06
2026-07-20,SUSH,MIDWEST,2182,185,2708.24,756,91,1347.3
2026-07-20,SUSH,WEST,2859,205,3007.33,965,109,1518.4
2026-07-21,SUSH,NORTHEAST,2712,201,2953.58,938,110,1412.94
2026-07-21,SUSH,SOUTHEAST,2463,175,2591.42,746,80,1184.36
2026-07-21,SUSH,MIDWEST,2214,178,2631.99,712,89,1222.75
2026-07-21,SUSH,WEST,2935,244,3504.16,1021,124,1674.33
2026-07-22,SUSH,NORTHEAST,2932,244,3573.72,983,110,1389.8
2026-07-22,SUSH,SOUTHEAST,2475,201,3010.18,836,96,1359.97
2026-07-22,SUSH,MIDWEST,2155,164,2451.08,764,93,1308.55
2026-07-22,SUSH,WEST,3095,240,3259.01,950,114,1643.06
2026-07-23,SUSH,NORTHEAST,2568,208,2938.28,943,125,1766.02
2026-07-23,SUSH,SOUTHEAST,2497,209,3092.4,821,91,1226.51
2026-07-23,SUSH,MIDWEST,2056,159,2293.56,841,96,1322.72
2026-07-23,SUSH,WEST,3285,256,3704.1,1029,120,1639.67
2026-07-24,SUSH,NORTHEAST,2629,218,3119.3,859,97,1331.95
2026-07-24,SUSH,SOUTHEAST,2414,186,2715.75,836,100,1284.61
2026-07-24,SUSH,MIDWEST,2319,200,2855.02,761,80,1110.48
2026-07-24,SUSH,WEST,3202,272,3963.97,1212,145,1805.98
2026-07-25,SUSH,NORTHEAST,2692,238,3510.69,1047,122,1747.77
2026-07-25,SUSH,SOUTHEAST,2704,213,3110.19,907,117,1765.14
2026-07-25,SUSH,MIDWEST,2257,193,2608.38,719,81,1176.06
2026-07-25,SUSH,WEST,2778,219,2972.98,1040,135,1788.91
2026-07-26,SUSH,NORTHEAST,2685,200,2951.29,813,96,1348.67
2026-07-26,SUSH,SOUTHEAST,2262,188,2833.19,850,104,1420.59
2026-07-26,SUSH,MIDWEST,2145,185,2702.66,738,74,956.09
2026-07-26,SUSH,WEST,2816,249,3576.08,1110,133,1784.36
2026-07-27,SUSH,NORTHEAST,2676,207,3045.47,983,114,1683.64
2026-07-27,SUSH,SOUTHEAST,2452,208,3151.33,708,83,1098.33
2026-07-27,SUSH,MIDWEST,2221,176,2590.41,789,87,1203.22
2026-07-27,SUSH,WEST,3088,252,3771.8,1071,134,1773.71
2026-07-28,SUSH,NORTHEAST,2748,222,3145.82,954,99,1225.47
2026-07-28,SUSH,SOUTHEAST,2200,182,2728.96,900,99,1405.17
2026-07-28,SUSH,MIDWEST,1958,146,2173.98,777,81,1153.06
2026-07-28,SUSH,WEST,3169,247,3845.67,1023,118,1612.52
2026-07-29,SUSH,NORTHEAST,2772,224,3147.23,836,101,1496.45
2026-07-29,SUSH,SOUTHEAST,2433,182,2652.28,860,94,1373.08
2026-07-29,SUSH,MIDWEST,2139,162,2323.02,708,92,1324.41
2026-07-29,SUSH,WEST,3139,244,3621.16,1073,131,1895.89
2026-07-30,SUSH,NORTHEAST,2859,223,3311.46,868,104,1426.91
2026-07-30,SUSH,SOUTHEAST,2246,177,2645.81,935,105,1425.61
2026-07-30,SUSH,MIDWEST,2060,169,2587.88,747,89,1284.92
2026-07-30,SUSH,WEST,2877,234,3493.72,1064,121,1625.12
2026-07-31,SUSH,NORTHEAST,2758,214,3171.26,1009,114,1673.04
2026-07-31,SUSH,SOUTHEAST,2292,174,2510.92,873,92,1319.77
2026-07-31,SUSH,MIDWEST,2177,175,2467.45,742,86,1220.5
2026-07-31,SUSH,WEST,3090,245,3538.29,777,92,1271.45
2026-08-01,SUSH,NORTHEAST,2679,215,3084.45,998,119,1671.21
2026-08-01,SUSH,SOUTHEAST,2266,177,2597.9,865,101,1406.41
2026-08-01,SUSH,MIDWEST,2100,189,2700.24,709,85,1230.89
2026-08-01,SUSH,WEST,3142,260,3603.01,972,124,1790.14
2026-08-02,SUSH,NORTHEAST,2655,213,3038.34,922,107,1528.9
2026-08-02,SUSH,SOUTHEAST,2580,177,2645.56,936,107,1547.29
2026-08-02,SUSH,MIDWEST,2217,178,2461.41,823,87,1152.0
2026-08-02,SUSH,WEST,2860,232,3419.11,1073,124,1786.77
2026-08-03,SUSH,NORTHEAST,3029,248,3575.05,972,118,1583.73
2026-08-03,SUSH,SOUTHEAST,2394,189,2910.45,909,92,1234.52
2026-08-03,SUSH,MIDWEST,2297,164,2257.44,690,79,1123.94
2026-08-03,SUSH,WEST,2780,213,3142.44,1101,118,1686.1
2026-08-04,SUSH,NORTHEAST,2713,232,3373.85,1017,129,1802.17
2026-08-04,SUSH,SOUTHEAST,2434,187,2770.6,749,79,1105.26
2026-08-04,SUSH,MIDWEST,2237,196,2979.25,812,88,1136.22
2026-08-04,SUSH,WEST,3155,210,3223.01,996,122,1738.45
2026-08-05,SUSH,NORTHEAST,2842,229,3327.64,986,96,1276.54
2026-08-05,SUSH,SOUTHEAST,2333,187,2775.87,780,96,1364.46
2026-08-05,SUSH,MIDWEST,2139,167,2535.37,818,95,1283.61
2026-08-05,SUSH,WEST,3005,260,3659.66,1035,124,1774.59
2026-08-06,SUSH,NORTHEAST,2857,219,3227.34,988,101,1502.52
2026-08-06,SUSH,SOUTHEAST,2586,202,2981.9,825,99,1377.82
2026-08-06,SUSH,MIDWEST,2179,159,2241.11,757,89,1195.95
2026-08-06,SUSH,WEST,3048,230,3265.71,1218,136,1850.45
2026-08-07,SUSH,NORTHEAST,2598,199,2877.09,905,101,1381.21
2026-08-07,SUSH,SOUTHEAST,2607,198,2896.76,900,105,1474.2
2026-08-07,SUSH,MIDWEST,2387,174,2636.66,776,74,1081.77
2026-08-07,SUSH,WEST,2921,250,3540.33,1052,124,1780.98
2026-08-08,SUSH,NORTHEAST,2325,164,2477.58,1109,125,1760.12
2026-08-08,SUSH,SOUTHEAST,2238,181,2629.08,895,107,1469.05
2026-08-08,SUSH,MIDWEST,2278,171,2505.35,717,86,1107.16
2026-08-08,SUSH,WEST,2864,236,3361.17,930,113,1672.88
2026-08-09,SUSH,NORTHEAST,2818,214,3084.72,1039,129,1800.24
2026-08-09,SUSH,SOUTHEAST,2415,199,2934.3,1009,113,1653.59
2026-08-09,SUSH,MIDWEST,2184,184,2666.79,761,80,1129.67
2026-08-09,SUSH,WEST,2763,224,3310.6,1018,102,1509.61
2026-08-10,SUSH,NORTHEAST,2628,197,2805.69,1077,129,1848.38
2026-08-10,SUSH,SOUTHEAST,2327,192,2748.82,885,100,1308.65
2026-08-10,SUSH,MIDWEST,2182,172,2452.06,835,99,1364.68
2026-08-10,SUSH,WEST,3188,244,3471.79,986,119,1623.15
2026-08-11,SUSH,NORTHEAST,2642,221,3116.44,987,106,1392.96
2026-08-11,SUSH,SOUTHEAST,2298,178,2593.26,900,96,1252.89
2026-08-11,SUSH,MIDWEST,2044,169,2338.13,694,80,1126.96
2026-08-11,SUSH,WEST,2866,226,3120.84,1130,128,1706.84
2026-08-12,SUSH,NORTHEAST,2592,206,3075.02,1008,134,1777.06
2026-08-12,SUSH,SOUTHEAST,2414,186,2693.98,924,98,1414.88
2026-08-12,SUSH,MIDWEST,2120,168,2431.31,797,98,1275.74
2026-08-12,SUSH,WEST,2977,197,2878.69,1033,120,1671.01
2026-08-13,SUSH,NORTHEAST,2856,231,3434.84,1113,121,1754.51
2026-08-13,SUSH,SOUTHEAST,2495,216,3041.87,965,108,1477.52
2026-08-13,SUSH,MIDWEST,2087,185,2649.28,813,81,998.8
2026-08-13,SUSH,WEST,3022,258,3726.57,976,102,1464.17
2026-08-14,SUSH,NORTHEAST,2657,228,3228.28,1128,107,1460.17
2026-08-14,SUSH,SOUTHEAST,2177,181,2710.33,961,109,1483.85
2026-08-14,SUSH,MIDWEST,2047,158,2283.48,878,92,1172.62
2026-08-14,SUSH,WEST,3078,244,3703.76,1171,142,1859.16
2026-08-15,SUSH,NORTHEAST,2828,227,3510.55,1073,122,1599.28
2026-08-15,SUSH,SOUTHEAST,2499,216,3123.92,865,103,1394.91
2026-08-15,SUSH,MIDWEST,2258,178,2685.15,886,103,1489.7
2026-08-15,SUSH,WEST,2843,232,3368.22,1161,150,2023.31
2026-08-16,SUSH,NORTHEAST,2751,221,3287.16,1016,126,1855.33
2026-08-16,SUSH,SOUTHEAST,2346,178,2647.46,1029,116,1644.76
2026-08-16,SUSH,MIDWEST,2006,145,2044.14,955,132,1773.18
2026-08-16,SUSH,WEST,2977,242,3613.86,1126,129,1665.72
2026-08-17,SUSH,NORTHEAST,2687,195,2770.55,1026,101,1347.45
2026-08-17,SUSH,SOUTHEAST,2436,198,2922.52,999,107,1528.44
2026-08-17,SUSH,MIDWEST,2145,169,2448.65,806,89,1249.3
2026-08-17,SUSH,WEST,3071,232,3453.56,1049,121,1710.98
2026-08-18,SUSH,NORTHEAST,2793,221,3197.06,1056,104,1468.54
2026-08-18,SUSH,SOUTHEAST,2380,162,2329.27,917,107,1450.23
2026-08-18,SUSH,MIDWEST,2148,151,2106.94,811,95,1277.43
2026-08-18,SUSH,WEST,2960,219,3354.51,1095,121,1798.18
2026-08-19,SUSH,NORTHEAST,2842,221,3279.84,1031,127,1676.07
2026-08-19,SUSH,SOUTHEAST,2286,175,2495.89,837,92,1281.35
2026-08-19,SUSH,MIDWEST,2238,195,2800.93,684,78,1020.2
2026-08-19,SUSH,WEST,2843,209,2942.25,1165,143,2047.44
2026-08-20,SUSH,NORTHEAST,2709,226,3419.01,1132,117,1647.88
2026-08-20,SUSH,SOUTHEAST,2263,187,2600.3,981,117,1681.94
2026-08-20,SUSH,MIDWEST,2320,172,2335.96,835,102,1381.44
2026-08-20,SUSH,WEST,3027,248,3738.54,1004,117,1678.89
2026-08-21,SUSH,NORTHEAST,2634,236,3556.39,1057,134,1861.68
2026-08-21,SUSH,SOUTHEAST,2492,188,2743.25,852,86,1193.13
2026-08-21,SUSH,MIDWEST,2063,155,2326.87,988,116,1640.67
2026-08-21,SUSH,WEST,2882,244,3324.38,1011,109,1590.27
2026-08-22,SUSH,NORTHEAST,2713,217,3154.31,1085,115,1639.19
2026-08-22,SUSH,SOUTHEAST,2138,161,2375.56,832,106,1578.81
2026-08-22,SUSH,MIDWEST,2203,165,2490.06,915,108,1562.94
2026-08-22,SUSH,WEST,3066,258,3771.66,1087,121,1593.81
2026-08-23,SUSH,NORTHEAST,2504,205,3045.3,1065,133,1806.96
2026-08-23,SUSH,SOUTHEAST,2524,179,2697.5,870,107,1517.2
2026-08-23,SUSH,MIDWEST,2470,200,2969.85,761,79,1082.87
2026-08-23,SUSH,WEST,2921,220,3211.97,1205,114,1664.1
2026-08-24,SUSH,NORTHEAST,2954,245,3461.02,1080,130,1746.41
2026-08-24,SUSH,SOUTHEAST,2395,173,2669.3,835,100,1351.81
2026-08-24,SUSH,MIDWEST,2198,171,2483.37,943,101,1381.27
2026-08-24,SUSH,WEST,2993,227,3117.37,1131,148,2092.28
2026-08-25,SUSH,NORTHEAST,2808,221,3399.81,973,121,1742.18
2026-08-25,SUSH,SOUTHEAST,2546,193,2873.81,987,115,1649.28
2026-08-25,SUSH,MIDWEST,2073,161,2297.48,896,115,1677.7
2026-08-25,SUSH,WEST,2881,233,3512.72,1112,138,1947.39
2026-08-26,SUSH,NORTHEAST,2788,199,2951.1,1208,128,1762.3
2026-08-26,SUSH,SOUTHEAST,2335,176,2424.56,986,108,1549.74
2026-08-26,SUSH,MIDWEST,2263,176,2495.22,887,105,1522.29
2026-08-26,SUSH,WEST,3201,229,3288.27,1186,142,1865.35
2026-08-27,SUSH,NORTHEAST,2600,212,3001.56,904,111,1569.52
2026-08-27,SUSH,SOUTHEAST,2580,205,2893.82,889,103,1337.5
2026-08-27,SUSH,MIDWEST,2212,197,2915.83,838,93,1188.35
2026-08-27,SUSH,WEST,3100,237,3493.49,1364,144,1974.05
2026-08-28,SUSH,NORTHEAST,2814,192,2828.62,1076,111,1492.11
2026-08-28,SUSH,SOUTHEAST,2476,179,2623.21,945,115,1676.1
2026-08-28,SUSH,MIDWEST,2060,161,2460.56,864,101,1374.77
2026-08-28,SUSH,WEST,3270,274,4054.51,1342,144,1872.4
2026-08-29,SUSH,NORTHEAST,2710,202,2969.36,1115,144,2169.58
2026-08-29,SUSH,SOUTHEAST,2164,167,2480.29,1077,112,1435.61
2026-08-29,SUSH,MIDWEST,2227,164,2334.35,898,77,1118.28
2026-08-29,SUSH,WEST,2750,236,3276.65,1235,119,1699.5
2026-08-30,SUSH,NORTHEAST,2502,230,3545.35,1076,132,1778.54
2026-08-30,SUSH,SOUTHEAST,2417,166,2377.01,1136,125,1757.4
2026-08-30,SUSH,MIDWEST,1954,131,1887.44,889,104,1439.32
2026-08-30,SUSH,WEST,3036,231,3299.53,1249,144,1988.49
2026-03-02,TACO,NORTHEAST,3961,514,8331.23,192,21,300.67
2026-03-02,TACO,SOUTHEAST,3395,558,8431.79,182,20,293.44
2026-03-02,TACO,MIDWEST,2904,449,6768.8,188,21,320.24
2026-03-02,TACO,WEST,4503,716,11181.8,235,28,448.77
2026-03-03,TACO,NORTHEAST,3783,591,8312.51,201,21,321.78
2026-03-03,TACO,SOUTHEAST,3154,492,7450.61,170,19,284.49
2026-03-03,TACO,MIDWEST,3574,548,8283.0,166,17,273.59
2026-03-03,TACO,WEST,4296,663,10550.01,201,25,361.94
2026-03-04,TACO,NORTHEAST,4047,652,10013.87,227,23,321.85
2026-03-04,TACO,SOUTHEAST,3504,509,7520.26,177,21,327.94
2026-03-04,TACO,MIDWEST,3029,483,7513.15,184,19,286.55
2026-03-04,TACO,WEST,4329,707,10742.0,223,27,409.1
2026-03-05,TACO,NORTHEAST,4413,724,10886.79,254,29,418.46
2026-03-05,TACO,SOUTHEAST,3932,618,9263.81,208,25,369.96
2026-03-05,TACO,MIDWEST,3243,543,8484.68,157,17,262.71
2026-03-05,TACO,WEST,4221,738,11486.11,243,32,430.8
2026-03-06,TACO,NORTHEAST,4093,623,9770.43,212,26,367.19
2026-03-06,TACO,SOUTHEAST,3395,599,9026.38,249,29,460.03
2026-03-06,TACO,MIDWEST,3204,543,8215.26,209,22,311.42
2026-03-06,TACO,WEST,4241,629,9478.2,255,27,406.46
2026-03-07,TACO,NORTHEAST,4026,665,10527.32,250,30,426.9
2026-03-07,TACO,SOUTHEAST,3416,573,8787.9,207,24,362.45
2026-03-07,TACO,MIDWEST,3483,536,8086.11,188,23,365.49
2026-03-07,TACO,WEST,4836,829,12651.12,200,24,363.2
2026-03-08,TACO,NORTHEAST,4273,685,11182.39,268,34,519.87
2026-03-08,TACO,SOUTHEAST,3400,555,8835.51,192,21,335.05
2026-03-08,TACO,MIDWEST,3331,489,6909.35,204,24,376.13
2026-03-08,TACO,WEST,4781,724,11025.75,266,33,475.38
2026-03-09,TACO,NORTHEAST,4132,613,9307.53,271,33,493.23
2026-03-09,TACO,SOUTHEAST,3751,547,8305.51,246,28,378.64
2026-03-09,TACO,MIDWEST,3169,469,7220.21,209,23,343.13
2026-03-09,TACO,WEST,4516,816,12774.31,286,31,470.4
2026-03-10,TACO,NORTHEAST,3951,610,9034.8,278,31,455.28
2026-03-10,TACO,SOUTHEAST,3510,621,9219.53,244,28,395.96
2026-03-10,TACO,MIDWEST,3345,452,6839.24,219,27,382.0
2026-03-10,TACO,WEST,3868,611,9013.88,228,23,337.7
2026-03-11,TACO,NORTHEAST,3898,595,8524.55,258,28,435.01
2026-03-11,TACO,SOUTHEAST,3544,557,8670.48,244,27,395.36
2026-03-11,TACO,MIDWEST,3143,452,7081.57,215,24,335.37
2026-03-11,TACO,WEST,4535,671,9814.41,346,38,566.02
2026-03-12,TACO,NORTHEAST,3993,645,10075.99,287,30,456.51
2026-03-12,TACO,SOUTHEAST,3678,571,9303.36,237,26,381.94
2026-03-12,TACO,MIDWEST,3274,506,7743.38,220,25,371.94
2026-03-12,TACO,WEST,4229,733,11189.8,317,31,485.75
2026-03-13,TACO,NORTHEAST,4209,707,10995.71,309,36,528.85
2026-03-13,TACO,SOUTHEAST,3901,603,8884.07,253,26,388.17
2026-03-13,TACO,MIDWEST,3384,492,7148.61,263,28,409.85
2026-03-13,TACO,WEST,4606,746,11193.91,316,36,510.1
2026-03-14,TACO,NORTHEAST,3934,643,9779.39,304,35,494.37
2026-03-14,TACO,SOUTHEAST,3625,524,8138.25,265,28,402.34
2026-03-14,TACO,MIDWEST,2912,445,6878.51,254,29,424.97
2026-03-14,TACO,WEST,4548,730,11510.14,273,34,490.83
2026-03-15,TACO,NORTHEAST,3930,618,9203.18,331,41,593.94
2026-03-15,TACO,SOUTHEAST,3505,521,7897.73,282,35,533.4
2026-03-15,TACO,MIDWEST,3106,509,7588.77,254,28,419.25
2026-03-15,TACO,WEST,4306,641,9664.95,343,37,557.97
2026-03-16,TACO,NORTHEAST,3720,588,9369.99,326,35,526.86
2026-03-16,TACO,SOUTHEAST,3862,637,10042.78,330,38,558.73
2026-03-16,TACO,MIDWEST,3314,512,7988.14,249,31,443.95
2026-03-16,TACO,WEST,4507,694,10843.66,383,41,597.41
2026-03-17,TACO,NORTHEAST,4077,679,10018.59,326,38,540.45
2026-03-17,TACO,SOUTHEAST,3290,548,8736.85,291,32,473.47
2026-03-17,TACO,MIDWEST,2965,422,6473.58,280,33,471.09
2026-03-17,TACO,WEST,4627,713,11573.64,341,36,549.08
2026-03-18,TACO,NORTHEAST,3718,587,9081.03,356,47,686.3
2026-03-18,TACO,SOUTHEAST,3729,632,9518.65,299,37,548.49
2026-03-18,TACO,MIDWEST,3261,559,8338.57,243,32,480.74
2026-03-18,TACO,WEST,4612,778,12254.4,387,40,599.97
2026-03-19,TACO,NORTHEAST,3655,547,9007.96,320,40,592.64
2026-03-19,TACO,SOUTHEAST,3556,579,9252.04,285,34,506.82
2026-03-19,TACO,MIDWEST,3143,501,8012.78,289,36,546.67
2026-03-19,TACO,WEST,4640,776,11696.58,365,41,603.17
2026-03-20,TACO,NORTHEAST,4315,690,10702.84,388,41,623.0
2026-03-20,TACO,SOUTHEAST,3445,558,8448.31,264,28,420.38
2026-03-20,TACO,MIDWEST,3283,462,6714.01,292,34,477.41
2026-03-20,TACO,WEST,4570,800,12527.67,383,47,650.53
2026-03-21,TACO,NORTHEAST,4007,673,10629.96,368,40,605.55
2026-03-21,TACO,SOUTHEAST,3529,567,8269.18,325,37,543.32
2026-03-21,TACO,MIDWEST,3066,511,8155.2,303,33,458.87
2026-03-21,TACO,WEST,4475,699,10428.3,404,41,650.74
2026-03-22,TACO,NORTHEAST,3331,541,8699.36,386,43,676.45
2026-03-22,TACO,SOUTHEAST,3380,493,7487.53,311,34,507.53
2026-03-22,TACO,MIDWEST,2918,446,7015.31,344,43,624.44
2026-03-22,TACO,WEST,4611,705,10183.38,430,48,709.5
2026-03-23,TACO,NORTHEAST,3997,578,8972.39,411,48,686.73
2026-03-23,TACO,SOUTHEAST,3304,514,7773.07,336,37,536.71
2026-03-23,TACO,MIDWEST,3180,465,6784.68,285,29,441.71
2026-03-23,TACO,WEST,4621,751,11384.42,401,47,706.94
2026-03-24,TACO,NORTHEAST,4121,616,9632.51,449,56,851.05
2026-03-24,TACO,SOUTHEAST,3572,554,8581.42,325,34,509.74
2026-03-24,TACO,MIDWEST,2894,460,7295.18,284,32,456.92
2026-03-24,TACO,WEST,4777,752,11826.3,397,45,635.86
2026-03-25,TACO,NORTHEAST,3872,570,8424.36,410,48,707.24
2026-03-25,TACO,SOUTHEAST,3604,575,8941.83,306,37,522.37
2026-03-25,TACO,MIDWEST,3181,541,8031.13,362,39,560.99
2026-03-25,TACO,WEST,4683,696,10821.7,380,45,633.01
2026-03-26,TACO,NORTHEAST,3776,680,10003.66,409,51,759.31
2026-03-26,TACO,SOUTHEAST,3601,475,7217.56,405,39,557.17
2026-03-26,TACO,MIDWEST,3402,572,8602.19,320,35,521.2
2026-03-26,TACO,WEST,4400,725,11141.88,450,56,838.86
2026-03-27,TACO,NORTHEAST,3721,554,8392.77,460,48,710.76
2026-03-27,TACO,SOUTHEAST,3103,467,7237.6,406,50,715.14
2026-03-27,TACO,MIDWEST,3518,551,8740.28,317,40,611.2
2026-03-27,TACO,WEST,4359,710,10470.16,468,49,720.57
2026-03-28,TACO,NORTHEAST,4277,674,10093.7,378,44,610.27
2026-03-28,TACO,SOUTHEAST,3425,555,8459.8,392,46,712.22
2026-03-28,TACO,MIDWEST,3148,481,7656.82,379,45,695.48
2026-03-28,TACO,WEST,4648,778,12248.88,490,54,775.55
2026-03-29,TACO,NORTHEAST,4129,730,11574.99,431,44,674.94
2026-03-29,TACO,SOUTHEAST,3442,585,8694.12,413,51,758.19
2026-03-29,TACO,MIDWEST,3571,496,7877.99,348,38,574.9
2026-03-29,TACO,WEST,4314,679,10100.65,436,57,895.79
2026-03-30,TACO,NORTHEAST,3945,639,9341.91,483,51,745.14
2026-03-30,TACO,SOUTHEAST,3889,598,9410.91,368,43,639.62
2026-03-30,TACO,MIDWEST,3352,554,8557.55,346,41,627.05
2026-03-30,TACO,WEST,3932,653,9550.01,505,57,823.87
2026-03-31,TACO,NORTHEAST,4090,626,9554.08,448,46,679.18
2026-03-31,TACO,SOUTHEAST,3802,599,9229.12,416,49,720.69
2026-03-31,TACO,MIDWEST,3239,571,8650.46,346,37,544.86
2026-03-31,TACO,WEST,4645,828,12443.41,460,49,728.93
2026-04-01,TACO,NORTHEAST,4164,625,9659.73,453,49,718.49
2026-04-01,TACO,SOUTHEAST,3694,605,9290.55,414,41,567.64
2026-04-01,TACO,MIDWEST,3238,513,8042.91,383,41,616.89
2026-04-01,TACO,WEST,4072,623,9494.32,521,51,779.98
2026-04-02,TACO,NORTHEAST,3673,566,8652.45,571,60,898.16
2026-04-02,TACO,SOUTHEAST,3796,604,8948.42,412,47,701.36
2026-04-02,TACO,MIDWEST,3285,477,6835.78,406,38,572.97
2026-04-02,TACO,WEST,4450,694,10483.61,492,56,801.06
2026-04-03,TACO,NORTHEAST,3956,682,10431.59,514,61,948.41
2026-04-03,TACO,SOUTHEAST,3714,642,10126.63,409,47,741.07
2026-04-03,TACO,MIDWEST,3117,548,8284.77,385,52,784.72
2026-04-03,TACO,WEST,4318,605,9503.71,521,67,957.43
2026-04-04,TACO,NORTHEAST,3996,653,10310.02,396,48,733.12
2026-04-04,TACO,SOUTHEAST,3481,557,8283.19,384,48,687.6
2026-04-04,TACO,MIDWEST,3306,517,8085.36,372,48,657.64
2026-04-04,TACO,WEST,4540,793,11825.59,470,58,866.93
2026-04-05,TACO,NORTHEAST,3957,677,10488.41,525,60,871.92
2026-04-05,TACO,SOUTHEAST,3690,572,9204.04,446,49,702.95
2026-04-05,TACO,MIDWEST,2931,487,7397.4,390,45,695.35
2026-04-05,TACO,WEST,4431,672,10123.06,536,57,884.58
2026-04-06,TACO,NORTHEAST,3860,578,8825.43,511,62,857.24
2026-04-06,TACO,SOUTHEAST,3718,620,9504.95,456,54,714.47
2026-04-06,TACO,MIDWEST,3373,548,8345.47,406,49,739.65
2026-04-06,TACO,WEST,4318,682,10259.84,601,63,953.07
2026-04-07,TACO,NORTHEAST,3883,570,8678.82,501,62,953.16
2026-04-07,TACO,SOUTHEAST,3362,482,7506.42,438,49,711.06
2026-04-07,TACO,MIDWEST,3155,525,7980.13,413,52,754.43
2026-04-07,TACO,WEST,4419,733,10867.82,569,62,847.24
2026-04-08,TACO,NORTHEAST,3746,628,9481.18,526,64,978.29
2026-04-08,TACO,SOUTHEAST,3215,513,7915.97,492,60,816.82
2026-04-08,TACO,MIDWEST,3085,442,6975.33,459,49,742.74
2026-04-08,TACO,WEST,4120,576,9322.98,548,72,1134.74
2026-04-09,TACO,NORTHEAST,3844,623,9363.05,554,64,947.04
2026-04-09,TACO,SOUTHEAST,3641,580,9392.78,445,47,714.4
2026-04-09,TACO,MIDWEST,2999,484,7481.09,431,54,786.04
2026-04-09,TACO,WEST,4246,667,10620.33,580,65,924.04
2026-04-10,TACO,NORTHEAST,4031,648,10073.94,560,55,834.35
2026-04-10,TACO,SOUTHEAST,3876,631,9478.13,515,49,745.48
2026-04-10,TACO,MIDWEST,3383,519,7891.2,442,45,688.78
2026-04-10,TACO,WEST,4175,711,10095.98,576,66,1005.13
2026-04-11,TACO,NORTHEAST,4144,667,9927.91,567,61,905.4
2026-04-11,TACO,SOUTHEAST,3347,522,8208.69,541,61,868.01
2026-04-11,TACO,MIDWEST,3175,516,8408.95,426,42,609.03
2026-04-11,TACO,WEST,4237,621,10035.47,592,74,1153.44
2026-04-12,TACO,NORTHEAST,3894,628,9810.49,551,60,897.36
2026-04-12,TACO,SOUTHEAST,3628,595,8721.58,515,64,928.01
2026-04-12,TACO,MIDWEST,3221,577,9184.2,367,45,707.98
2026-04-12,TACO,WEST,4501,741,11380.35,614,68,1040.91
2026-04-13,TACO,NORTHEAST,4286,746,11869.59,543,60,872.28
2026-04-13,TACO,SOUTHEAST,3656,584,9087.04,456,54,776.53
2026-04-13,TACO,MIDWEST,3170,514,8097.58,436,51,774.47
2026-04-13,TACO,WEST,4466,671,10644.45,487,53,828.72
2026-04-14,TACO,NORTHEAST,4284,633,9838.06,489,66,950.8
2026-04-14,TACO,SOUTHEAST,3416,520,8060.04,456,57,864.2
2026-04-14,TACO,MIDWEST,3048,531,8030.93,419,44,676.7
2026-04-14,TACO,WEST,4482,702,10750.18,590,74,1110.23
2026-04-15,TACO,NORTHEAST,3791,620,9746.31,599,70,1059.01
2026-04-15,TACO,SOUTHEAST,3395,512,7752.09,525,68,974.4
2026-04-15,TACO,MIDWEST,3411,547,8123.18,515,56,845.03
2026-04-15,TACO,WEST,4102,637,9779.37,624,74,1065.47
2026-04-16,TACO,NORTHEAST,4115,599,9370.61,600,72,1079.44
2026-04-16,TACO,SOUTHEAST,3729,571,8591.16,503,51,789.2
2026-04-16,TACO,MIDWEST,2994,495,7218.92,406,44,651.69
2026-04-16,TACO,WEST,4559,724,10637.27,633,74,1073.78
2026-04-17,TACO,NORTHEAST,4087,634,9482.24,613,69,985.28
2026-04-17,TACO,SOUTHEAST,3747,670,10025.4,426,46,698.18
2026-04-17,TACO,MIDWEST,3014,491,7626.35,521,60,829.26
2026-04-17,TACO,WEST,4502,619,9267.29,657,73,1051.65
2026-04-18,TACO,NORTHEAST,4001,604,9322.2,610,74,1068.86
2026-04-18,TACO,SOUTHEAST,3312,567,8684.12,479,56,824.19
2026-04-18,TACO,MIDWEST,3197,476,7117.43,437,52,728.53
2026-04-18,TACO,WEST,4183,635,9813.95,614,73,1060.87
2026-04-19,TACO,NORTHEAST,3848,586,8883.21,568,68,1119.0
2026-04-19,TACO,SOUTHEAST,3612,559,9123.2,585,64,920.23
2026-04-19,TACO,MIDWEST,3175,468,6874.45,523,58,881.33
2026-04-19,TACO,WEST,3811,607,9831.05,723,90,1389.85
2026-04-20,TACO,NORTHEAST,3947,692,10534.71,654,69,937.25
2026-04-20,TACO,SOUTHEAST,3597,569,8795.99,536,59,799.12
2026-04-20,TACO,MIDWEST,3356,589,8957.02,416,45,692.9
2026-04-20,TACO,WEST,4368,598,9209.1,627,72,1048.56
2026-04-21,TACO,NORTHEAST,3884,643,9755.85,553,60,939.7
2026-04-21,TACO,SOUTHEAST,3534,538,7506.93,519,56,839.69
2026-04-21,TACO,MIDWEST,2968,482,7637.01,454,51,802.69
2026-04-21,TACO,WEST,4449,670,10173.06,809,89,1178.63
2026-04-22,TACO,NORTHEAST,3892,599,9016.5,644,81,1270.38
2026-04-22,TACO,SOUTHEAST,3890,634,9585.3,537,55,841.76
2026-04-22,TACO,MIDWEST,3089,512,7947.1,551,62,929.39
2026-04-22,TACO,WEST,4633,845,13113.54,726,84,1164.68
2026-04-23,TACO,NORTHEAST,4160,704,10509.26,691,69,1026.87
2026-04-23,TACO,SOUTHEAST,3464,562,8329.92,686,75,1161.95
2026-04-23,TACO,MIDWEST,3429,531,8120.24,548,61,883.72
2026-04-23,TACO,WEST,4077,621,9305.85,726,86,1210.05
2026-04-24,TACO,NORTHEAST,3870,601,9257.83,622,66,989.62
2026-04-24,TACO,SOUTHEAST,3681,581,8719.77,573,67,961.83
2026-04-24,TACO,MIDWEST,3036,429,6630.84,558,79,1157.89
2026-04-24,TACO,WEST,4421,705,10586.6,550,66,960.21
2026-04-25,TACO,NORTHEAST,3929,672,11009.35,608,72,1092.12
2026-04-25,TACO,SOUTHEAST,3858,587,8901.26,560,63,970.51
2026-04-25,TACO,MIDWEST,2922,424,6925.77,508,53,811.27
2026-04-25,TACO,WEST,4431,686,10536.35,752,84,1243.35
2026-04-26,TACO,NORTHEAST,3950,561,8801.97,726,81,1199.29
2026-04-26,TACO,SOUTHEAST,3675,553,8499.75,549,61,907.84
2026-04-26,TACO,MIDWEST,2787,398,5841.38,487,59,807.84
2026-04-26,TACO,WEST,4376,735,11430.69,817,93,1351.17
2026-04-27,TACO,NORTHEAST,3982,661,9938.45,699,85,1259.92
2026-04-27,TACO,SOUTHEAST,3388,570,9290.6,677,74,1068.85
2026-04-27,TACO,MIDWEST,3199,502,7862.65,606,75,1149.65
2026-04-27,TACO,WEST,4529,681,10184.02,765,92,1356.25
2026-04-28,TACO,NORTHEAST,4093,641,9672.09,715,81,1172.23
2026-04-28,TACO,SOUTHEAST,3544,562,8809.67,593,64,920.13
2026-04-28,TACO,MIDWEST,3326,540,8639.76,468,57,839.44
2026-04-28,TACO,WEST,4581,656,10295.6,695,84,1348.89
2026-04-29,TACO,NORTHEAST,4033,597,9315.39,639,73,1076.15
2026-04-29,TACO,SOUTHEAST,3570,562,9216.23,643,67,1037.67
2026-04-29,TACO,MIDWEST,3076,508,7919.59,551,65,926.61
2026-04-29,TACO,WEST,4331,695,10686.89,844,100,1477.32
2026-04-30,TACO,NORTHEAST,3904,606,9317.78,749,87,1242.7
2026-04-30,TACO,SOUTHEAST,3597,568,8801.22,612,61,937.0
2026-04-30,TACO,MIDWEST,3503,548,8554.29,517,64,955.88
2026-04-30,TACO,WEST,4403,658,9981.9,725,82,1260.84
2026-05-01,TACO,NORTHEAST,4309,655,10387.43,537,68,1023.72
2026-05-01,TACO,SOUTHEAST,3394,503,7218.03,674,82,1149.37
2026-05-01,TACO,MIDWEST,3329,478,7509.63,569,58,862.75
2026-05-01,TACO,WEST,4259,590,9247.68,745,74,1090.89
2026-05-02,TACO,NORTHEAST,4145,622,9581.19,803,94,1378.11
2026-05-02,TACO,SOUTHEAST,3431,588,9115.12,664,76,1109.07
2026-05-02,TACO,MIDWEST,3134,466,7233.93,597,73,1077.06
2026-05-02,TACO,WEST,4430,740,11154.51,699,78,1120.14
2026-05-03,TACO,NORTHEAST,3912,625,9413.8,704,78,1119.38
2026-05-03,TACO,SOUTHEAST,3639,601,9547.68,667,85,1227.96
2026-05-03,TACO,MIDWEST,3304,567,9177.72,562,65,971.42
2026-05-03,TACO,WEST,4511,743,11364.71,779,79,1173.79
2026-05-04,TACO,NORTHEAST,4056,677,9807.27,837,79,1114.86
2026-05-04,TACO,SOUTHEAST,3456,544,8686.28,632,82,1157.76
2026-05-04,TACO,MIDWEST,3456,534,7942.4,511,61,875.84
2026-05-04,TACO,WEST,4176,609,9321.72,791,94,1447.9
2026-05-05,TACO,NORTHEAST,3835,593,8917.26,708,87,1370.51
2026-05-05,TACO,SOUTHEAST,3577,578,8440.75,570,63,904.89
2026-05-05,TACO,MIDWEST,2961,436,6571.93,635,81,1183.5
2026-05-05,TACO,WEST,4592,715,11118.51,847,97,1442.67
2026-05-06,TACO,NORTHEAST,3944,593,8818.94,735,88,1291.27
2026-05-06,TACO,SOUTHEAST,3469,522,8025.43,669,72,1072.84
2026-05-06,TACO,MIDWEST,3177,519,7761.66,618,68,995.45
2026-05-06,TACO,WEST,4142,654,10284.92,697,74,1028.62
2026-05-07,TACO,NORTHEAST,3820,617,9511.93,740,69,1039.12
2026-05-07,TACO,SOUTHEAST,3403,556,8908.97,713,87,1313.53
2026-05-07,TACO,MIDWEST,2935,452,6710.37,573,64,905.44
2026-05-07,TACO,WEST,4389,672,10587.89,796,99,1568.84
2026-05-08,TACO,NORTHEAST,4019,595,8878.37,773,83,1251.52
2026-05-08,TACO,SOUTHEAST,3556,544,8236.85,764,69,997.75
2026-05-08,TACO,MIDWEST,3227,560,8625.09,551,63,919.42
2026-05-08,TACO,WEST,4465,682,10672.17,805,93,1449.52
2026-05-09,TACO,NORTHEAST,3748,570,8511.82,903,107,1586.75
2026-05-09,TACO,SOUTHEAST,3759,640,9862.49,609,67,965.15
2026-05-09,TACO,MIDWEST,3183,493,7474.34,505,55,765.39
2026-05-09,TACO,WEST,4420,673,10244.98,863,101,1529.94
2026-05-10,TACO,NORTHEAST,3800,589,9111.24,805,83,1185.46
2026-05-10,TACO,SOUTHEAST,3893,556,7907.64,627,72,1089.28
2026-05-10,TACO,MIDWEST,3133,473,6834.58,620,76,1146.69
2026-05-10,TACO,WEST,4437,677,10688.96,923,95,1327.98
2026-05-11,TACO,NORTHEAST,4064,587,9142.95,778,83,1268.93
2026-05-11,TACO,SOUTHEAST,3355,522,7928.53,657,79,1089.26
2026-05-11,TACO,MIDWEST,2988,473,6971.51,649,80,1098.0
2026-05-11,TACO,WEST,4421,662,9960.77,840,97,1403.22
2026-05-12,TACO,NORTHEAST,3984,654,9807.53,762,83,1224.46
2026-05-12,TACO,SOUTHEAST,3785,642,10697.53,807,85,1217.45
2026-05-12,TACO,MIDWEST,2979,428,6312.1,627,71,993.41
2026-05-12,TACO,WEST,4290,741,10793.84,879,88,1233.73
2026-05-13,TACO,NORTHEAST,4140,707,10732.62,869,84,1262.53
2026-05-13,TACO,SOUTHEAST,3152,501,7794.25,717,87,1251.37
2026-05-13,TACO,MIDWEST,3293,536,8266.77,552,68,982.05
2026-05-13,TACO,WEST,4676,709,10805.57,900,104,1494.27
2026-05-14,TACO,NORTHEAST,3642,596,9008.16,905,108,1502.04
2026-05-14,TACO,SOUTHEAST,3758,650,10288.27,706,68,1013.78
2026-05-14,TACO,MIDWEST,3274,515,7660.46,655,68,1051.57
2026-05-14,TACO,WEST,4268,625,9703.34,870,104,1539.22
2026-05-15,TACO,NORTHEAST,3877,644,9746.01,778,91,1413.49
2026-05-15,TACO,SOUTHEAST,3285,575,8694.83,819,93,1279.97
2026-05-15,TACO,MIDWEST,3286,488,7499.29,656,77,1165.03
2026-05-15,TACO,WEST,4526,677,10404.33,753,89,1301.18
2026-05-16,TACO,NORTHEAST,4332,713,11102.11,807,84,1211.02
2026-05-16,TACO,SOUTHEAST,3766,619,9930.29,768,92,1362.79
2026-05-16,TACO,MIDWEST,3221,531,7944.52,703,75,1098.61
2026-05-16,TACO,WEST,4059,628,9692.8,1003,111,1641.94
2026-05-17,TACO,NORTHEAST,4030,588,8985.9,812,92,1398.55
2026-05-17,TACO,SOUTHEAST,3524,549,8051.15,742,100,1539.68
2026-05-17,TACO,MIDWEST,3199,476,7171.54,643,74,1058.66
2026-05-17,TACO,WEST,4964,868,13218.26,957,117,1733.89
2026-05-18,TACO,NORTHEAST,3861,712,11119.39,919,105,1651.72
2026-05-18,TACO,SOUTHEAST,3489,606,9377.61,741,75,1121.55
2026-05-18,TACO,MIDWEST,3253,499,7936.75,635,74,1095.63
2026-05-18,TACO,WEST,4065,659,9940.23,928,92,1372.57
2026-05-19,TACO,NORTHEAST,3690,548,8490.38,801,94,1366.86
2026-05-19,TACO,SOUTHEAST,3596,576,9085.14,838,88,1336.16
2026-05-19,TACO,MIDWEST,3154,501,7366.83,720,93,1400.52
2026-05-19,TACO,WEST,4675,739,11370.06,815,100,1435.55
2026-05-20,TACO,NORTHEAST,4168,674,10094.81,941,93,1317.3
2026-05-20,TACO,SOUTHEAST,3512,559,8906.56,692,79,1130.93
2026-05-20,TACO,MIDWEST,3245,522,8164.5,742,92,1365.02
2026-05-20,TACO,WEST,4445,728,11620.94,883,105,1699.65
2026-05-21,TACO,NORTHEAST,3880,559,8685.08,1019,101,1526.68
2026-05-21,TACO,SOUTHEAST,3718,560,8419.56,716,76,1136.64
2026-05-21,TACO,MIDWEST,3169,537,8311.34,779,87,1291.71
2026-05-21,TACO,WEST,4611,752,11843.76,973,123,1683.55
2026-05-22,TACO,NORTHEAST,3887,616,9748.58,877,112,1594.72
2026-05-22,TACO,SOUTHEAST,3496,597,9075.67,689,75,1213.63
2026-05-22,TACO,MIDWEST,2964,451,7068.93,658,86,1209.82
2026-05-22,TACO,WEST,4492,700,10517.27,903,114,1679.95
2026-05-23,TACO,NORTHEAST,3689,619,9143.64,898,85,1316.35
2026-05-23,TACO,SOUTHEAST,3696,566,8515.38,920,122,1838.47
2026-05-23,TACO,MIDWEST,3267,499,7702.14,749,68,991.76
2026-05-23,TACO,WEST,3934,552,8293.14,1050,116,1702.53
2026-05-24,TACO,NORTHEAST,4075,629,9427.4,902,107,1492.14
2026-05-24,TACO,SOUTHEAST,3420,557,8767.99,809,91,1360.57
2026-05-24,TACO,MIDWEST,3077,465,7424.15,772,86,1257.24
2026-05-24,TACO,WEST,4547,721,10925.26,1047,114,1615.22
2026-05-25,TACO,NORTHEAST,3857,564,8625.02,883,104,1530.83
2026-05-25,TACO,SOUTHEAST,3621,577,8765.85,805,92,1323.5
2026-05-25,TACO,MIDWEST,3505,572,8717.95,749,94,1322.71
2026-05-25,TACO,WEST,4337,659,10190.89,954,116,1618.89
2026-05-26,TACO,NORTHEAST,4179,715,10959.94,889,104,1668.64
2026-05-26,TACO,SOUTHEAST,3447,484,7227.94,882,99,1430.35
2026-05-26,TACO,MIDWEST,2980,470,7261.52,629,77,1186.75
2026-05-26,TACO,WEST,4316,613,10120.29,1033,122,1795.87
2026-05-27,TACO,NORTHEAST,3804,528,7928.97,1003,118,1716.8
2026-05-27,TACO,SOUTHEAST,3231,523,7723.93,800,99,1491.53
2026-05-27,TACO,MIDWEST,3038,424,6488.06,694,82,1210.78
2026-05-27,TACO,WEST,4656,718,10619.3,1056,107,1482.91
2026-05-28,TACO,NORTHEAST,4038,679,10337.97,849,83,1084.9
2026-05-28,TACO,SOUTHEAST,3595,537,7780.27,797,80,1177.41
2026-05-28,TACO,MIDWEST,2857,480,7236.41,715,81,1111.87
2026-05-28,TACO,WEST,4338,665,9922.21,1047,112,1725.91
2026-05-29,TACO,NORTHEAST,3885,629,9609.71,972,114,1578.12
2026-05-29,TACO,SOUTHEAST,3667,580,9124.08,797,98,1483.94
2026-05-29,TACO,MIDWEST,3089,470,7367.79,776,86,1326.41
2026-05-29,TACO,WEST,4501,742,11337.31,964,101,1306.93
2026-05-30,TACO,NORTHEAST,3925,629,9029.89,956,107,1488.38
2026-05-30,TACO,SOUTHEAST,3256,487,7846.75,915,99,1487.2
2026-05-30,TACO,MIDWEST,3463,471,7502.66,663,78,1163.65
2026-05-30,TACO,WEST,4277,727,11101.12,1034,113,1494.07
2026-05-31,TACO,NORTHEAST,3981,627,9180.63,964,100,1505.75
2026-05-31,TACO,SOUTHEAST,3840,649,10196.36,851,110,1617.13
2026-05-31,TACO,MIDWEST,2697,406,6265.4,807,92,1389.81
2026-05-31,TACO,WEST,4600,629,9508.78,998,100,1351.49
2026-06-01,TACO,NORTHEAST,4125,659,10224.24,901,107,1476.62
2026-06-01,TACO,SOUTHEAST,3511,477,7422.62,864,97,1408.75
2026-06-01,TACO,MIDWEST,3188,526,8142.22,814,90,1267.59
2026-06-01,TACO,WEST,4150,687,9814.4,1121,128,1735.67
2026-06-02,TACO,NORTHEAST,3986,652,10292.02,1090,119,1604.34
2026-06-02,TACO,SOUTHEAST,3714,621,9751.7,770,95,1398.98
2026-06-02,TACO,MIDWEST,3020,488,7697.49,657,91,1406.46
2026-06-02,TACO,WEST,4814,816,12228.34,1150,120,1910.94
2026-06-03,TACO,NORTHEAST,4018,654,9565.03,1032,126,1784.13
2026-06-03,TACO,SOUTHEAST,3456,497,7473.55,817,92,1329.93
2026-06-03,TACO,MIDWEST,3315,567,8642.67,693,84,1303.59
2026-06-03,TACO,WEST,4372,721,10743.95,1190,147,2059.36
2026-06-04,TACO,NORTHEAST,3942,586,8982.22,1002,123,1805.3
2026-06-04,TACO,SOUTHEAST,3597,585,8826.36,869,94,1417.87
2026-06-04,TACO,MIDWEST,3202,460,6991.83,809,92,1290.3
2026-06-04,TACO,WEST,4134,635,9592.02,1103,120,1661.48
2026-06-05,TACO,NORTHEAST,3958,658,9944.19,1097,138,1932.87
2026-06-05,TACO,SOUTHEAST,3655,571,8485.71,883,97,1302.51
2026-06-05,TACO,MIDWEST,3292,531,8063.57,799,96,1402.41
2026-06-05,TACO,WEST,4279,697,10150.77,1183,130,1946.09
2026-06-06,TACO,NORTHEAST,3864,605,9398.05,1030,130,1911.07
2026-06-06,TACO,SOUTHEAST,3314,579,8821.96,991,124,1782.31
2026-06-06,TACO,MIDWEST,3113,457,7059.44,700,90,1346.45
2026-06-06,TACO,WEST,4499,714,10957.28,1067,95,1374.89
2026-06-07,TACO,NORTHEAST,3890,653,9672.39,1029,123,1831.8
2026-06-07,TACO,SOUTHEAST,3412,531,7880.02,874,101,1446.73
2026-06-07,TACO,MIDWEST,3179,508,7962.86,844,100,1517.27
2026-06-07,TACO,WEST,4315,729,11240.09,1216,141,2166.53
2026-06-08,TACO,NORTHEAST,4017,592,8957.1,1041,120,1778.98
2026-06-08,TACO,SOUTHEAST,3514,549,8002.12,984,121,1827.17
2026-06-08,TACO,MIDWEST,2879,442,6668.44,813,84,1318.02
2026-06-08,TACO,WEST,4552,722,10923.23,970,119,1751.17
2026-06-09,TACO,NORTHEAST,4035,680,10119.52,838,112,1596.74
2026-06-09,TACO,SOUTHEAST,3695,541,8441.11,1051,123,1702.95
2026-06-09,TACO,MIDWEST,3079,440,6705.64,881,105,1507.67
2026-06-09,TACO,WEST,4417,705,10358.79,1049,122,1914.93
2026-06-10,TACO,NORTHEAST,3964,637,9405.7,1086,108,1598.25
2026-06-10,TACO,SOUTHEAST,3665,584,8780.12,876,110,1664.91
2026-06-10,TACO,MIDWEST,3217,543,8211.3,828,89,1261.89
2026-06-10,TACO,WEST,4301,732,10995.72,1097,124,1909.07
2026-06-11,TACO,NORTHEAST,3787,708,10800.26,1016,117,1672.96
2026-06-11,TACO,SOUTHEAST,3514,529,8597.83,857,103,1552.96
2026-06-11,TACO,MIDWEST,3146,526,8297.46,886,88,1342.27
2026-06-11,TACO,WEST,4552,738,11115.07,1122,103,1567.0
2026-06-12,TACO,NORTHEAST,3631,624,9658.31,1172,121,1722.01
2026-06-12,TACO,SOUTHEAST,3553,493,7284.07,985,131,1826.77
2026-06-12,TACO,MIDWEST,3312,509,7836.77,891,99,1451.85
2026-06-12,TACO,WEST,4313,688,10646.37,1221,134,1921.25
2026-06-13,TACO,NORTHEAST,3874,587,9068.93,1152,144,2005.8
2026-06-13,TACO,SOUTHEAST,3472,550,8507.95,1048,117,1640.6
2026-06-13,TACO,MIDWEST,3375,575,8848.27,829,85,1229.53
2026-06-13,TACO,WEST,4057,641,9812.73,1206,148,2092.55
2026-06-14,TACO,NORTHEAST,3964,644,10256.82,1006,122,1845.87
2026-06-14,TACO,SOUTHEAST,3548,622,9268.11,1004,112,1638.6
2026-06-14,TACO,MIDWEST,3256,587,8587.95,973,101,1374.79
2026-06-14,TACO,WEST,4462,712,11223.58,1137,134,1840.02
2026-06-15,TACO,NORTHEAST,3849,573,8396.21,1062,142,2030.67
2026-06-15,TACO,SOUTHEAST,3738,588,9337.89,885,111,1632.11
2026-06-15,TACO,MIDWEST,2987,447,7041.01,885,91,1251.31
2026-06-15,TACO,WEST,4220,629,9657.23,1398,165,2330.96
2026-06-16,TACO,NORTHEAST,4070,632,9464.05,1121,104,1487.16
2026-06-16,TACO,SOUTHEAST,4088,617,9516.31,1030,109,1562.24
2026-06-16,TACO,MIDWEST,3468,557,8393.17,788,99,1521.41
2026-06-16,TACO,WEST,4368,743,11378.51,1167,123,1856.7
2026-06-17,TACO,NORTHEAST,3886,617,9673.62,1205,118,1743.22
2026-06-17,TACO,SOUTHEAST,3697,612,8810.02,1027,110,1671.64
2026-06-17,TACO,MIDWEST,3428,544,8534.52,831,100,1514.49
2026-06-17,TACO,WEST,4350,705,10436.79,1163,105,1561.11
2026-06-18,TACO,NORTHEAST,3976,546,8156.32,1057,134,1947.25
2026-06-18,TACO,SOUTHEAST,3644,593,8702.2,1007,127,1916.99
2026-06-18,TACO,MIDWEST,2959,444,6921.03,1030,105,1545.31
2026-06-18,TACO,WEST,4779,786,12345.42,1122,118,1576.73
2026-06-19,TACO,NORTHEAST,4169,697,11363.8,991,125,1843.63
2026-06-19,TACO,SOUTHEAST,3682,544,8497.98,1046,134,2016.29
2026-06-19,TACO,MIDWEST,3268,515,8281.02,1029,125,1726.91
2026-06-19,TACO,WEST,4184,641,10445.77,1194,147,2201.5
2026-06-20,TACO,NORTHEAST,4007,631,9851.64,1271,150,2077.17
2026-06-20,TACO,SOUTHEAST,3569,602,9534.41,891,107,1636.47
2026-06-20,TACO,MIDWEST,3235,498,7650.02,863,100,1432.65
2026-06-20,TACO,WEST,5444,819,12240.6,1213,141,1944.39
2026-06-21,TACO,NORTHEAST,3634,587,8699.01,1185,132,2014.68
2026-06-21,TACO,SOUTHEAST,3554,578,9083.79,1105,121,1808.86
2026-06-21,TACO,MIDWEST,3149,537,8116.11,828,105,1377.97
2026-06-21,TACO,WEST,4719,742,11297.91,1336,136,2048.91
2026-06-22,TACO,NORTHEAST,4167,598,8692.52,1122,128,1844.82
2026-06-22,TACO,SOUTHEAST,3489,566,8818.02,1068,126,1900.04
2026-06-22,TACO,MIDWEST,3123,542,8184.58,835,97,1435.56
2026-06-22,TACO,WEST,4267,690,10076.44,1169,136,2047.79
2026-06-23,TACO,NORTHEAST,4153,662,10155.92,1291,124,1721.74
2026-06-23,TACO,SOUTHEAST,3530,526,8197.72,1054,111,1718.65
2026-06-23,TACO,MIDWEST,3186,513,8204.63,864,91,1487.26
2026-06-23,TACO,WEST,3964,648,9915.03,1169,123,1755.59
2026-06-24,TACO,NORTHEAST,4288,639,9765.52,1120,145,2170.37
2026-06-24,TACO,SOUTHEAST,3598,555,8802.04,1129,140,2025.94
2026-06-24,TACO,MIDWEST,3072,466,7136.11,833,102,1624.72
2026-06-24,TACO,WEST,4319,637,9888.88,1222,138,2026.29
2026-06-25,TACO,NORTHEAST,4215,702,10355.51,1081,143,2005.16
2026-06-25,TACO,SOUTHEAST,3478,527,7858.32,1061,134,1857.95
2026-06-25,TACO,MIDWEST,3444,560,8937.2,884,94,1378.84
2026-06-25,TACO,WEST,4311,685,10414.31,1321,122,1756.0
2026-06-26,TACO,NORTHEAST,4156,656,9934.09,1227,137,1981.86
2026-06-26,TACO,SOUTHEAST,3671,621,9730.09,1010,101,1538.51
2026-06-26,TACO,MIDWEST,3060,451,6714.88,844,92,1282.26
2026-06-26,TACO,WEST,4424,752,11635.31,1198,126,1794.48
2026-06-27,TACO,NORTHEAST,3969,587,9121.11,1121,124,1784.3
2026-06-27,TACO,SOUTHEAST,3858,638,10552.13,1018,122,1623.71
2026-06-27,TACO,MIDWEST,3197,529,7785.62,856,93,1317.67
2026-06-27,TACO,WEST,4752,762,11230.35,1353,161,2406.52
2026-06-28,TACO,NORTHEAST,4111,630,9727.41,1246,149,2127.97
2026-06-28,TACO,SOUTHEAST,3733,600,9136.46,1013,106,1493.73
2026-06-28,TACO,MIDWEST,2851,452,6600.3,932,109,1697.54
2026-06-28,TACO,WEST,4362,670,9980.58,1217,155,2150.07
2026-06-29,TACO,NORTHEAST,4027,682,10913.48,1327,162,2303.64
2026-06-29,TACO,SOUTHEAST,3725,601,9334.66,1007,130,1818.9
2026-06-29,TACO,MIDWEST,3200,480,7263.01,1022,109,1575.03
2026-06-29,TACO,WEST,4414,639,9063.34,1343,149,2169.85
2026-06-30,TACO,NORTHEAST,3989,638,9776.52,1152,140,2087.21
2026-06-30,TACO,SOUTHEAST,3681,611,9370.46,989,112,1694.23
2026-06-30,TACO,MIDWEST,3230,544,8467.19,1050,117,1723.07
2026-06-30,TACO,WEST,4565,743,10894.76,1401,165,2269.35
2026-07-01,TACO,NORTHEAST,3866,630,9350.04,1220,129,1903.72
2026-07-01,TACO,SOUTHEAST,3562,557,8286.32,1132,115,1686.13
2026-07-01,TACO,MIDWEST,2936,463,7445.55,958,131,1992.51
2026-07-01,TACO,WEST,4436,706,10578.35,1226,143,2038.13
2026-07-02,TACO,NORTHEAST,3726,552,8534.72,1316,188,2655.19
2026-07-02,TACO,SOUTHEAST,3903,564,8646.53,1146,121,1771.35
2026-07-02,TACO,MIDWEST,3172,505,7600.45,955,115,1632.23
2026-07-02,TACO,WEST,4388,731,10860.71,1325,139,2126.28
2026-07-03,TACO,NORTHEAST,4255,686,10368.83,1076,135,1939.67
2026-07-03,TACO,SOUTHEAST,3350,528,7964.54,1154,133,1969.71
2026-07-03,TACO,MIDWEST,3347,509,7723.68,968,110,1666.52
2026-07-03,TACO,WEST,4215,611,9721.36,1210,149,2060.63
2026-07-04,TACO,NORTHEAST,4323,708,10782.21,1346,156,2297.62
2026-07-04,TACO,SOUTHEAST,3587,601,9333.21,1285,156,2301.08
2026-07-04,TACO,MIDWEST,3111,474,6926.94,994,98,1447.81
2026-07-04,TACO,WEST,4115,723,10588.24,1247,129,1898.89
2026-07-05,TACO,NORTHEAST,3975,639,9447.6,1247,131,1978.17
2026-07-05,TACO,SOUTHEAST,3420,537,8416.26,1022,105,1518.08
2026-07-05,TACO,MIDWEST,3082,486,7536.75,1030,116,1760.31
2026-07-05,TACO,WEST,4185,710,10571.67,1375,143,2125.57
2026-07-06,TACO,NORTHEAST,3928,657,9615.77,1216,137,1961.48
2026-07-06,TACO,SOUTHEAST,3813,552,8493.82,1006,109,1577.16
2026-07-06,TACO,MIDWEST,3115,440,6710.83,1171,148,2208.89
2026-07-06,TACO,WEST,4477,729,11009.35,1258,144,2049.01
2026-07-07,TACO,NORTHEAST,3787,548,8273.89,1267,132,1997.76
2026-07-07,TACO,SOUTHEAST,3503,558,8111.21,1026,126,1758.35
2026-07-07,TACO,MIDWEST,3246,551,8329.13,1006,110,1595.78
2026-07-07,TACO,WEST,4677,729,11693.23,1616,184,2609.44
2026-07-08,TACO,NORTHEAST,3866,618,9647.47,1159,114,1746.03
2026-07-08,TACO,SOUTHEAST,3769,617,9504.27,1085,122,1778.79
2026-07-08,TACO,MIDWEST,3147,492,7474.88,942,104,1471.09
2026-07-08,TACO,WEST,4531,766,11737.56,1626,185,2718.31
2026-07-09,TACO,NORTHEAST,3781,616,9183.61,1311,141,2187.27
2026-07-09,TACO,SOUTHEAST,3508,509,7899.23,1431,174,2617.97
2026-07-09,TACO,MIDWEST,3294,553,8297.79,999,102,1480.77
2026-07-09,TACO,WEST,4334,744,11489.12,1386,174,2550.1
2026-07-10,TACO,NORTHEAST,4394,687,9983.73,1203,135,2056.75
2026-07-10,TACO,SOUTHEAST,3655,555,8431.78,1114,125,1927.46
2026-07-10,TACO,MIDWEST,3196,521,8067.1,1023,107,1708.48
2026-07-10,TACO,WEST,4199,662,9914.67,1454,179,2603.34
2026-07-11,TACO,NORTHEAST,4255,686,10406.78,1271,187,2645.35
2026-07-11,TACO,SOUTHEAST,3445,651,9923.09,1189,121,1636.56
2026-07-11,TACO,MIDWEST,2930,461,6936.96,1050,124,1754.62
2026-07-11,TACO,WEST,4122,613,9322.4,1402,159,2353.86
2026-07-12,TACO,NORTHEAST,4240,679,10228.93,1443,161,2310.26
2026-07-12,TACO,SOUTHEAST,3603,586,9216.91,1095,123,1763.01
2026-07-12,TACO,MIDWEST,3394,554,8110.82,978,123,1888.81
2026-07-12,TACO,WEST,4383,726,11247.83,1369,168,2435.61
2026-07-13,TACO,NORTHEAST,3629,522,7736.08,1280,147,2140.41
2026-07-13,TACO,SOUTHEAST,3735,582,9214.75,1295,136,1930.75
2026-07-13,TACO,MIDWEST,3386,628,9508.91,1038,106,1547.25
2026-07-13,TACO,WEST,4477,770,12353.53,1396,162,2267.78
2026-07-14,TACO,NORTHEAST,3894,663,10031.81,1246,146,1990.14
2026-07-14,TACO,SOUTHEAST,3662,572,9031.55,1098,109,1547.4
2026-07-14,TACO,MIDWEST,3146,538,7680.96,1118,144,2010.97
2026-07-14,TACO,WEST,4114,648,10264.09,1476,173,2551.36
2026-07-15,TACO,NORTHEAST,4054,652,9952.0,1215,144,2206.66
2026-07-15,TACO,SOUTHEAST,3452,548,8417.1,1032,111,1498.58
2026-07-15,TACO,MIDWEST,2732,418,6521.77,974,109,1440.42
2026-07-15,TACO,WEST,4317,697,10091.02,1586,173,2393.02
2026-07-16,TACO,NORTHEAST,3976,590,8472.9,1386,158,2211.37
2026-07-16,TACO,SOUTHEAST,3558,528,8327.36,1397,151,2361.8
2026-07-16,TACO,MIDWEST,3165,550,8581.03,1133,125,1851.82
2026-07-16,TACO,WEST,4301,688,10463.27,1472,159,2412.03
2026-07-17,TACO,NORTHEAST,3836,562,8641.0,1299,125,1949.64
2026-07-17,TACO,SOUTHEAST,3277,549,8837.81,1223,141,1981.09
2026-07-17,TACO,MIDWEST,3147,453,7586.6,1179,135,2050.35
2026-07-17,TACO,WEST,4319,655,9981.84,1443,175,2514.32
2026-07-18,TACO,NORTHEAST,3623,621,9543.87,1306,153,2086.49
2026-07-18,TACO,SOUTHEAST,3674,596,8858.33,1039,131,1899.33
2026-07-18,TACO,MIDWEST,3059,467,7236.7,992,120,1674.81
2026-07-18,TACO,WEST,4651,604,9211.97,1575,173,2545.4
2026-07-19,TACO,NORTHEAST,3925,657,10403.37,1266,152,2207.22
2026-07-19,TACO,SOUTHEAST,3748,652,9276.83,1321,155,2282.35
2026-07-19,TACO,MIDWEST,3133,537,7830.94,1187,148,2152.88
2026-07-19,TACO,WEST,4566,752,11485.88,1347,146,2260.54
2026-07-20,TACO,NORTHEAST,4261,718,11178.2,1478,184,2564.96
2026-07-20,TACO,SOUTHEAST,3327,564,8889.98,1145,129,1959.29
2026-07-20,TACO,MIDWEST,3554,632,9547.36,1169,132,2030.22
2026-07-20,TACO,WEST,4661,760,11849.77,1413,168,2296.19
2026-07-21,TACO,NORTHEAST,3858,691,10768.45,1255,125,1986.12
2026-07-21,TACO,SOUTHEAST,3674,592,9447.15,1175,121,1766.23
2026-07-21,TACO,MIDWEST,2952,463,7301.43,1047,125,1816.95
2026-07-21,TACO,WEST,4499,675,10451.42,1312,153,2179.34
2026-07-22,TACO,NORTHEAST,3934,638,9524.45,1188,138,2114.43
2026-07-22,TACO,SOUTHEAST,3609,548,8559.79,1306,162,2325.8
2026-07-22,TACO,MIDWEST,3216,479,7329.72,1201,137,2084.72
2026-07-22,TACO,WEST,4202,695,10869.73,1655,178,2446.42
2026-07-23,TACO,NORTHEAST,4098,649,10291.7,1258,131,1919.82
2026-07-23,TACO,SOUTHEAST,3725,596,9170.24,1238,156,2191.11
2026-07-23,TACO,MIDWEST,3244,521,7934.89,1023,106,1577.66
2026-07-23,TACO,WEST,4536,634,9939.85,1512,175,2747.35
2026-07-24,TACO,NORTHEAST,3887,640,9540.96,1433,164,2445.02
2026-07-24,TACO,SOUTHEAST,3665,652,10165.16,1220,137,1937.46
2026-07-24,TACO,MIDWEST,3154,458,6806.84,971,113,1526.63
2026-07-24,TACO,WEST,4470,673,10300.6,1667,172,2661.5
2026-07-25,TACO,NORTHEAST,3994,639,10289.15,1498,172,2487.54
2026-07-25,TACO,SOUTHEAST,3486,580,8938.24,1246,149,2203.0
2026-07-25,TACO,MIDWEST,3306,530,8424.92,1269,154,2280.79
2026-07-25,TACO,WEST,4391,722,10505.62,1620,165,2444.47
2026-07-26,TACO,NORTHEAST,4290,722,10620.55,1228,136,2000.31
2026-07-26,TACO,SOUTHEAST,3458,565,8701.04,1227,163,2363.22
2026-07-26,TACO,MIDWEST,3185,499,7838.57,1139,135,1960.55
2026-07-26,TACO,WEST,4175,663,10042.02,1367,146,2093.26
2026-07-27,TACO,NORTHEAST,4143,717,10988.61,1240,139,2109.36
2026-07-27,TACO,SOUTHEAST,3566,566,8761.64,1356,144,1942.63
2026-07-27,TACO,MIDWEST,3086,451,6519.4,1121,125,1800.31
2026-07-27,TACO,WEST,4371,722,10812.08,1577,172,2618.6
2026-07-28,TACO,NORTHEAST,4214,739,11330.86,1376,159,2428.36
2026-07-28,TACO,SOUTHEAST,3546,590,9536.37,1256,127,1821.74
2026-07-28,TACO,MIDWEST,3284,500,7669.06,1324,151,2210.34
2026-07-28,TACO,WEST,4366,666,10308.74,1771,216,3292.2
2026-07-29,TACO,NORTHEAST,3964,640,9996.06,1312,147,2053.4
2026-07-29,TACO,SOUTHEAST,3703,608,9266.52,1280,134,1867.23
2026-07-29,TACO,MIDWEST,3164,482,7236.94,1148,139,2039.02
2026-07-29,TACO,WEST,4562,727,11300.7,1904,226,3343.89
2026-07-30,TACO,NORTHEAST,4042,669,10947.96,1644,183,2714.05
2026-07-30,TACO,SOUTHEAST,3445,537,8306.69,1494,174,2577.37
2026-07-30,TACO,MIDWEST,3060,476,7264.55,1152,128,1865.68
2026-07-30,TACO,WEST,4651,710,10852.64,1760,210,3183.15
2026-07-31,TACO,NORTHEAST,3998,616,9177.95,1665,189,2797.46
2026-07-31,TACO,SOUTHEAST,3386,557,8581.09,1263,143,2280.32
2026-07-31,TACO,MIDWEST,3424,523,7906.94,974,112,1614.98
2026-07-31,TACO,WEST,4100,700,11128.02,1544,164,2388.51
2026-08-01,TACO,NORTHEAST,4126,649,10383.03,1432,188,2689.67
2026-08-01,TACO,SOUTHEAST,3532,576,9068.38,1438,164,2539.78
2026-08-01,TACO,MIDWEST,3168,507,7565.22,1314,149,2192.29
2026-08-01,TACO,WEST,4270,694,11096.01,1844,227,3268.32
2026-08-02,TACO,NORTHEAST,4165,683,10297.38,1483,159,2293.83
2026-08-02,TACO,SOUTHEAST,3445,533,8394.93,1502,165,2352.96
2026-08-02,TACO,MIDWEST,3031,540,8115.99,1232,142,2028.82
2026-08-02,TACO,WEST,4568,801,12187.86,1662,201,2836.75
2026-08-03,TACO,NORTHEAST,3639,583,8935.26,1479,163,2423.19
2026-08-03,TACO,SOUTHEAST,3505,600,9406.55,1419,171,2482.6
2026-08-03,TACO,MIDWEST,3481,613,8859.69,1265,150,2140.94
2026-08-03,TACO,WEST,4531,806,12373.5,1654,201,3199.85
2026-08-04,TACO,NORTHEAST,3859,589,8990.64,1406,167,2543.27
2026-08-04,TACO,SOUTHEAST,3463,598,9144.31,1094,142,2168.12
2026-08-04,TACO,MIDWEST,3252,512,7681.24,1285,147,2126.81
2026-08-04,TACO,WEST,4262,664,10180.34,1601,181,2678.6
2026-08-05,TACO,NORTHEAST,4289,765,11246.88,1589,197,2810.05
2026-08-05,TACO,SOUTHEAST,3335,522,7758.32,1289,122,1721.41
2026-08-05,TACO,MIDWEST,3096,438,6842.68,1193,143,2033.41
2026-08-05,TACO,WEST,4433,736,10722.72,1582,165,2302.89
2026-08-06,TACO,NORTHEAST,4029,650,9806.63,1415,169,2632.16
2026-08-06,TACO,SOUTHEAST,3656,639,9480.97,1295,157,2262.23
2026-08-06,TACO,MIDWEST,3176,558,8332.68,1194,135,1913.96
2026-08-06,TACO,WEST,4703,724,10743.17,1559,198,2849.8
2026-08-07,TACO,NORTHEAST,4173,708,10765.03,1449,174,2388.54
2026-08-07,TACO,SOUTHEAST,3448,501,7544.73,1426,160,2394.25
2026-08-07,TACO,MIDWEST,3069,489,7578.4,1180,122,1776.73
2026-08-07,TACO,WEST,4167,712,11151.55,1619,196,2970.75
2026-08-08,TACO,NORTHEAST,3911,598,8886.52,1513,164,2495.77
2026-08-08,TACO,SOUTHEAST,3473,520,7807.47,1439,160,2098.73
2026-08-08,TACO,MIDWEST,2886,484,7561.17,1380,137,2170.68
2026-08-08,TACO,WEST,4483,758,11232.2,1684,212,3142.65
2026-08-09,TACO,NORTHEAST,4027,716,10765.76,1598,185,2833.67
2026-08-09,TACO,SOUTHEAST,3734,628,9128.26,1381,163,2411.84
2026-08-09,TACO,MIDWEST,2697,406,6333.55,1317,156,2187.54
2026-08-09,TACO,WEST,4529,775,11961.73,1646,190,2879.23
2026-08-10,TACO,NORTHEAST,3696,581,9385.0,1631,205,3225.33
2026-08-10,TACO,SOUTHEAST,3833,616,9160.3,1388,154,2093.51
2026-08-10,TACO,MIDWEST,3246,496,7888.03,1293,155,2227.56
2026-08-10,TACO,WEST,4124,609,9071.45,1641,202,2677.27
2026-08-11,TACO,NORTHEAST,3969,673,9550.15,1459,168,2343.24
2026-08-11,TACO,SOUTHEAST,3580,576,9084.23,1270,156,2238.69
2026-08-11,TACO,MIDWEST,3032,479,7594.24,1300,142,1916.81
2026-08-11,TACO,WEST,4346,690,10547.44,1624,188,2803.66
2026-08-12,TACO,NORTHEAST,3919,625,9671.12,1588,183,2756.47
2026-08-12,TACO,SOUTHEAST,3539,598,9786.41,1358,151,2249.15
2026-08-12,TACO,MIDWEST,3319,589,8879.03,1171,133,2059.52
2026-08-12,TACO,WEST,4162,682,10866.7,1838,190,2716.64
2026-08-13,TACO,NORTHEAST,4275,692,11257.84,1426,153,1939.17
2026-08-13,TACO,SOUTHEAST,3667,558,8181.08,1368,159,2199.98
2026-08-13,TACO,MIDWEST,3350,544,8746.74,1315,131,1890.97
2026-08-13,TACO,WEST,4551,700,10983.62,1797,208,3132.45
2026-08-14,TACO,NORTHEAST,3733,588,9046.14,1459,161,2323.14
2026-08-14,TACO,SOUTHEAST,3581,564,9048.89,1240,141,2019.27
2026-08-14,TACO,MIDWEST,3343,531,8503.9,1341,171,2609.15
2026-08-14,TACO,WEST,4391,760,11812.59,1797,239,3402.81
2026-08-15,TACO,NORTHEAST,4142,651,9592.56,1676,195,2913.75
2026-08-15,TACO,SOUTHEAST,3599,576,8894.86,1349,165,2402.22
2026-08-15,TACO,MIDWEST,3398,586,8930.34,1130,152,2259.58
2026-08-15,TACO,WEST,4668,685,9974.0,1956,233,3377.91
2026-08-16,TACO,NORTHEAST,3967,688,10352.46,1748,173,2483.88
2026-08-16,TACO,SOUTHEAST,3451,518,7826.38,1338,157,2336.57
2026-08-16,TACO,MIDWEST,3248,549,8103.03,1299,159,2261.75
2026-08-16,TACO,WEST,4412,716,11177.68,1710,178,2480.26
2026-08-17,TACO,NORTHEAST,3777,641,9836.43,1575,199,2913.84
2026-08-17,TACO,SOUTHEAST,3200,508,7714.21,1291,142,2077.42
2026-08-17,TACO,MIDWEST,3467,575,8650.95,1149,149,2182.22
2026-08-17,TACO,WEST,4482,676,10786.98,1928,242,3501.21
2026-08-18,TACO,NORTHEAST,4187,663,10186.78,1448,181,2390.87
2026-08-18,TACO,SOUTHEAST,3511,545,8895.92,1611,181,2496.58
2026-08-18,TACO,MIDWEST,3269,508,7688.41,1244,159,2333.04
2026-08-18,TACO,WEST,4228,728,11499.36,1956,240,3798.98
2026-08-19,TACO,NORTHEAST,3815,609,9692.54,1735,201,3008.06
2026-08-19,TACO,SOUTHEAST,3707,553,8573.37,1413,159,2458.61
2026-08-19,TACO,MIDWEST,3136,531,8139.07,1258,136,1863.5
2026-08-19,TACO,WEST,4331,690,10562.8,1638,181,2527.92
2026-08-20,TACO,NORTHEAST,3974,651,10420.49,1690,198,2825.37
2026-08-20,TACO,SOUTHEAST,3951,626,9255.95,1601,203,2914.0
2026-08-20,TACO,MIDWEST,3481,509,7824.83,1320,162,2244.72
2026-08-20,TACO,WEST,4487,780,11852.68,1950,221,3402.27
2026-08-21,TACO,NORTHEAST,3772,623,8673.72,1610,179,2711.18
2026-08-21,TACO,SOUTHEAST,3246,532,8272.65,1709,191,2736.9
2026-08-21,TACO,MIDWEST,3292,557,8977.25,1223,159,2200.52
2026-08-21,TACO,WEST,4431,657,10220.21,1893,214,3053.89
2026-08-22,TACO,NORTHEAST,3867,655,9944.72,1641,186,2840.78
2026-08-22,TACO,SOUTHEAST,3506,563,8820.47,1545,195,3003.83
2026-08-22,TACO,MIDWEST,3249,555,8677.42,1259,153,2316.12
2026-08-22,TACO,WEST,4360,789,10857.44,1774,194,2723.42
2026-08-23,TACO,NORTHEAST,3867,640,10110.43,1758,188,2731.11
2026-08-23,TACO,SOUTHEAST,3633,641,9651.91,1613,160,2317.85
2026-08-23,TACO,MIDWEST,2794,438,7105.42,1260,132,1993.39
2026-08-23,TACO,WEST,4708,703,10593.67,1927,229,3428.19
2026-08-24,TACO,NORTHEAST,4240,643,10138.34,2131,236,3353.71
2026-08-24,TACO,SOUTHEAST,3570,634,9634.9,1284,155,2457.99
2026-08-24,TACO,MIDWEST,3312,523,7960.49,1470,159,2318.98
2026-08-24,TACO,WEST,4387,717,10593.77,1831,196,2730.28
2026-08-25,TACO,NORTHEAST,4309,727,11069.35,1538,159,2239.9
2026-08-25,TACO,SOUTHEAST,3384,589,8960.88,1628,166,2480.32
2026-08-25,TACO,MIDWEST,3038,502,8064.9,1267,156,2495.04
2026-08-25,TACO,WEST,4402,693,10512.66,1776,204,2931.43
2026-08-26,TACO,NORTHEAST,4188,723,10162.18,1876,218,2922.49
2026-08-26,TACO,SOUTHEAST,3602,635,9634.21,1575,165,2489.45
2026-08-26,TACO,MIDWEST,2936,447,6697.96,1403,161,2435.84
2026-08-26,TACO,WEST,4275,657,10723.88,1843,214,2977.76
2026-08-27,TACO,NORTHEAST,3773,625,9729.83,1551,167,2418.21
2026-08-27,TACO,SOUTHEAST,3781,602,9705.94,1617,206,2998.61
2026-08-27,TACO,MIDWEST,3220,501,7684.72,1401,144,2072.24
2026-08-27,TACO,WEST,4400,705,10268.36,1914,216,3000.34
2026-08-28,TACO,NORTHEAST,4030,630,9519.94,1874,197,2963.81
2026-08-28,TACO,SOUTHEAST,3615,604,9326.88,1646,189,2681.57
2026-08-28,TACO,MIDWEST,3216,522,7992.26,1410,177,2627.47
2026-08-28,TACO,WEST,4624,710,10905.07,2093,230,3363.76
2026-08-29,TACO,NORTHEAST,3672,630,9814.25,1593,170,2590.6
2026-08-29,TACO,SOUTHEAST,3446,587,9346.98,1563,196,2972.9
2026-08-29,TACO,MIDWEST,3121,504,7840.54,1531,148,2076.5
2026-08-29,TACO,WEST,4180,656,10512.67,2062,232,3163.72
2026-08-30,TACO,NORTHEAST,3907,664,10227.02,2077,227,3289.78
2026-08-30,TACO,SOUTHEAST,3696,632,9821.17,1332,142,2120.71
2026-08-30,TACO,MIDWEST,3125,597,9471.85,1375,160,2348.76
2026-08-30,TACO,WEST,4191,661,9565.82,1848,175,2393.1
2026-03-02,WOKS,NORTHEAST,1977,180,2906.98,234,25,373.23
2026-03-02,WOKS,SOUTHEAST,1612,144,2393.49,200,19,277.15
2026-03-02,WOKS,MIDWEST,1518,110,1778.17,165,20,309.91
2026-03-02,WOKS,WEST,2024,166,2795.8,212,24,367.91
2026-03-03,WOKS,NORTHEAST,1734,131,2063.57,206,23,338.37
2026-03-03,WOKS,SOUTHEAST,1576,130,2111.38,180,22,327.86
2026-03-03,WOKS,MIDWEST,1371,117,1821.79,171,18,281.68
2026-03-03,WOKS,WEST,2174,193,2946.18,249,30,453.96
2026-03-04,WOKS,NORTHEAST,1887,155,2528.91,215,23,360.88
2026-03-04,WOKS,SOUTHEAST,1635,145,2267.3,184,20,335.46
2026-03-04,WOKS,MIDWEST,1348,118,1833.94,166,19,287.13
2026-03-04,WOKS,WEST,2085,188,2817.53,238,23,340.45
2026-03-05,WOKS,NORTHEAST,1833,167,2626.78,217,26,383.7
2026-03-05,WOKS,SOUTHEAST,1521,140,2319.73,189,22,333.17
2026-03-05,WOKS,MIDWEST,1491,122,2067.72,157,18,282.91
2026-03-05,WOKS,WEST,1876,171,2663.88,254,29,426.28
2026-03-06,WOKS,NORTHEAST,1741,148,2374.33,226,26,431.35
2026-03-06,WOKS,SOUTHEAST,1632,118,1846.05,180,20,291.32
2026-03-06,WOKS,MIDWEST,1438,118,1838.5,185,21,331.43
2026-03-06,WOKS,WEST,2029,151,2418.78,263,32,471.28
2026-03-07,WOKS,NORTHEAST,1705,154,2430.46,232,26,416.96
2026-03-07,WOKS,SOUTHEAST,1594,127,2062.9,212,23,364.2
2026-03-07,WOKS,MIDWEST,1456,134,2122.47,179,18,288.83
2026-03-07,WOKS,WEST,1938,180,2922.89,234,29,449.36
2026-03-08,WOKS,NORTHEAST,1679,143,2225.01,236,29,465.17
2026-03-08,WOKS,SOUTHEAST,1627,120,1995.73,196,24,357.68
2026-03-08,WOKS,MIDWEST,1448,123,1990.33,191,19,299.8
2026-03-08,WOKS,WEST,2190,208,3268.25,239,27,449.08
2026-03-09,WOKS,NORTHEAST,1810,163,2547.1,239,25,393.74
2026-03-09,WOKS,SOUTHEAST,1805,163,2610.78,227,26,382.52
2026-03-09,WOKS,MIDWEST,1623,140,2327.08,169,20,311.69
2026-03-09,WOKS,WEST,2031,171,2711.51,291,32,494.13
2026-03-10,WOKS,NORTHEAST,1821,157,2418.68,217,24,385.18
2026-03-10,WOKS,SOUTHEAST,1631,139,2244.61,210,25,392.58
2026-03-10,WOKS,MIDWEST,1469,128,2018.34,207,19,277.8
2026-03-10,WOKS,WEST,2062,158,2523.31,270,26,385.88
2026-03-11,WOKS,NORTHEAST,1968,178,2888.76,242,28,429.37
2026-03-11,WOKS,SOUTHEAST,1627,154,2568.43,238,26,382.42
2026-03-11,WOKS,MIDWEST,1426,123,2014.16,217,26,402.45
2026-03-11,WOKS,WEST,2135,210,3176.53,296,34,532.74
2026-03-12,WOKS,NORTHEAST,1836,163,2554.79,250,28,460.78
2026-03-12,WOKS,SOUTHEAST,1632,144,2274.13,211,24,372.41
2026-03-12,WOKS,MIDWEST,1305,112,1774.8,194,21,323.17
2026-03-12,WOKS,WEST,2145,187,2939.87,273,32,431.33
2026-03-13,WOKS,NORTHEAST,2065,196,3104.19,262,29,449.79
2026-03-13,WOKS,SOUTHEAST,1596,153,2424.18,255,31,470.75
2026-03-13,WOKS,MIDWEST,1447,120,1915.33,201,22,347.5
2026-03-13,WOKS,WEST,2133,184,2966.66,250,30,484.63
2026-03-14,WOKS,NORTHEAST,1638,143,2274.61,213,29,435.8
2026-03-14,WOKS,SOUTHEAST,1840,160,2654.92,234,28,431.82
2026-03-14,WOKS,MIDWEST,1392,114,1716.4,185,21,312.11
2026-03-14,WOKS,WEST,2124,169,2728.56,250,27,412.65
2026-03-15,WOKS,NORTHEAST,1769,147,2423.46,264,34,491.25
2026-03-15,WOKS,SOUTHEAST,1743,155,2545.05,213,22,351.55
2026-03-15,WOKS,MIDWEST,1459,118,1889.66,236,28,429.2
2026-03-15,WOKS,WEST,1988,186,2832.22,303,35,573.04
2026-03-16,WOKS,NORTHEAST,1850,165,2724.95,282,35,558.77
2026-03-16,WOKS,SOUTHEAST,1637,134,2152.75,222,22,357.08
2026-03-16,WOKS,MIDWEST,1337,114,1895.16,208,22,346.27
2026-03-16,WOKS,WEST,1949,170,2666.99,265,34,508.04
2026-03-17,WOKS,NORTHEAST,1886,161,2623.43,283,31,475.51
2026-03-17,WOKS,SOUTHEAST,1609,117,1924.82,270,28,438.07
2026-03-17,WOKS,MIDWEST,1456,131,2053.71,226,22,335.18
2026-03-17,WOKS,WEST,2061,183,2985.91,322,40,643.76
2026-03-18,WOKS,NORTHEAST,1934,178,2850.82,301,34,511.59
2026-03-18,WOKS,SOUTHEAST,1539,153,2396.37,242,27,408.92
2026-03-18,WOKS,MIDWEST,1470,125,1924.06,238,32,471.84
2026-03-18,WOKS,WEST,2001,179,2592.9,292,32,496.29
2026-03-19,WOKS,NORTHEAST,1693,139,2139.39,278,28,447.48
2026-03-19,WOKS,SOUTHEAST,1486,121,1864.53,281,33,487.76
2026-03-19,WOKS,MIDWEST,1423,120,1917.52,221,29,477.77
2026-03-19,WOKS,WEST,2055,194,2960.43,329,35,585.89
2026-03-20,WOKS,NORTHEAST,1833,168,2797.67,263,32,500.24
2026-03-20,WOKS,SOUTHEAST,1699,158,2543.68,249,27,391.39
2026-03-20,WOKS,MIDWEST,1359,96,1508.6,217,19,277.58
2026-03-20,WOKS,WEST,1970,178,2896.48,324,35,567.9
2026-03-21,WOKS,NORTHEAST,1854,165,2635.35,300,31,489.09
2026-03-21,WOKS,SOUTHEAST,1512,141,2355.91,286,36,529.15
2026-03-21,WOKS,MIDWEST,1401,126,2006.3,263,26,417.15
2026-03-21,WOKS,WEST,1961,169,2641.04,324,38,602.66
2026-03-22,WOKS,NORTHEAST,1760,155,2405.73,310,33,538.36
2026-03-22,WOKS,SOUTHEAST,1570,131,2156.08,284,31,454.51
2026-03-22,WOKS,MIDWEST,1551,126,2078.29,286,35,526.33
2026-03-22,WOKS,WEST,2024,162,2533.17,324,35,543.62
2026-03-23,WOKS,NORTHEAST,1897,173,2628.02,387,42,652.51
2026-03-23,WOKS,SOUTHEAST,1665,150,2441.76,246,26,409.0
2026-03-23,WOKS,MIDWEST,1391,119,1866.27,233,27,399.73
2026-03-23,WOKS,WEST,1977,186,2941.37,401,40,643.55
2026-03-24,WOKS,NORTHEAST,1765,151,2418.47,294,35,518.84
2026-03-24,WOKS,SOUTHEAST,1697,146,2133.54,283,31,484.2
2026-03-24,WOKS,MIDWEST,1431,128,1929.93,260,29,457.25
2026-03-24,WOKS,WEST,1996,153,2568.62,376,40,617.69
2026-03-25,WOKS,NORTHEAST,1694,141,2220.85,325,29,434.6
2026-03-25,WOKS,SOUTHEAST,1675,152,2410.78,283,31,470.93
2026-03-25,WOKS,MIDWEST,1382,120,1964.19,241,30,481.77
2026-03-25,WOKS,WEST,1934,160,2588.82,369,46,689.45
2026-03-26,WOKS,NORTHEAST,1954,163,2621.92,337,38,540.51
2026-03-26,WOKS,SOUTHEAST,1653,150,2406.36,304,39,595.62
2026-03-26,WOKS,MIDWEST,1525,126,1982.84,232,29,431.99
2026-03-26,WOKS,WEST,1903,172,2635.96,338,38,576.85
2026-03-27,WOKS,NORTHEAST,1904,159,2503.95,339,36,545.03
2026-03-27,WOKS,SOUTHEAST,1787,160,2570.03,341,40,640.79
2026-03-27,WOKS,MIDWEST,1433,133,2167.48,238,29,470.87
2026-03-27,WOKS,WEST,1961,171,2827.81,322,37,537.48
2026-03-28,WOKS,NORTHEAST,1790,159,2604.01,312,35,504.12
2026-03-28,WOKS,SOUTHEAST,1648,155,2434.56,303,36,584.77
2026-03-28,WOKS,MIDWEST,1547,139,2031.87,260,31,466.19
2026-03-28,WOKS,WEST,1965,174,2898.57,409,47,677.66
2026-03-29,WOKS,NORTHEAST,1721,159,2614.52,324,36,503.77
2026-03-29,WOKS,SOUTHEAST,1541,136,2162.84,344,38,551.36
2026-03-29,WOKS,MIDWEST,1429,118,1859.29,286,31,479.26
2026-03-29,WOKS,WEST,1865,172,2653.03,402,47,670.0
2026-03-30,WOKS,NORTHEAST,1709,145,2260.02,322,34,497.35
2026-03-30,WOKS,SOUTHEAST,1535,130,2104.87,305,38,577.59
2026-03-30,WOKS,MIDWEST,1394,124,1877.44,250,24,388.57
2026-03-30,WOKS,WEST,2100,181,2942.66,353,40,630.08
2026-03-31,WOKS,NORTHEAST,1962,182,2844.96,320,32,457.09
2026-03-31,WOKS,SOUTHEAST,1695,153,2501.96,312,41,658.43
2026-03-31,WOKS,MIDWEST,1370,123,2001.88,272,29,419.62
2026-03-31,WOKS,WEST,1984,171,2653.56,395,39,638.54
2026-04-01,WOKS,NORTHEAST,1705,149,2342.97,418,51,810.98
2026-04-01,WOKS,SOUTHEAST,1584,151,2299.06,279,33,520.64
2026-04-01,WOKS,MIDWEST,1392,130,2169.49,275,29,456.12
2026-04-01,WOKS,WEST,1989,169,2825.24,380,44,673.61
2026-04-02,WOKS,NORTHEAST,1857,161,2476.38,360,39,587.3
2026-04-02,WOKS,SOUTHEAST,1692,152,2544.7,345,43,673.54
2026-04-02,WOKS,MIDWEST,1402,122,1910.07,314,32,492.2
2026-04-02,WOKS,WEST,2058,192,3015.18,438,55,803.09
2026-04-03,WOKS,NORTHEAST,1966,180,2856.68,371,46,727.17
2026-04-03,WOKS,SOUTHEAST,1651,158,2420.89,333,38,587.28
2026-04-03,WOKS,MIDWEST,1424,133,2082.62,317,38,551.1
2026-04-03,WOKS,WEST,2004,161,2717.17,342,40,573.81
2026-04-04,WOKS,NORTHEAST,1592,135,2301.96,385,47,698.27
2026-04-04,WOKS,SOUTHEAST,1751,149,2434.27,326,34,517.36
2026-04-04,WOKS,MIDWEST,1601,140,2215.58,328,38,533.33
2026-04-04,WOKS,WEST,2159,212,3385.86,440,45,685.67
2026-04-05,WOKS,NORTHEAST,1632,153,2388.14,391,43,619.15
2026-04-05,WOKS,SOUTHEAST,1780,164,2634.69,350,38,553.76
2026-04-05,WOKS,MIDWEST,1492,125,2057.51,285,30,434.64
2026-04-05,WOKS,WEST,2091,196,3162.83,449,52,762.56
2026-04-06,WOKS,NORTHEAST,1738,150,2330.84,430,46,712.29
2026-04-06,WOKS,SOUTHEAST,1627,135,2176.04,327,40,593.58
2026-04-06,WOKS,MIDWEST,1408,136,2184.78,333,38,577.14
2026-04-06,WOKS,WEST,1962,164,2735.18,394,42,664.76
2026-04-07,WOKS,NORTHEAST,1889,154,2343.28,369,41,644.65
2026-04-07,WOKS,SOUTHEAST,1666,130,2104.97,339,39,581.27
2026-04-07,WOKS,MIDWEST,1509,130,2104.18,296,36,507.71
2026-04-07,WOKS,WEST,2057,168,2805.62,365,40,625.63
2026-04-08,WOKS,NORTHEAST,1730,153,2535.32,407,45,688.69
2026-04-08,WOKS,SOUTHEAST,1784,149,2542.74,342,38,589.19
2026-04-08,WOKS,MIDWEST,1456,122,2031.06,289,32,487.06
2026-04-08,WOKS,WEST,1990,173,2863.66,418,46,700.38
2026-04-09,WOKS,NORTHEAST,1815,149,2322.06,399,47,781.67
2026-04-09,WOKS,SOUTHEAST,1568,142,2293.67,395,47,724.43
2026-04-09,WOKS,MIDWEST,1444,136,2097.33,306,30,439.12
2026-04-09,WOKS,WEST,2054,175,2760.46,423,48,733.99
2026-04-10,WOKS,NORTHEAST,1762,138,2213.61,427,48,672.64
2026-04-10,WOKS,SOUTHEAST,1800,172,2732.49,372,42,634.49
2026-04-10,WOKS,MIDWEST,1449,135,2127.7,339,34,527.52
2026-04-10,WOKS,WEST,2039,170,2716.96,429,49,756.01
2026-04-11,WOKS,NORTHEAST,1793,162,2434.65,404,43,599.45
2026-04-11,WOKS,SOUTHEAST,1602,139,2218.73,417,46,675.12
2026-04-11,WOKS,MIDWEST,1359,119,1854.7,334,40,592.62
2026-04-11,WOKS,WEST,2143,184,2953.23,472,57,927.53
2026-04-12,WOKS,NORTHEAST,1799,171,2663.74,450,56,863.76
2026-04-12,WOKS,SOUTHEAST,1597,135,2266.56,400,43,661.92
2026-04-12,WOKS,MIDWEST,1466,131,2112.45,317,40,613.41
2026-04-12,WOKS,WEST,2015,167,2633.54,443,50,749.82
2026-04-13,WOKS,NORTHEAST,1858,165,2595.35,445,53,893.27
2026-04-13,WOKS,SOUTHEAST,1583,148,2372.0,399,38,530.21
2026-04-13,WOKS,MIDWEST,1447,142,2306.7,331,38,584.94
2026-04-13,WOKS,WEST,1880,175,2695.29,449,51,765.39
2026-04-14,WOKS,NORTHEAST,2015,182,2845.48,449,54,794.55
2026-04-14,WOKS,SOUTHEAST,1707,153,2331.83,371,44,642.82
2026-04-14,WOKS,MIDWEST,1465,135,2171.41,278,34,518.06
2026-04-14,WOKS,WEST,2085,185,2837.74,462,45,673.85
2026-04-15,WOKS,NORTHEAST,1957,168,2762.18,404,45,707.0
2026-04-15,WOKS,SOUTHEAST,1663,160,2483.62,451,46,693.1
2026-04-15,WOKS,MIDWEST,1432,123,1910.92,344,40,570.9
2026-04-15,WOKS,WEST,1823,171,2726.73,457,57,911.41
2026-04-16,WOKS,NORTHEAST,1959,163,2577.32,526,62,958.83
2026-04-16,WOKS,SOUTHEAST,1696,145,2126.17,387,43,682.45
2026-04-16,WOKS,MIDWEST,1551,148,2293.77,278,32,502.24
2026-04-16,WOKS,WEST,1903,175,2807.15,462,52,799.57
2026-04-17,WOKS,NORTHEAST,1708,143,2174.72,427,51,771.32
2026-04-17,WOKS,SOUTHEAST,1521,135,2151.3,430,52,787.15
2026-04-17,WOKS,MIDWEST,1238,107,1789.98,316,36,533.61
2026-04-17,WOKS,WEST,1979,191,3038.88,521,62,916.77
2026-04-18,WOKS,NORTHEAST,1880,159,2567.63,472,54,804.47
2026-04-18,WOKS,SOUTHEAST,1560,143,2281.4,437,56,822.89
2026-04-18,WOKS,MIDWEST,1602,139,2288.15,361,43,639.14
2026-04-18,WOKS,WEST,2054,208,3177.11,503,56,843.44
2026-04-19,WOKS,NORTHEAST,1894,171,2772.44,443,50,839.04
2026-04-19,WOKS,SOUTHEAST,1521,125,2013.57,412,42,636.99
2026-04-19,WOKS,MIDWEST,1439,134,2154.89,395,44,651.45
2026-04-19,WOKS,WEST,1975,187,2979.17,464,53,800.19
2026-04-20,WOKS,NORTHEAST,1828,169,2632.14,443,50,757.48
2026-04-20,WOKS,SOUTHEAST,1672,144,2280.09,372,44,653.66
2026-04-20,WOKS,MIDWEST,1486,134,2013.69,400,44,673.41
2026-04-20,WOKS,WEST,1892,176,2783.42,524,62,931.27
2026-04-21,WOKS,NORTHEAST,1723,147,2382.78,457,48,735.2
2026-04-21,WOKS,SOUTHEAST,1618,146,2452.64,409,53,832.59
2026-04-21,WOKS,MIDWEST,1430,141,2262.81,387,41,646.5
2026-04-21,WOKS,WEST,1996,174,2675.5,509,61,972.01
2026-04-22,WOKS,NORTHEAST,2097,189,2883.76,429,53,825.25
2026-04-22,WOKS,SOUTHEAST,1653,145,2220.32,342,37,545.58
2026-04-22,WOKS,MIDWEST,1496,122,1966.87,345,34,494.7
2026-04-22,WOKS,WEST,1885,168,2746.02,533,62,966.83
2026-04-23,WOKS,NORTHEAST,1806,168,2669.88,407,45,661.66
2026-04-23,WOKS,SOUTHEAST,1535,134,2027.11,431,48,667.85
2026-04-23,WOKS,MIDWEST,1480,130,2055.96,328,35,527.84
2026-04-23,WOKS,WEST,2034,182,2913.74,476,61,972.18
2026-04-24,WOKS,NORTHEAST,1796,164,2323.51,420,48,681.96
2026-04-24,WOKS,SOUTHEAST,1610,153,2358.56,442,49,725.0
2026-04-24,WOKS,MIDWEST,1474,126,1967.32,438,48,766.64
2026-04-24,WOKS,WEST,1847,176,2774.14,516,57,868.25
2026-04-25,WOKS,NORTHEAST,1790,156,2576.51,495,45,670.55
2026-04-25,WOKS,SOUTHEAST,1634,155,2543.06,450,49,785.39
2026-04-25,WOKS,MIDWEST,1543,155,2512.31,400,40,625.2
2026-04-25,WOKS,WEST,1992,183,2906.32,496,54,782.94
2026-04-26,WOKS,NORTHEAST,1702,153,2398.04,486,59,913.48
2026-04-26,WOKS,SOUTHEAST,1625,152,2446.05,443,50,768.56
2026-04-26,WOKS,MIDWEST,1286,113,1893.34,402,50,766.04
2026-04-26,WOKS,WEST,1883,177,2845.9,474,52,773.64
2026-04-27,WOKS,NORTHEAST,1822,174,2605.69,566,67,1012.26
2026-04-27,WOKS,SOUTHEAST,1747,142,2210.6,447,49,733.68
2026-04-27,WOKS,MIDWEST,1650,152,2415.13,406,45,693.55
2026-04-27,WOKS,WEST,1945,168,2721.13,590,61,930.22
2026-04-28,WOKS,NORTHEAST,1756,153,2255.51,513,61,955.73
2026-04-28,WOKS,SOUTHEAST,1810,177,2973.53,529,59,932.38
2026-04-28,WOKS,MIDWEST,1399,134,2069.57,324,40,599.37
2026-04-28,WOKS,WEST,2030,190,3089.65,557,71,1018.22
2026-04-29,WOKS,NORTHEAST,1654,158,2461.85,520,62,939.66
2026-04-29,WOKS,SOUTHEAST,1645,143,2282.35,438,46,734.23
2026-04-29,WOKS,MIDWEST,1594,155,2424.01,436,51,757.55
2026-04-29,WOKS,WEST,2008,177,2926.63,606,68,990.7
2026-04-30,WOKS,NORTHEAST,1931,179,2826.42,574,69,1055.21
2026-04-30,WOKS,SOUTHEAST,1632,163,2516.4,420,46,717.46
2026-04-30,WOKS,MIDWEST,1409,126,1988.33,380,45,653.02
2026-04-30,WOKS,WEST,1959,178,2686.42,580,69,1045.95
2026-05-01,WOKS,NORTHEAST,1668,158,2443.35,562,62,940.31
2026-05-01,WOKS,SOUTHEAST,1761,153,2515.74,494,57,894.0
2026-05-01,WOKS,MIDWEST,1479,129,1987.42,433,46,714.18
2026-05-01,WOKS,WEST,1935,188,3073.83,620,66,989.22
2026-05-02,WOKS,NORTHEAST,1775,150,2416.52,536,51,832.81
2026-05-02,WOKS,SOUTHEAST,1597,148,2343.76,502,55,826.7
2026-05-02,WOKS,MIDWEST,1339,129,2019.75,453,49,734.04
2026-05-02,WOKS,WEST,1916,175,2883.22,639,74,1099.97
2026-05-03,WOKS,NORTHEAST,2062,206,3295.45,546,54,818.12
2026-05-03,WOKS,SOUTHEAST,1703,166,2554.27,418,47,700.19
2026-05-03,WOKS,MIDWEST,1397,125,1992.05,392,49,736.52
2026-05-03,WOKS,WEST,1869,162,2451.42,614,71,1050.65
2026-05-04,WOKS,NORTHEAST,1888,164,2582.77,573,61,866.4
2026-05-04,WOKS,SOUTHEAST,1744,145,2266.88,534,68,1015.42
2026-05-04,WOKS,MIDWEST,1446,136,2258.46,405,52,823.07
2026-05-04,WOKS,WEST,2155,208,3501.39,667,75,1210.79
2026-05-05,WOKS,NORTHEAST,1844,142,2284.55,533,62,950.75
2026-05-05,WOKS,SOUTHEAST,1573,140,2170.45,508,56,871.91
2026-05-05,WOKS,MIDWEST,1457,127,2071.9,472,54,842.1
2026-05-05,WOKS,WEST,2347,218,3547.58,588,75,1176.87
2026-05-06,WOKS,NORTHEAST,1929,171,2798.29,537,61,932.36
2026-05-06,WOKS,SOUTHEAST,1653,156,2389.4,521,62,911.31
2026-05-06,WOKS,MIDWEST,1553,136,2157.0,441,48,755.86
2026-05-06,WOKS,WEST,1961,171,2850.48,635,73,1125.09
2026-05-07,WOKS,NORTHEAST,1773,160,2496.22,560,58,866.13
2026-05-07,WOKS,SOUTHEAST,1728,144,2196.36,488,55,824.6
2026-05-07,WOKS,MIDWEST,1545,142,2256.11,356,44,661.23
2026-05-07,WOKS,WEST,2102,200,3302.1,624,70,1067.21
2026-05-08,WOKS,NORTHEAST,1963,176,2709.48,592,62,904.13
2026-05-08,WOKS,SOUTHEAST,1593,147,2318.25,471,62,957.42
2026-05-08,WOKS,MIDWEST,1398,118,1869.06,434,45,664.36
2026-05-08,WOKS,WEST,1991,197,3145.18,678,86,1345.29
2026-05-09,WOKS,NORTHEAST,1914,185,3025.51,565,52,738.8
2026-05-09,WOKS,SOUTHEAST,1732,134,2168.17,464,48,742.94
2026-05-09,WOKS,MIDWEST,1556,147,2360.08,405,45,709.48
2026-05-09,WOKS,WEST,1952,184,2820.87,593,74,1117.54
2026-05-10,WOKS,NORTHEAST,1649,142,2130.35,598,64,902.26
2026-05-10,WOKS,SOUTHEAST,1728,152,2270.69,486,60,971.15
2026-05-10,WOKS,MIDWEST,1302,117,1933.4,487,55,830.5
2026-05-10,WOKS,WEST,2090,206,3171.4,639,73,1107.62
2026-05-11,WOKS,NORTHEAST,1859,182,2862.93,576,66,1053.96
2026-05-11,WOKS,SOUTHEAST,1600,126,2029.77,564,60,937.52
2026-05-11,WOKS,MIDWEST,1552,156,2337.5,431,52,780.66
2026-05-11,WOKS,WEST,2121,186,2902.76,655,74,1068.16
2026-05-12,WOKS,NORTHEAST,1886,189,2864.97,528,54,814.56
2026-05-12,WOKS,SOUTHEAST,1663,154,2420.87,504,53,848.37
2026-05-12,WOKS,MIDWEST,1301,119,1886.41,470,52,793.19
2026-05-12,WOKS,WEST,2037,187,3019.7,653,76,1204.04
2026-05-13,WOKS,NORTHEAST,1860,159,2441.07,630,65,953.54
2026-05-13,WOKS,SOUTHEAST,1793,162,2657.35,524,64,972.08
2026-05-13,WOKS,MIDWEST,1401,125,1972.17,439,40,611.84
2026-05-13,WOKS,WEST,2095,206,3212.02,658,73,1140.47
2026-05-14,WOKS,NORTHEAST,1807,161,2356.61,579,64,970.12
2026-05-14,WOKS,SOUTHEAST,1690,155,2329.9,612,74,1110.68
2026-05-14,WOKS,MIDWEST,1618,150,2336.84,483,52,735.81
2026-05-14,WOKS,WEST,2067,190,3038.27,625,75,1107.51
2026-05-15,WOKS,NORTHEAST,1849,166,2513.74,562,56,860.48
2026-05-15,WOKS,SOUTHEAST,1713,160,2594.99,551,50,743.04
2026-05-15,WOKS,MIDWEST,1403,108,1688.5,472,51,763.14
2026-05-15,WOKS,WEST,1954,202,3152.94,647,75,1125.64
2026-05-16,WOKS,NORTHEAST,1921,185,2847.31,643,79,1236.57
2026-05-16,WOKS,SOUTHEAST,1546,144,2351.09,535,56,877.44
2026-05-16,WOKS,MIDWEST,1329,113,1791.59,457,56,880.92
2026-05-16,WOKS,WEST,2010,195,2991.65,701,76,1185.84
2026-05-17,WOKS,NORTHEAST,1773,163,2648.16,568,67,1070.66
2026-05-17,WOKS,SOUTHEAST,1583,145,2420.79,555,59,928.11
2026-05-17,WOKS,MIDWEST,1494,139,2220.72,495,50,753.19
2026-05-17,WOKS,WEST,2047,188,2949.07,702,82,1232.0
2026-05-18,WOKS,NORTHEAST,1968,184,2883.02,653,80,1257.38
2026-05-18,WOKS,SOUTHEAST,1648,128,2081.69,568,67,997.36
2026-05-18,WOKS,MIDWEST,1398,134,2153.08,562,58,886.11
2026-05-18,WOKS,WEST,2023,175,2868.34,691,79,1236.57
2026-05-19,WOKS,NORTHEAST,1896,165,2596.66,695,84,1209.05
2026-05-19,WOKS,SOUTHEAST,1376,136,2286.99,542,62,873.58
2026-05-19,WOKS,MIDWEST,1524,121,1869.41,495,53,811.32
2026-05-19,WOKS,WEST,2253,204,3250.32,712,80,1129.83
2026-05-20,WOKS,NORTHEAST,1843,172,2628.77,568,65,984.47
2026-05-20,WOKS,SOUTHEAST,1705,172,2797.98,490,62,938.63
2026-05-20,WOKS,MIDWEST,1476,152,2332.95,523,64,925.79
2026-05-20,WOKS,WEST,1950,174,2739.39,679,88,1309.06
2026-05-21,WOKS,NORTHEAST,1745,160,2602.86,579,67,1021.18
2026-05-21,WOKS,SOUTHEAST,1807,167,2710.74,622,63,910.56
2026-05-21,WOKS,MIDWEST,1395,134,2134.6,544,63,956.57
2026-05-21,WOKS,WEST,2117,207,3249.73,687,79,1230.75
2026-05-22,WOKS,NORTHEAST,1722,158,2524.47,566,64,970.01
2026-05-22,WOKS,SOUTHEAST,1843,165,2677.79,579,68,1060.58
2026-05-22,WOKS,MIDWEST,1369,122,1908.57,560,56,865.28
2026-05-22,WOKS,WEST,1978,181,2902.89,719,73,1148.41
2026-05-23,WOKS,NORTHEAST,1822,165,2518.26,616,76,1162.02
2026-05-23,WOKS,SOUTHEAST,1637,146,2325.68,528,61,967.55
2026-05-23,WOKS,MIDWEST,1359,136,2195.64,511,51,762.55
2026-05-23,WOKS,WEST,2014,185,2778.22,800,102,1598.91
2026-05-24,WOKS,NORTHEAST,1904,181,2942.6,610,74,1050.82
2026-05-24,WOKS,SOUTHEAST,1709,165,2532.12,639,77,1042.15
2026-05-24,WOKS,MIDWEST,1445,122,1853.57,452,48,709.91
2026-05-24,WOKS,WEST,2113,186,2852.38,604,62,958.87
2026-05-25,WOKS,NORTHEAST,1855,178,2951.71,641,70,1052.39
2026-05-25,WOKS,SOUTHEAST,1655,146,2270.99,597,71,1085.76
2026-05-25,WOKS,MIDWEST,1486,136,2181.04,484,46,729.87
2026-05-25,WOKS,WEST,2007,195,3282.92,721,84,1198.01
2026-05-26,WOKS,NORTHEAST,1784,167,2513.72,563,70,1047.52
2026-05-26,WOKS,SOUTHEAST,1661,134,2111.75,613,66,997.05
2026-05-26,WOKS,MIDWEST,1388,126,2076.27,430,40,611.38
2026-05-26,WOKS,WEST,2172,206,3280.48,637,71,1042.93
2026-05-27,WOKS,NORTHEAST,1646,143,2191.11,586,64,954.57
2026-05-27,WOKS,SOUTHEAST,1611,151,2452.84,661,79,1139.16
2026-05-27,WOKS,MIDWEST,1560,145,2313.11,557,60,922.76
2026-05-27,WOKS,WEST,1891,178,2955.25,717,75,1174.23
2026-05-28,WOKS,NORTHEAST,1896,173,2710.17,685,81,1210.19
2026-05-28,WOKS,SOUTHEAST,1751,168,2747.53,553,57,876.11
2026-05-28,WOKS,MIDWEST,1437,138,2125.62,530,59,866.54
2026-05-28,WOKS,WEST,2123,187,2950.28,714,79,1199.87
2026-05-29,WOKS,NORTHEAST,1866,151,2447.54,683,69,1061.01
2026-05-29,WOKS,SOUTHEAST,1510,146,2325.9,609,66,1033.76
2026-05-29,WOKS,MIDWEST,1464,141,2166.23,495,58,835.99
2026-05-29,WOKS,WEST,1850,176,2744.8,749,78,1126.28
2026-05-30,WOKS,NORTHEAST,1770,172,2825.78,628,64,1002.22
2026-05-30,WOKS,SOUTHEAST,1613,142,2171.53,587,74,1155.25
2026-05-30,WOKS,MIDWEST,1420,122,1938.13,559,62,987.07
2026-05-30,WOKS,WEST,2139,190,3003.81,739,74,1095.64
2026-05-31,WOKS,NORTHEAST,1708,150,2283.46,609,74,1160.58
2026-05-31,WOKS,SOUTHEAST,1725,167,2665.01,710,77,1148.34
2026-05-31,WOKS,MIDWEST,1473,137,2177.08,552,68,1002.53
2026-05-31,WOKS,WEST,1940,185,2943.25,689,83,1271.47
2026-06-01,WOKS,NORTHEAST,1790,168,2690.48,629,71,989.0
2026-06-01,WOKS,SOUTHEAST,1537,156,2361.2,596,76,1257.63
2026-06-01,WOKS,MIDWEST,1473,132,2080.62,582,61,868.18
2026-06-01,WOKS,WEST,1755,158,2397.2,846,92,1448.25
2026-06-02,WOKS,NORTHEAST,1810,164,2614.98,632,58,892.91
2026-06-02,WOKS,SOUTHEAST,1674,166,2646.17,581,77,1103.67
2026-06-02,WOKS,MIDWEST,1392,137,2113.79,469,49,734.54
2026-06-02,WOKS,WEST,1845,173,2834.7,822,91,1488.07
2026-06-03,WOKS,NORTHEAST,1834,164,2544.9,671,74,1061.87
2026-06-03,WOKS,SOUTHEAST,1534,143,2312.29,651,74,1109.76
2026-06-03,WOKS,MIDWEST,1543,152,2419.55,557,65,1077.16
2026-06-03,WOKS,WEST,1949,184,2894.94,719,82,1221.59
2026-06-04,WOKS,NORTHEAST,1854,163,2612.55,698,87,1318.63
2026-06-04,WOKS,SOUTHEAST,1594,142,2229.8,613,65,1017.11
2026-06-04,WOKS,MIDWEST,1398,133,2109.46,601,69,1055.93
2026-06-04,WOKS,WEST,1903,182,2759.26,792,86,1360.34
2026-06-05,WOKS,NORTHEAST,1722,166,2768.88,865,103,1615.33
2026-06-05,WOKS,SOUTHEAST,1716,150,2409.15,650,74,1106.88
2026-06-05,WOKS,MIDWEST,1401,129,2045.31,629,67,1049.2
2026-06-05,WOKS,WEST,2022,201,3122.15,781,99,1503.55
2026-06-06,WOKS,NORTHEAST,1955,188,3092.55,761,95,1618.1
2026-06-06,WOKS,SOUTHEAST,1507,122,1939.16,683,81,1207.14
2026-06-06,WOKS,MIDWEST,1463,134,2233.52,598,81,1285.99
2026-06-06,WOKS,WEST,2045,194,3125.76,778,87,1290.29
2026-06-07,WOKS,NORTHEAST,1911,162,2586.34,737,86,1256.47
2026-06-07,WOKS,SOUTHEAST,1566,158,2618.1,685,69,947.26
2026-06-07,WOKS,MIDWEST,1424,147,2366.79,617,73,1008.99
2026-06-07,WOKS,WEST,1769,173,2940.24,749,77,1163.03
2026-06-08,WOKS,NORTHEAST,1634,141,2360.43,776,90,1287.58
2026-06-08,WOKS,SOUTHEAST,1702,151,2349.87,701,91,1298.02
2026-06-08,WOKS,MIDWEST,1535,154,2389.66,591,63,934.1
2026-06-08,WOKS,WEST,2029,174,2759.72,875,105,1634.45
2026-06-09,WOKS,NORTHEAST,1939,172,2735.03,869,104,1524.01
2026-06-09,WOKS,SOUTHEAST,1671,157,2557.05,583,58,894.55
2026-06-09,WOKS,MIDWEST,1513,141,2173.68,615,75,1161.31
2026-06-09,WOKS,WEST,1976,194,3083.06,791,94,1395.08
2026-06-10,WOKS,NORTHEAST,1885,163,2545.34,694,84,1180.61
2026-06-10,WOKS,SOUTHEAST,1583,146,2326.93,636,77,1206.84
2026-06-10,WOKS,MIDWEST,1548,144,2321.65,611,67,989.23
2026-06-10,WOKS,WEST,2061,171,2664.41,856,106,1686.62
2026-06-11,WOKS,NORTHEAST,1812,164,2707.02,717,83,1309.03
2026-06-11,WOKS,SOUTHEAST,1704,155,2467.69,720,93,1424.13
2026-06-11,WOKS,MIDWEST,1441,130,2015.37,561,56,834.89
2026-06-11,WOKS,WEST,2025,205,3163.28,889,102,1548.83
2026-06-12,WOKS,NORTHEAST,1828,178,2891.73,745,88,1280.06
2026-06-12,WOKS,SOUTHEAST,1566,144,2311.15,736,70,1003.13
2026-06-12,WOKS,MIDWEST,1533,151,2523.27,618,74,1224.2
2026-06-12,WOKS,WEST,2198,211,3193.76,807,94,1560.01
2026-06-13,WOKS,NORTHEAST,1769,160,2485.4,721,85,1314.26
2026-06-13,WOKS,SOUTHEAST,1694,164,2584.61,623,63,840.69
2026-06-13,WOKS,MIDWEST,1423,119,1773.83,627,66,944.04
2026-06-13,WOKS,WEST,2018,200,3296.2,853,100,1454.83
2026-06-14,WOKS,NORTHEAST,1863,180,2931.66,832,91,1365.1
2026-06-14,WOKS,SOUTHEAST,1583,147,2463.31,586,61,971.79
2026-06-14,WOKS,MIDWEST,1468,142,2304.65,627,70,1076.29
2026-06-14,WOKS,WEST,1954,194,3117.35,666,65,997.41
2026-06-15,WOKS,NORTHEAST,1925,168,2756.25,704,79,1197.63
2026-06-15,WOKS,SOUTHEAST,1625,152,2477.88,630,75,1122.05
2026-06-15,WOKS,MIDWEST,1437,128,1984.29,594,69,1125.61
2026-06-15,WOKS,WEST,1862,173,2699.08,924,127,2036.83
2026-06-16,WOKS,NORTHEAST,1850,153,2462.64,789,89,1337.42
2026-06-16,WOKS,SOUTHEAST,1625,169,2529.86,675,77,1186.91
2026-06-16,WOKS,MIDWEST,1465,135,2218.99,669,68,1005.12
2026-06-16,WOKS,WEST,2020,215,3322.85,693,77,1217.74
2026-06-17,WOKS,NORTHEAST,1855,184,2993.53,848,85,1294.89
2026-06-17,WOKS,SOUTHEAST,1673,161,2566.53,710,86,1237.13
2026-06-17,WOKS,MIDWEST,1486,149,2351.74,648,76,1123.0
2026-06-17,WOKS,WEST,2086,190,2965.16,863,116,1784.65
2026-06-18,WOKS,NORTHEAST,1853,170,2684.78,736,82,1192.06
2026-06-18,WOKS,SOUTHEAST,1655,158,2536.03,742,82,1278.0
2026-06-18,WOKS,MIDWEST,1528,141,2307.17,622,87,1330.36
2026-06-18,WOKS,WEST,2055,200,3005.63,925,98,1456.73
2026-06-19,WOKS,NORTHEAST,1899,158,2492.65,760,82,1195.74
2026-06-19,WOKS,SOUTHEAST,1543,154,2447.87,672,80,1147.16
2026-06-19,WOKS,MIDWEST,1456,141,2284.95,620,78,1261.63
2026-06-19,WOKS,WEST,1972,173,2746.16,877,91,1301.57
2026-06-20,WOKS,NORTHEAST,1906,158,2521.46,832,98,1447.58
2026-06-20,WOKS,SOUTHEAST,1789,162,2532.66,738,79,1131.43
2026-06-20,WOKS,MIDWEST,1521,131,2093.31,742,67,1045.48
2026-06-20,WOKS,WEST,2103,185,2920.36,824,88,1356.75
2026-06-21,WOKS,NORTHEAST,1739,172,2698.29,870,95,1409.03
2026-06-21,WOKS,SOUTHEAST,1664,153,2486.46,697,77,1126.4
2026-06-21,WOKS,MIDWEST,1367,126,2055.76,675,76,1197.95
2026-06-21,WOKS,WEST,2046,203,3190.64,956,107,1560.27
2026-06-22,WOKS,NORTHEAST,1824,168,2592.62,734,81,1242.56
2026-06-22,WOKS,SOUTHEAST,1729,148,2316.31,683,79,1231.61
2026-06-22,WOKS,MIDWEST,1554,159,2567.68,644,72,1134.17
2026-06-22,WOKS,WEST,1996,179,2922.95,858,89,1414.71
2026-06-23,WOKS,NORTHEAST,1951,200,3223.26,776,84,1330.36
2026-06-23,WOKS,SOUTHEAST,1711,179,2810.72,775,84,1308.51
2026-06-23,WOKS,MIDWEST,1522,155,2588.26,665,65,1029.53
2026-06-23,WOKS,WEST,2056,193,3069.79,982,110,1572.6
2026-06-24,WOKS,NORTHEAST,1857,182,2779.78,819,100,1586.24
2026-06-24,WOKS,SOUTHEAST,1758,162,2637.05,742,101,1526.25
2026-06-24,WOKS,MIDWEST,1453,146,2386.97,607,64,934.63
2026-06-24,WOKS,WEST,2172,214,3406.16,877,87,1320.57
2026-06-25,WOKS,NORTHEAST,2046,182,2900.12,796,92,1292.5
2026-06-25,WOKS,SOUTHEAST,1655,155,2502.89,660,71,1085.08
2026-06-25,WOKS,MIDWEST,1478,144,2297.35,632,63,923.64
2026-06-25,WOKS,WEST,2006,203,3127.24,958,105,1505.14
2026-06-26,WOKS,NORTHEAST,1824,175,2894.81,781,83,1248.81
2026-06-26,WOKS,SOUTHEAST,1669,151,2466.05,790,86,1451.03
2026-06-26,WOKS,MIDWEST,1537,149,2453.66,621,69,1018.27
2026-06-26,WOKS,WEST,1994,173,2667.58,877,102,1540.31
2026-06-27,WOKS,NORTHEAST,1911,185,3041.76,806,96,1539.85
2026-06-27,WOKS,SOUTHEAST,1608,158,2576.31,807,91,1359.24
2026-06-27,WOKS,MIDWEST,1406,147,2413.58,678,76,1205.08
2026-06-27,WOKS,WEST,1993,168,2548.78,1061,123,1861.24
2026-06-28,WOKS,NORTHEAST,1919,169,2697.21,842,89,1345.13
2026-06-28,WOKS,SOUTHEAST,1572,150,2411.82,728,82,1161.8
2026-06-28,WOKS,MIDWEST,1463,150,2357.26,677,86,1292.53
2026-06-28,WOKS,WEST,1881,176,2945.35,958,101,1589.11
2026-06-29,WOKS,NORTHEAST,1817,175,2928.58,795,81,1255.9
2026-06-29,WOKS,SOUTHEAST,1771,166,2615.49,765,90,1419.17
2026-06-29,WOKS,MIDWEST,1476,148,2279.62,777,92,1540.21
2026-06-29,WOKS,WEST,2068,175,2881.05,934,101,1475.02
2026-06-30,WOKS,NORTHEAST,1796,171,2727.98,837,76,1217.37
2026-06-30,WOKS,SOUTHEAST,1685,156,2509.13,694,77,1205.31
2026-06-30,WOKS,MIDWEST,1468,143,2279.99,723,93,1284.23
2026-06-30,WOKS,WEST,1921,194,2941.74,979,113,1675.35
2026-07-01,WOKS,NORTHEAST,1822,173,2868.16,811,86,1274.14
2026-07-01,WOKS,SOUTHEAST,1667,156,2398.79,753,78,1185.35
2026-07-01,WOKS,MIDWEST,1415,127,2050.32,657,75,1043.29
2026-07-01,WOKS,WEST,1885,158,2499.82,965,117,1816.07
2026-07-02,WOKS,NORTHEAST,1900,179,2717.59,787,99,1575.39
2026-07-02,WOKS,SOUTHEAST,1589,156,2617.5,736,80,1195.68
2026-07-02,WOKS,MIDWEST,1457,142,2215.21,725,87,1418.97
2026-07-02,WOKS,WEST,1830,190,3060.12,947,105,1623.51
2026-07-03,WOKS,NORTHEAST,1738,154,2418.82,1013,132,2193.07
2026-07-03,WOKS,SOUTHEAST,1662,165,2541.25,696,81,1271.18
2026-07-03,WOKS,MIDWEST,1414,135,2059.12,602,60,972.25
2026-07-03,WOKS,WEST,1913,187,2892.07,908,100,1577.55
2026-07-04,WOKS,NORTHEAST,1890,178,2742.84,912,104,1649.06
2026-07-04,WOKS,SOUTHEAST,1696,142,2267.41,739,82,1233.97
2026-07-04,WOKS,MIDWEST,1403,145,2246.09,622,83,1234.64
2026-07-04,WOKS,WEST,1899,160,2579.46,891,109,1667.42
2026-07-05,WOKS,NORTHEAST,1746,173,2663.88,784,89,1332.87
2026-07-05,WOKS,SOUTHEAST,1738,175,2849.37,736,81,1327.65
2026-07-05,WOKS,MIDWEST,1443,126,1883.85,627,72,1110.89
2026-07-05,WOKS,WEST,2016,214,3480.43,888,77,1161.45
2026-07-06,WOKS,NORTHEAST,1810,172,2791.78,854,96,1540.16
2026-07-06,WOKS,SOUTHEAST,1605,152,2405.72,771,96,1582.31
2026-07-06,WOKS,MIDWEST,1508,128,2033.91,775,86,1344.14
2026-07-06,WOKS,WEST,1815,169,2556.28,993,109,1615.26
2026-07-07,WOKS,NORTHEAST,1591,159,2462.41,927,109,1483.16
2026-07-07,WOKS,SOUTHEAST,1604,163,2812.17,791,90,1355.24
2026-07-07,WOKS,MIDWEST,1622,149,2379.06,720,80,1261.57
2026-07-07,WOKS,WEST,1996,191,3187.75,1007,116,1707.45
2026-07-08,WOKS,NORTHEAST,1767,164,2619.69,858,99,1554.46
2026-07-08,WOKS,SOUTHEAST,1641,158,2468.57,772,84,1361.39
2026-07-08,WOKS,MIDWEST,1414,121,1871.28,750,86,1288.06
2026-07-08,WOKS,WEST,2049,178,2811.33,1106,141,2101.46
2026-07-09,WOKS,NORTHEAST,1896,181,2964.61,726,85,1281.42
2026-07-09,WOKS,SOUTHEAST,1642,140,2178.03,760,83,1297.44
2026-07-09,WOKS,MIDWEST,1399,136,2206.2,708,77,1188.04
2026-07-09,WOKS,WEST,1962,188,3052.74,931,128,1902.12
2026-07-10,WOKS,NORTHEAST,1740,150,2385.89,907,106,1594.1
2026-07-10,WOKS,SOUTHEAST,1715,171,2604.91,821,90,1419.96
2026-07-10,WOKS,MIDWEST,1381,146,2343.59,747,85,1288.85
2026-07-10,WOKS,WEST,2081,215,3319.28,973,123,1915.81
2026-07-11,WOKS,NORTHEAST,1816,160,2428.15,903,93,1474.34
2026-07-11,WOKS,SOUTHEAST,1656,151,2291.78,872,105,1640.0
2026-07-11,WOKS,MIDWEST,1353,132,2091.8,767,82,1232.05
2026-07-11,WOKS,WEST,1925,216,3452.62,1032,120,1680.5
2026-07-12,WOKS,NORTHEAST,2075,203,3324.23,993,118,1762.12
2026-07-12,WOKS,SOUTHEAST,1647,172,2774.88,883,105,1666.11
2026-07-12,WOKS,MIDWEST,1460,122,1966.14,690,90,1422.43
2026-07-12,WOKS,WEST,2032,214,3537.15,1005,110,1633.55
2026-07-13,WOKS,NORTHEAST,1874,186,2841.26,1006,113,1695.3
2026-07-13,WOKS,SOUTHEAST,1453,133,2049.58,917,109,1624.68
2026-07-13,WOKS,MIDWEST,1454,155,2488.09,783,89,1253.48
2026-07-13,WOKS,WEST,2037,208,3047.23,1117,127,1931.13
2026-07-14,WOKS,NORTHEAST,1851,170,2612.38,989,113,1767.98
2026-07-14,WOKS,SOUTHEAST,1609,151,2307.9,830,85,1308.63
2026-07-14,WOKS,MIDWEST,1506,145,2154.07,804,87,1364.5
2026-07-14,WOKS,WEST,2030,199,3194.63,1083,126,1880.5
2026-07-15,WOKS,NORTHEAST,1708,149,2323.86,983,107,1601.8
2026-07-15,WOKS,SOUTHEAST,1777,168,2516.81,782,106,1518.43
2026-07-15,WOKS,MIDWEST,1426,128,2044.63,755,90,1414.01
2026-07-15,WOKS,WEST,2087,221,3464.52,1020,129,1840.79
2026-07-16,WOKS,NORTHEAST,1747,156,2504.53,961,95,1450.47
2026-07-16,WOKS,SOUTHEAST,1711,178,2696.38,866,95,1424.05
2026-07-16,WOKS,MIDWEST,1562,141,2240.0,695,75,1195.01
2026-07-16,WOKS,WEST,2024,189,2976.98,1001,106,1562.78
2026-07-17,WOKS,NORTHEAST,1701,177,2885.27,961,99,1473.22
2026-07-17,WOKS,SOUTHEAST,1688,149,2324.45,847,105,1638.3
2026-07-17,WOKS,MIDWEST,1251,111,1759.17,752,90,1402.76
2026-07-17,WOKS,WEST,2116,209,3543.77,1128,140,2324.09
2026-07-18,WOKS,NORTHEAST,1905,191,3104.12,909,107,1616.65
2026-07-18,WOKS,SOUTHEAST,1744,175,2661.34,860,99,1536.62
2026-07-18,WOKS,MIDWEST,1446,144,2211.55,871,109,1622.5
2026-07-18,WOKS,WEST,2130,202,3336.12,919,107,1532.28
2026-07-19,WOKS,NORTHEAST,1900,189,3128.35,945,105,1474.92
2026-07-19,WOKS,SOUTHEAST,1609,154,2332.4,863,107,1639.11
2026-07-19,WOKS,MIDWEST,1492,139,2212.55,778,103,1654.52
2026-07-19,WOKS,WEST,1907,170,2705.54,959,105,1669.02
2026-07-20,WOKS,NORTHEAST,1815,188,2950.33,1063,130,1998.56
2026-07-20,WOKS,SOUTHEAST,1627,144,2301.06,929,106,1608.93
2026-07-20,WOKS,MIDWEST,1473,145,2322.93,751,85,1296.85
2026-07-20,WOKS,WEST,1992,174,2928.59,956,107,1676.14
2026-07-21,WOKS,NORTHEAST,1702,159,2562.18,983,109,1560.21
2026-07-21,WOKS,SOUTHEAST,1592,143,2287.44,950,124,1988.25
2026-07-21,WOKS,MIDWEST,1486,142,2298.61,778,97,1473.58
2026-07-21,WOKS,WEST,2080,194,3143.78,981,122,1972.77
2026-07-22,WOKS,NORTHEAST,1909,183,3042.69,921,117,1807.74
2026-07-22,WOKS,SOUTHEAST,1725,167,2571.69,911,98,1463.41
2026-07-22,WOKS,MIDWEST,1465,145,2242.8,696,76,1146.24
2026-07-22,WOKS,WEST,2048,197,3046.07,901,119,1823.06
2026-07-23,WOKS,NORTHEAST,1878,186,3017.12,906,104,1635.79
2026-07-23,WOKS,SOUTHEAST,1581,141,2320.4,968,117,1748.64
2026-07-23,WOKS,MIDWEST,1547,134,2195.85,808,91,1289.96
2026-07-23,WOKS,WEST,1939,200,3188.12,1004,108,1639.93
2026-07-24,WOKS,NORTHEAST,1911,198,3285.9,1054,130,2111.04
2026-07-24,WOKS,SOUTHEAST,1689,176,2922.41,896,94,1461.46
2026-07-24,WOKS,MIDWEST,1532,171,2627.5,894,110,1691.17
2026-07-24,WOKS,WEST,1969,191,2912.5,1044,121,1796.77
2026-07-25,WOKS,NORTHEAST,1913,195,3111.04,1051,113,1749.85
2026-07-25,WOKS,SOUTHEAST,1620,156,2357.39,906,91,1462.83
2026-07-25,WOKS,MIDWEST,1453,137,2105.09,738,83,1265.82
2026-07-25,WOKS,WEST,2140,199,3098.02,1024,111,1702.55
2026-07-26,WOKS,NORTHEAST,1721,150,2308.63,901,99,1542.23
2026-07-26,WOKS,SOUTHEAST,1362,137,2191.7,974,115,1700.72
2026-07-26,WOKS,MIDWEST,1566,162,2574.15,872,103,1518.37
2026-07-26,WOKS,WEST,1955,180,2837.72,1170,109,1626.21
2026-07-27,WOKS,NORTHEAST,1808,193,3062.48,943,99,1439.77
2026-07-27,WOKS,SOUTHEAST,1550,147,2437.99,922,115,1698.54
2026-07-27,WOKS,MIDWEST,1405,137,2027.74,746,82,1240.77
2026-07-27,WOKS,WEST,1839,174,2730.85,939,108,1731.94
2026-07-28,WOKS,NORTHEAST,1815,160,2285.83,1003,102,1586.92
2026-07-28,WOKS,SOUTHEAST,1634,160,2539.45,879,111,1458.6
2026-07-28,WOKS,MIDWEST,1570,155,2488.13,884,85,1297.28
2026-07-28,WOKS,WEST,1925,193,3035.89,1085,130,1958.26
2026-07-29,WOKS,NORTHEAST,1785,184,2777.79,927,92,1466.75
2026-07-29,WOKS,SOUTHEAST,1597,158,2502.28,983,105,1679.93
2026-07-29,WOKS,MIDWEST,1435,122,1932.28,891,107,1602.9
2026-07-29,WOKS,WEST,2076,202,3371.69,1113,119,1902.39
2026-07-30,WOKS,NORTHEAST,1698,171,2623.62,1067,115,1795.8
2026-07-30,WOKS,SOUTHEAST,1559,157,2415.65,900,110,1647.26
2026-07-30,WOKS,MIDWEST,1400,127,1989.7,672,76,1173.06
2026-07-30,WOKS,WEST,1921,176,2839.86,1128,125,1953.96
2026-07-31,WOKS,NORTHEAST,1823,180,2884.98,1152,123,2000.94
2026-07-31,WOKS,SOUTHEAST,1593,157,2397.39,871,80,1287.31
2026-07-31,WOKS,MIDWEST,1362,140,2272.91,918,92,1401.83
2026-07-31,WOKS,WEST,1954,187,2984.02,1139,149,2319.23
2026-08-01,WOKS,NORTHEAST,1775,166,2596.9,998,107,1739.05
2026-08-01,WOKS,SOUTHEAST,1737,168,2545.95,942,110,1678.18
2026-08-01,WOKS,MIDWEST,1500,142,2238.37,820,83,1253.2
2026-08-01,WOKS,WEST,1979,191,3057.67,1066,106,1483.91
2026-08-02,WOKS,NORTHEAST,1810,182,2962.63,1160,116,1875.58
2026-08-02,WOKS,SOUTHEAST,1628,152,2511.35,1027,112,1701.08
2026-08-02,WOKS,MIDWEST,1460,146,2224.92,845,94,1354.58
2026-08-02,WOKS,WEST,1897,186,3004.34,1037,113,1641.37
2026-08-03,WOKS,NORTHEAST,1936,188,2837.51,1139,113,1663.94
2026-08-03,WOKS,SOUTHEAST,1637,169,2816.25,856,93,1446.73
2026-08-03,WOKS,MIDWEST,1306,135,2182.51,680,73,1086.14
2026-08-03,WOKS,WEST,2008,216,3430.94,1104,130,1980.72
2026-08-04,WOKS,NORTHEAST,1772,169,2693.12,1081,106,1563.04
2026-08-04,WOKS,SOUTHEAST,1622,171,2723.5,923,110,1736.42
2026-08-04,WOKS,MIDWEST,1586,150,2370.56,902,98,1518.2
2026-08-04,WOKS,WEST,2024,204,3243.4,1076,117,1712.57
2026-08-05,WOKS,NORTHEAST,1779,174,2637.87,905,109,1670.49
2026-08-05,WOKS,SOUTHEAST,1611,155,2546.21,875,103,1579.4
2026-08-05,WOKS,MIDWEST,1260,120,1914.69,792,89,1342.08
2026-08-05,WOKS,WEST,1954,175,2862.36,1084,127,1889.84
2026-08-06,WOKS,NORTHEAST,1747,186,2877.69,1057,129,1990.16
2026-08-06,WOKS,SOUTHEAST,1644,151,2511.33,943,102,1511.92
2026-08-06,WOKS,MIDWEST,1441,138,2108.75,739,91,1383.73
2026-08-06,WOKS,WEST,2038,184,2811.84,1125,135,2033.37
2026-08-07,WOKS,NORTHEAST,1837,167,2642.08,1095,117,1731.34
2026-08-07,WOKS,SOUTHEAST,1708,173,2665.19,913,104,1399.48
2026-08-07,WOKS,MIDWEST,1407,139,2286.64,754,83,1263.0
2026-08-07,WOKS,WEST,2155,199,3375.84,1114,124,1838.82
2026-08-08,WOKS,NORTHEAST,1729,172,2713.16,945,118,1716.34
2026-08-08,WOKS,SOUTHEAST,1618,160,2587.67,957,130,1887.37
2026-08-08,WOKS,MIDWEST,1456,134,2170.36,749,88,1349.97
2026-08-08,WOKS,WEST,2031,196,3161.28,1296,143,2114.44
2026-08-09,WOKS,NORTHEAST,1749,193,3221.63,1093,123,1800.19
2026-08-09,WOKS,SOUTHEAST,1672,157,2653.77,819,91,1300.9
2026-08-09,WOKS,MIDWEST,1524,148,2198.49,821,101,1584.18
2026-08-09,WOKS,WEST,1990,193,3071.38,1155,118,1795.39
2026-08-10,WOKS,NORTHEAST,1954,179,2817.36,1021,115,1718.69
2026-08-10,WOKS,SOUTHEAST,1642,145,2277.3,1089,130,1967.74
2026-08-10,WOKS,MIDWEST,1372,129,2068.67,700,83,1219.0
2026-08-10,WOKS,WEST,1894,199,3165.7,1069,111,1663.53
2026-08-11,WOKS,NORTHEAST,1693,168,2812.23,1064,117,1675.45
2026-08-11,WOKS,SOUTHEAST,1578,152,2408.97,1143,129,1906.94
2026-08-11,WOKS,MIDWEST,1466,152,2452.12,747,94,1458.64
2026-08-11,WOKS,WEST,1917,182,2835.09,1218,146,2216.11
2026-08-12,WOKS,NORTHEAST,1865,173,2741.81,1152,125,1728.93
2026-08-12,WOKS,SOUTHEAST,1621,151,2402.22,884,101,1502.82
2026-08-12,WOKS,MIDWEST,1551,150,2353.2,893,96,1475.09
2026-08-12,WOKS,WEST,1706,166,2563.6,1044,131,1991.58
2026-08-13,WOKS,NORTHEAST,1698,155,2644.31,1134,140,2127.8
2026-08-13,WOKS,SOUTHEAST,1502,140,2256.46,987,111,1703.79
2026-08-13,WOKS,MIDWEST,1590,148,2331.35,725,79,1238.79
2026-08-13,WOKS,WEST,2108,182,2856.62,1040,115,1722.98
2026-08-14,WOKS,NORTHEAST,1713,175,2750.56,1161,150,2106.32
2026-08-14,WOKS,SOUTHEAST,1702,162,2601.31,877,108,1533.79
2026-08-14,WOKS,MIDWEST,1381,137,2207.44,972,126,1953.53
2026-08-14,WOKS,WEST,2013,190,3093.75,934,90,1373.32
2026-08-15,WOKS,NORTHEAST,1855,191,2902.18,1212,131,1966.12
2026-08-15,WOKS,SOUTHEAST,1668,167,2575.21,1012,101,1532.86
2026-08-15,WOKS,MIDWEST,1527,160,2560.23,745,101,1569.88
2026-08-15,WOKS,WEST,2117,190,3037.71,1361,148,2400.33
2026-08-16,WOKS,NORTHEAST,1754,186,3044.14,1195,141,2166.46
2026-08-16,WOKS,SOUTHEAST,1614,140,2237.26,1005,126,1824.25
2026-08-16,WOKS,MIDWEST,1388,135,2136.1,764,90,1477.3
2026-08-16,WOKS,WEST,2058,204,3340.86,1332,168,2657.32
2026-08-17,WOKS,NORTHEAST,1762,159,2459.32,1108,130,1943.61
2026-08-17,WOKS,SOUTHEAST,1669,152,2328.14,1130,105,1568.26
2026-08-17,WOKS,MIDWEST,1410,130,2102.88,892,111,1647.05
2026-08-17,WOKS,WEST,2062,180,2926.6,1322,160,2371.18
2026-08-18,WOKS,NORTHEAST,1869,176,2717.24,1102,132,2145.56
2026-08-18,WOKS,SOUTHEAST,1599,156,2496.24,909,95,1545.01
2026-08-18,WOKS,MIDWEST,1566,165,2576.66,916,113,1662.18
2026-08-18,WOKS,WEST,2066,196,3197.63,1231,137,2033.79
2026-08-19,WOKS,NORTHEAST,1623,155,2400.61,1151,128,1792.34
2026-08-19,WOKS,SOUTHEAST,1691,160,2530.74,1025,104,1570.29
2026-08-19,WOKS,MIDWEST,1386,148,2317.74,789,104,1586.48
2026-08-19,WOKS,WEST,2005,213,3213.87,1173,132,1897.22
2026-08-20,WOKS,NORTHEAST,1906,195,2992.94,1099,120,1886.98
2026-08-20,WOKS,SOUTHEAST,1620,164,2674.05,1040,126,1919.7
2026-08-20,WOKS,MIDWEST,1367,142,2210.48,923,97,1407.35
2026-08-20,WOKS,WEST,2018,198,3041.81,1337,160,2308.79
2026-08-21,WOKS,NORTHEAST,1989,197,3106.3,1168,135,2051.51
2026-08-21,WOKS,SOUTHEAST,1757,185,2794.85,1024,116,1671.57
2026-08-21,WOKS,MIDWEST,1495,156,2308.83,947,103,1551.48
2026-08-21,WOKS,WEST,2122,206,3296.11,1218,144,2284.57
2026-08-22,WOKS,NORTHEAST,1732,175,2673.06,1126,116,1759.82
2026-08-22,WOKS,SOUTHEAST,1548,151,2471.54,1164,116,1871.86
2026-08-22,WOKS,MIDWEST,1480,129,2068.47,959,99,1429.99
2026-08-22,WOKS,WEST,1970,215,3482.57,1307,129,2031.06
2026-08-23,WOKS,NORTHEAST,1905,183,3012.84,1266,142,2167.91
2026-08-23,WOKS,SOUTHEAST,1667,164,2556.34,987,117,1691.47
2026-08-23,WOKS,MIDWEST,1421,143,2365.07,854,89,1332.08
2026-08-23,WOKS,WEST,1995,204,3173.56,1130,105,1664.12
2026-08-24,WOKS,NORTHEAST,1913,200,3089.81,1264,137,2124.93
2026-08-24,WOKS,SOUTHEAST,1492,161,2638.95,983,105,1665.24
2026-08-24,WOKS,MIDWEST,1578,160,2582.54,868,86,1304.19
2026-08-24,WOKS,WEST,1995,190,3081.7,1470,165,2551.84
2026-08-25,WOKS,NORTHEAST,1871,180,2880.34,1018,108,1605.41
2026-08-25,WOKS,SOUTHEAST,1744,175,2749.5,849,98,1414.8
2026-08-25,WOKS,MIDWEST,1490,143,2248.17,874,82,1274.82
2026-08-25,WOKS,WEST,1855,165,2674.93,1288,137,2053.12
2026-08-26,WOKS,NORTHEAST,1855,183,2835.43,1248,137,1928.26
2026-08-26,WOKS,SOUTHEAST,1748,172,2853.66,1065,112,1636.13
2026-08-26,WOKS,MIDWEST,1312,126,2001.86,930,115,1660.04
2026-08-26,WOKS,WEST,1869,181,2912.56,1263,145,2164.15
2026-08-27,WOKS,NORTHEAST,1615,152,2435.43,1059,119,1920.3
2026-08-27,WOKS,SOUTHEAST,1539,152,2408.66,922,99,1594.64
2026-08-27,WOKS,MIDWEST,1453,138,2200.28,916,93,1336.36
2026-08-27,WOKS,WEST,2080,203,3228.05,1317,144,2188.46
2026-08-28,WOKS,NORTHEAST,1761,167,2706.24,1143,142,2159.97
2026-08-28,WOKS,SOUTHEAST,1651,161,2618.65,999,111,1730.21
2026-08-28,WOKS,MIDWEST,1465,151,2422.11,969,109,1648.71
2026-08-28,WOKS,WEST,1888,179,2822.64,1443,157,2342.28
2026-08-29,WOKS,NORTHEAST,1749,172,2738.5,1256,146,2221.59
2026-08-29,WOKS,SOUTHEAST,1572,153,2547.59,978,93,1421.14
2026-08-29,WOKS,MIDWEST,1478,141,2368.15,938,102,1616.14
2026-08-29,WOKS,WEST,2006,192,3119.72,1278,155,2175.0
2026-08-30,WOKS,NORTHEAST,1911,197,3253.54,1160,125,1896.72
2026-08-30,WOKS,SOUTHEAST,1644,174,2803.88,1114,122,1776.75
2026-08-30,WOKS,MIDWEST,1526,159,2499.67,1069,116,1733.8
2026-08-30,WOKS,WEST,1953,186,2945.74,1252,151,2222.61
2026-03-02,GRLL,NORTHEAST,5120,601,10294.53,180,19,339.33
2026-03-02,GRLL,SOUTHEAST,4684,517,8642.01,175,19,318.05
2026-03-02,GRLL,MIDWEST,4226,494,8383.78,153,17,302.48
2026-03-02,GRLL,WEST,6016,647,11103.31,220,28,480.66
2026-03-03,GRLL,NORTHEAST,5550,668,11214.73,186,23,411.87
2026-03-03,GRLL,SOUTHEAST,5188,568,9755.87,178,19,335.61
2026-03-03,GRLL,MIDWEST,4332,533,8701.1,167,17,292.79
2026-03-03,GRLL,WEST,5894,703,11897.48,214,23,388.44
2026-03-04,GRLL,NORTHEAST,6040,700,12409.38,191,20,329.29
2026-03-04,GRLL,SOUTHEAST,5108,689,11412.27,183,18,332.19
2026-03-04,GRLL,MIDWEST,3697,453,7758.88,169,20,334.75
2026-03-04,GRLL,WEST,6219,722,12480.2,281,30,477.97
2026-03-05,GRLL,NORTHEAST,5603,712,12240.71,209,21,352.89
2026-03-05,GRLL,SOUTHEAST,5073,535,9430.91,195,21,363.32
2026-03-05,GRLL,MIDWEST,4119,501,9048.6,173,17,282.71
2026-03-05,GRLL,WEST,6698,919,15050.29,280,30,533.83
2026-03-06,GRLL,NORTHEAST,4986,631,11592.33,225,23,396.25
2026-03-06,GRLL,SOUTHEAST,4414,499,8806.93,212,24,365.76
2026-03-06,GRLL,MIDWEST,4450,532,9322.81,158,15,247.49
2026-03-06,GRLL,WEST,5689,711,11741.13,217,26,450.21
2026-03-07,GRLL,NORTHEAST,5635,639,11186.03,255,31,470.01
2026-03-07,GRLL,SOUTHEAST,4983,558,9089.83,221,27,432.0
2026-03-07,GRLL,MIDWEST,4187,497,9026.62,167,18,285.94
2026-03-07,GRLL,WEST,5847,667,12055.93,266,32,553.43
2026-03-08,GRLL,NORTHEAST,5755,670,12039.92,215,21,364.46
2026-03-08,GRLL,SOUTHEAST,4871,596,10172.75,235,27,448.55
2026-03-08,GRLL,MIDWEST,4419,533,9078.33,188,19,318.07
2026-03-08,GRLL,WEST,5445,696,11856.87,234,26,443.59
2026-03-09,GRLL,NORTHEAST,5915,836,14938.6,263,25,450.7
2026-03-09,GRLL,SOUTHEAST,5100,653,11236.6,218,28,467.5
2026-03-09,GRLL,MIDWEST,4664,581,9451.97,203,24,391.14
2026-03-09,GRLL,WEST,6267,784,13860.84,239,29,498.48
2026-03-10,GRLL,NORTHEAST,5157,621,10921.66,233,28,436.02
2026-03-10,GRLL,SOUTHEAST,5152,605,10216.63,237,26,433.89
2026-03-10,GRLL,MIDWEST,4370,494,8601.66,203,24,429.37
2026-03-10,GRLL,WEST,5640,749,13097.74,268,29,482.49
2026-03-11,GRLL,NORTHEAST,4969,672,11733.75,270,34,571.06
2026-03-11,GRLL,SOUTHEAST,4844,614,11325.59,194,21,345.13
2026-03-11,GRLL,MIDWEST,4593,503,8114.86,227,27,464.19
2026-03-11,GRLL,WEST,5846,827,13717.34,304,38,637.7
2026-03-12,GRLL,NORTHEAST,5151,653,11089.4,258,30,529.1
2026-03-12,GRLL,SOUTHEAST,4715,600,10337.81,240,26,421.25
2026-03-12,GRLL,MIDWEST,4545,579,9897.27,203,24,406.75
2026-03-12,GRLL,WEST,6247,619,10725.46,294,36,589.37
2026-03-13,GRLL,NORTHEAST,5604,727,12377.85,258,31,495.44
2026-03-13,GRLL,SOUTHEAST,4713,536,8650.6,259,26,446.26
2026-03-13,GRLL,MIDWEST,4502,474,8313.56,192,25,387.01
2026-03-13,GRLL,WEST,5882,689,12196.54,285,35,567.75
2026-03-14,GRLL,NORTHEAST,5615,677,11628.77,276,32,557.61
2026-03-14,GRLL,SOUTHEAST,5119,655,11355.93,222,28,449.07
2026-03-14,GRLL,MIDWEST,3716,488,8277.31,243,27,445.81
2026-03-14,GRLL,WEST,6314,773,12658.34,314,31,483.51
2026-03-15,GRLL,NORTHEAST,5668,630,10797.9,293,30,476.82
2026-03-15,GRLL,SOUTHEAST,4992,593,10400.54,262,28,461.95
2026-03-15,GRLL,MIDWEST,4245,544,9780.69,198,23,380.06
2026-03-15,GRLL,WEST,6243,811,13510.67,311,36,600.45
2026-03-16,GRLL,NORTHEAST,5637,756,12922.9,284,32,529.08
2026-03-16,GRLL,SOUTHEAST,5179,664,11330.9,244,28,415.83
2026-03-16,GRLL,MIDWEST,4509,536,9541.0,221,25,391.79
2026-03-16,GRLL,WEST,6097,778,13099.73,317,33,555.75
2026-03-17,GRLL,NORTHEAST,5352,669,11723.41,313,37,521.56
2026-03-17,GRLL,SOUTHEAST,4923,652,11594.67,268,33,541.45
2026-03-17,GRLL,MIDWEST,4232,550,9705.73,206,21,358.77
2026-03-17,GRLL,WEST,6067,671,11564.4,322,35,605.89
2026-03-18,GRLL,NORTHEAST,5917,670,11277.29,300,33,577.55
2026-03-18,GRLL,SOUTHEAST,5106,606,10884.64,298,32,534.95
2026-03-18,GRLL,MIDWEST,4302,566,9543.39,237,28,474.01
2026-03-18,GRLL,WEST,5608,635,11229.47,339,40,722.03
2026-03-19,GRLL,NORTHEAST,5448,683,11701.27,331,36,586.04
2026-03-19,GRLL,SOUTHEAST,5267,657,11146.77,300,34,528.46
2026-03-19,GRLL,MIDWEST,4239,557,9761.92,239,28,459.45
2026-03-19,GRLL,WEST,5777,676,12020.94,347,38,626.85
2026-03-20,GRLL,NORTHEAST,5171,732,12625.31,340,37,645.25
2026-03-20,GRLL,SOUTHEAST,4575,590,10119.72,273,29,506.62
2026-03-20,GRLL,MIDWEST,4380,488,8699.59,214,21,385.05
2026-03-20,GRLL,WEST,6088,779,14563.91,348,39,599.94
2026-03-21,GRLL,NORTHEAST,5603,726,12855.51,315,30,514.5
2026-03-21,GRLL,SOUTHEAST,4594,623,10735.32,296,35,555.29
2026-03-21,GRLL,MIDWEST,4259,501,8729.55,289,30,498.27
2026-03-21,GRLL,WEST,5308,630,10783.17,389,44,732.22
2026-03-22,GRLL,NORTHEAST,5738,731,12645.86,315,35,607.97
2026-03-22,GRLL,SOUTHEAST,4763,576,10245.8,315,36,556.07
2026-03-22,GRLL,MIDWEST,4013,513,8495.77,309,34,555.72
2026-03-22,GRLL,WEST,5450,698,12066.43,358,39,671.63
2026-03-23,GRLL,NORTHEAST,5497,665,11903.25,301,33,550.85
2026-03-23,GRLL,SOUTHEAST,4505,567,9621.48,265,31,508.69
2026-03-23,GRLL,MIDWEST,4451,536,9195.16,258,32,556.54
2026-03-23,GRLL,WEST,6244,757,12996.7,306,36,606.25
2026-03-24,GRLL,NORTHEAST,5065,639,10853.19,334,37,624.89
2026-03-24,GRLL,SOUTHEAST,4814,584,9524.67,288,33,571.27
2026-03-24,GRLL,MIDWEST,3946,490,7930.09,299,36,562.7
2026-03-24,GRLL,WEST,6415,840,13797.16,400,43,738.81
2026-03-25,GRLL,NORTHEAST,5573,625,10711.19,348,35,603.28
2026-03-25,GRLL,SOUTHEAST,4991,598,10461.56,323,41,655.69
2026-03-25,GRLL,MIDWEST,4328,501,8678.28,264,28,469.64
2026-03-25,GRLL,WEST,5826,746,12702.14,358,41,628.66
2026-03-26,GRLL,NORTHEAST,5681,746,13184.39,349,41,665.22
2026-03-26,GRLL,SOUTHEAST,4624,552,9247.71,295,31,467.64
2026-03-26,GRLL,MIDWEST,4116,539,9560.36,280,32,544.23
2026-03-26,GRLL,WEST,5909,851,14586.23,396,45,777.06
2026-03-27,GRLL,NORTHEAST,5071,595,9962.09,354,39,635.06
2026-03-27,GRLL,SOUTHEAST,4746,585,10167.87,295,35,585.92
2026-03-27,GRLL,MIDWEST,4325,522,8760.53,235,28,460.97
2026-03-27,GRLL,WEST,6485,887,14976.25,409,39,615.54
2026-03-28,GRLL,NORTHEAST,5129,645,11028.15,323,35,651.51
2026-03-28,GRLL,SOUTHEAST,5278,657,11185.73,297,33,548.04
2026-03-28,GRLL,MIDWEST,4530,628,10813.21,265,32,538.41
2026-03-28,GRLL,WEST,6165,769,13551.23,402,50,814.13
2026-03-29,GRLL,NORTHEAST,5469,725,12310.0,378,44,720.23
2026-03-29,GRLL,SOUTHEAST,4355,529,9016.94,366,37,634.66
2026-03-29,GRLL,MIDWEST,4368,563,9767.01,278,30,513.85
2026-03-29,GRLL,WEST,5743,696,11994.21,335,42,693.29
2026-03-30,GRLL,NORTHEAST,5460,667,11345.41,405,47,734.31
2026-03-30,GRLL,SOUTHEAST,4894,605,10254.08,331,32,551.31
2026-03-30,GRLL,MIDWEST,4823,625,10794.42,300,29,434.68
2026-03-30,GRLL,WEST,6636,871,15390.97,462,49,807.56
2026-03-31,GRLL,NORTHEAST,5657,808,13737.97,379,42,758.78
2026-03-31,GRLL,SOUTHEAST,4522,599,10402.01,296,31,525.7
2026-03-31,GRLL,MIDWEST,4069,507,8477.65,287,31,533.82
2026-03-31,GRLL,WEST,5759,708,12289.16,449,43,688.05
2026-04-01,GRLL,NORTHEAST,5434,700,12876.2,346,42,732.09
2026-04-01,GRLL,SOUTHEAST,5030,636,11047.21,385,39,667.14
2026-04-01,GRLL,MIDWEST,4897,548,9515.57,317,33,535.94
2026-04-01,GRLL,WEST,5766,721,12781.72,417,41,638.01
2026-04-02,GRLL,NORTHEAST,5646,747,13478.39,400,50,839.33
2026-04-02,GRLL,SOUTHEAST,5054,627,10744.34,384,41,675.64
2026-04-02,GRLL,MIDWEST,4389,490,8229.71,337,43,710.64
2026-04-02,GRLL,WEST,5741,763,13792.96,382,50,808.83
2026-04-03,GRLL,NORTHEAST,5091,664,10365.19,394,45,763.47
2026-04-03,GRLL,SOUTHEAST,4709,591,10518.61,388,45,747.77
2026-04-03,GRLL,MIDWEST,4028,482,8316.59,288,35,574.24
2026-04-03,GRLL,WEST,5472,651,11490.77,477,59,998.15
2026-04-04,GRLL,NORTHEAST,5419,626,10653.48,364,43,723.74
2026-04-04,GRLL,SOUTHEAST,4926,588,10379.82,391,46,738.18
2026-04-04,GRLL,MIDWEST,4001,497,8948.31,304,31,485.79
2026-04-04,GRLL,WEST,6014,761,12957.45,395,51,829.9
2026-04-05,GRLL,NORTHEAST,5466,691,12114.21,393,44,718.61
2026-04-05,GRLL,SOUTHEAST,5194,744,12824.65,403,42,730.16
2026-04-05,GRLL,MIDWEST,3875,463,7778.37,296,34,607.41
2026-04-05,GRLL,WEST,5956,737,13243.31,470,53,839.15
2026-04-06,GRLL,NORTHEAST,5722,715,12895.5,399,47,779.56
2026-04-06,GRLL,SOUTHEAST,4847,641,10886.11,422,53,858.66
2026-04-06,GRLL,MIDWEST,4366,596,10086.79,378,41,699.23
2026-04-06,GRLL,WEST,5873,735,12501.85,485,57,963.56
2026-04-07,GRLL,NORTHEAST,5321,675,12148.92,422,49,793.23
2026-04-07,GRLL,SOUTHEAST,4697,650,11379.07,373,43,702.49
2026-04-07,GRLL,MIDWEST,4212,512,9057.95,361,35,529.55
2026-04-07,GRLL,WEST,5195,677,11977.55,485,52,853.49
2026-04-08,GRLL,NORTHEAST,5567,699,12143.38,467,55,948.43
2026-04-08,GRLL,SOUTHEAST,5034,605,10499.45,360,39,633.75
2026-04-08,GRLL,MIDWEST,4184,515,8748.96,326,39,621.89
2026-04-08,GRLL,WEST,6051,766,13832.29,466,53,868.01
2026-04-09,GRLL,NORTHEAST,5648,645,11378.35,384,48,828.74
2026-04-09,GRLL,SOUTHEAST,4467,549,9597.95,376,43,704.57
2026-04-09,GRLL,MIDWEST,4482,555,9353.39,351,42,680.92
2026-04-09,GRLL,WEST,5861,768,12646.61,502,55,880.6
2026-04-10,GRLL,NORTHEAST,5792,769,12953.05,451,54,857.97
2026-04-10,GRLL,SOUTHEAST,4958,627,11258.87,349,43,676.08
2026-04-10,GRLL,MIDWEST,4334,571,9858.01,390,43,702.25
2026-04-10,GRLL,WEST,6116,816,13888.76,408,46,787.19
2026-04-11,GRLL,NORTHEAST,5014,566,9248.57,403,42,697.73
2026-04-11,GRLL,SOUTHEAST,4535,538,9177.97,411,53,861.39
2026-04-11,GRLL,MIDWEST,4431,549,9313.04,310,34,528.72
2026-04-11,GRLL,WEST,5823,768,12797.86,475,63,1055.46
2026-04-12,GRLL,NORTHEAST,5411,670,11704.16,467,59,1028.77
2026-04-12,GRLL,SOUTHEAST,4863,638,11288.14,371,42,706.01
2026-04-12,GRLL,MIDWEST,4643,609,10663.77,368,50,861.07
2026-04-12,GRLL,WEST,5681,767,13671.53,464,49,814.82
2026-04-13,GRLL,NORTHEAST,5430,705,12058.06,428,45,656.4
2026-04-13,GRLL,SOUTHEAST,4610,585,10456.31,427,51,869.7
2026-04-13,GRLL,MIDWEST,4773,647,11095.44,326,38,650.54
2026-04-13,GRLL,WEST,5578,666,11807.28,545,64,1033.34
2026-04-14,GRLL,NORTHEAST,5265,625,11017.37,488,49,778.32
2026-04-14,GRLL,SOUTHEAST,4589,570,10201.72,394,46,747.85
2026-04-14,GRLL,MIDWEST,4477,548,9478.81,347,42,698.96
2026-04-14,GRLL,WEST,5659,660,11592.9,478,55,951.95
2026-04-15,GRLL,NORTHEAST,5527,712,12254.44,448,60,1000.15
2026-04-15,GRLL,SOUTHEAST,4673,534,9554.13,427,44,766.1
2026-04-15,GRLL,MIDWEST,4228,559,9266.44,364,39,684.08
2026-04-15,GRLL,WEST,5877,697,12532.1,483,58,953.11
2026-04-16,GRLL,NORTHEAST,5193,644,11236.42,589,68,1181.66
2026-04-16,GRLL,SOUTHEAST,4869,610,10618.41,430,56,889.91
2026-04-16,GRLL,MIDWEST,4482,559,9947.59,353,35,593.8
2026-04-16,GRLL,WEST,6052,732,13078.23,535,68,1140.56
2026-04-17,GRLL,NORTHEAST,5463,636,11138.04,403,44,741.8
2026-04-17,GRLL,SOUTHEAST,4950,640,11223.22,446,48,751.54
2026-04-17,GRLL,MIDWEST,4637,493,8462.07,367,44,764.6
2026-04-17,GRLL,WEST,6398,702,11958.2,617,69,1136.97
2026-04-18,GRLL,NORTHEAST,5558,699,11380.33,488,50,846.96
2026-04-18,GRLL,SOUTHEAST,4991,632,10886.97,456,46,763.94
2026-04-18,GRLL,MIDWEST,4500,529,9090.72,373,41,652.95
2026-04-18,GRLL,WEST,6073,690,11651.14,472,58,964.87
2026-04-19,GRLL,NORTHEAST,5412,667,11288.29,484,57,912.38
2026-04-19,GRLL,SOUTHEAST,4743,553,9929.1,424,40,661.74
2026-04-19,GRLL,MIDWEST,4445,576,9872.33,423,39,618.67
2026-04-19,GRLL,WEST,6231,799,13388.14,477,63,1031.52
2026-04-20,GRLL,NORTHEAST,5520,669,11012.57,460,47,801.68
2026-04-20,GRLL,SOUTHEAST,4864,610,10342.1,499,52,845.25
2026-04-20,GRLL,MIDWEST,4405,458,7834.7,387,48,843.11
2026-04-20,GRLL,WEST,5059,589,10100.14,538,57,900.49
2026-04-21,GRLL,NORTHEAST,5291,695,12113.54,474,48,770.37
2026-04-21,GRLL,SOUTHEAST,4669,637,11225.65,403,45,766.97
2026-04-21,GRLL,MIDWEST,4157,532,8688.65,443,51,830.96
2026-04-21,GRLL,WEST,6168,806,14077.3,554,67,1116.7
2026-04-22,GRLL,NORTHEAST,5657,752,12611.77,467,57,915.57
2026-04-22,GRLL,SOUTHEAST,4790,614,10808.33,436,47,829.0
2026-04-22,GRLL,MIDWEST,4543,556,9348.12,417,47,827.58
2026-04-22,GRLL,WEST,6296,812,14798.75,514,56,942.3
2026-04-23,GRLL,NORTHEAST,5738,738,13617.8,458,51,838.45
2026-04-23,GRLL,SOUTHEAST,4770,545,9568.36,422,50,870.84
2026-04-23,GRLL,MIDWEST,4797,651,11428.9,417,45,736.55
2026-04-23,GRLL,WEST,6190,796,14588.09,537,63,1035.66
2026-04-24,GRLL,NORTHEAST,5228,641,10951.98,542,67,1077.16
2026-04-24,GRLL,SOUTHEAST,4643,606,10718.35,430,50,855.42
2026-04-24,GRLL,MIDWEST,4509,574,9945.85,394,43,690.36
2026-04-24,GRLL,WEST,6234,771,13441.46,554,66,1091.45
2026-04-25,GRLL,NORTHEAST,5348,718,12575.2,512,54,903.09
2026-04-25,GRLL,SOUTHEAST,5168,677,11960.38,404,45,709.65
2026-04-25,GRLL,MIDWEST,4123,545,9649.2,455,50,804.77
2026-04-25,GRLL,WEST,5987,808,13752.14,589,79,1315.33
2026-04-26,GRLL,NORTHEAST,5435,657,11692.01,477,51,821.45
2026-04-26,GRLL,SOUTHEAST,4783,597,9588.85,496,59,1009.88
2026-04-26,GRLL,MIDWEST,4237,466,8643.17,390,48,744.58
2026-04-26,GRLL,WEST,5067,649,11569.25,580,71,1193.48
2026-04-27,GRLL,NORTHEAST,5130,640,11203.96,512,61,980.0
2026-04-27,GRLL,SOUTHEAST,4672,597,10849.37,494,59,976.66
2026-04-27,GRLL,MIDWEST,4555,519,8883.87,359,39,642.06
2026-04-27,GRLL,WEST,6213,795,14094.93,612,70,1045.65
2026-04-28,GRLL,NORTHEAST,5180,670,11718.28,556,63,1057.7
2026-04-28,GRLL,SOUTHEAST,4992,603,10738.52,483,52,878.55
2026-04-28,GRLL,MIDWEST,4746,558,9261.31,440,48,792.75
2026-04-28,GRLL,WEST,5319,694,11728.55,603,65,1059.32
2026-04-29,GRLL,NORTHEAST,4905,645,10906.34,531,62,1052.33
2026-04-29,GRLL,SOUTHEAST,5131,650,11019.89,551,67,1082.81
2026-04-29,GRLL,MIDWEST,4477,542,9073.25,441,57,937.85
2026-04-29,GRLL,WEST,6044,716,12710.91,702,87,1406.39
2026-04-30,GRLL,NORTHEAST,4938,636,10534.17,575,72,1205.71
2026-04-30,GRLL,SOUTHEAST,4963,585,10267.85,502,55,909.86
2026-04-30,GRLL,MIDWEST,4698,634,10621.16,483,45,695.44
2026-04-30,GRLL,WEST,5481,661,11907.62,576,57,971.93
2026-05-01,GRLL,NORTHEAST,5262,666,11331.69,533,61,992.31
2026-05-01,GRLL,SOUTHEAST,4632,606,10291.72,490,45,822.14
2026-05-01,GRLL,MIDWEST,4401,574,10290.95,413,44,705.43
2026-05-01,GRLL,WEST,5845,817,14215.43,750,87,1482.39
2026-05-02,GRLL,NORTHEAST,5762,651,10934.41,621,59,964.43
2026-05-02,GRLL,SOUTHEAST,4766,614,10073.07,539,61,1014.24
2026-05-02,GRLL,MIDWEST,4446,554,9783.83,440,51,870.94
2026-05-02,GRLL,WEST,5921,743,13295.45,623,74,1296.39
2026-05-03,GRLL,NORTHEAST,5436,603,10306.96,571,70,1114.38
2026-05-03,GRLL,SOUTHEAST,4542,545,9389.71,507,65,1036.64
2026-05-03,GRLL,MIDWEST,4598,585,9910.72,421,50,816.45
2026-05-03,GRLL,WEST,5704,715,11778.57,592,61,969.67
2026-05-04,GRLL,NORTHEAST,5411,692,11486.67,562,65,1084.64
2026-05-04,GRLL,SOUTHEAST,4880,600,10930.74,450,51,817.63
2026-05-04,GRLL,MIDWEST,4256,515,8907.75,442,52,812.96
2026-05-04,GRLL,WEST,5875,833,14338.33,706,79,1309.43
2026-05-05,GRLL,NORTHEAST,5415,678,11138.25,568,70,1240.91
2026-05-05,GRLL,SOUTHEAST,4948,650,11274.49,603,67,1142.5
2026-05-05,GRLL,MIDWEST,4366,557,9670.23,526,58,875.91
2026-05-05,GRLL,WEST,5731,731,12682.92,659,69,1220.44
2026-05-06,GRLL,NORTHEAST,5518,707,12219.89,589,64,1100.46
2026-05-06,GRLL,SOUTHEAST,4826,621,10276.76,532,68,1084.46
2026-05-06,GRLL,MIDWEST,4589,575,9841.5,553,59,969.13
2026-05-06,GRLL,WEST,6022,815,13122.81,665,77,1259.0
2026-05-07,GRLL,NORTHEAST,5431,705,12184.65,498,57,943.37
2026-05-07,GRLL,SOUTHEAST,4775,636,10757.92,497,53,877.2
2026-05-07,GRLL,MIDWEST,4247,582,9968.4,411,49,849.65
2026-05-07,GRLL,WEST,5936,784,13795.71,638,81,1420.27
2026-05-08,GRLL,NORTHEAST,5536,719,12432.59,694,82,1358.31
2026-05-08,GRLL,SOUTHEAST,4577,561,9843.23,566,63,1005.66
2026-05-08,GRLL,MIDWEST,4331,556,9797.36,494,46,753.16
2026-05-08,GRLL,WEST,6387,782,13412.0,595,64,1082.37
2026-05-09,GRLL,NORTHEAST,5391,717,12802.28,570,53,905.35
2026-05-09,GRLL,SOUTHEAST,4765,548,9202.85,528,59,967.78
2026-05-09,GRLL,MIDWEST,4093,499,8887.56,482,52,914.69
2026-05-09,GRLL,WEST,6177,797,14075.59,745,99,1584.78
2026-05-10,GRLL,NORTHEAST,5688,783,13953.63,613,67,1052.2
2026-05-10,GRLL,SOUTHEAST,5292,717,12081.92,517,57,911.64
2026-05-10,GRLL,MIDWEST,4351,516,8590.01,492,53,904.04
2026-05-10,GRLL,WEST,6093,781,14193.97,559,56,945.86
2026-05-11,GRLL,NORTHEAST,5554,643,11145.63,544,52,795.67
2026-05-11,GRLL,SOUTHEAST,5414,628,10907.74,605,77,1243.05
2026-05-11,GRLL,MIDWEST,4438,607,10613.48,467,48,772.35
2026-05-11,GRLL,WEST,5751,712,12440.97,595,67,1128.13
2026-05-12,GRLL,NORTHEAST,5596,808,13140.27,631,74,1306.88
2026-05-12,GRLL,SOUTHEAST,5045,650,10619.36,603,68,1116.21
2026-05-12,GRLL,MIDWEST,4240,518,9067.92,493,50,829.68
2026-05-12,GRLL,WEST,5717,709,11876.4,749,104,1753.93
2026-05-13,GRLL,NORTHEAST,5004,606,10377.57,593,73,1141.14
2026-05-13,GRLL,SOUTHEAST,5246,709,12282.01,684,71,1182.71
2026-05-13,GRLL,MIDWEST,3953,488,8795.68,521,61,955.05
2026-05-13,GRLL,WEST,6379,745,11927.28,668,79,1352.89
2026-05-14,GRLL,NORTHEAST,5592,656,10816.58,577,60,976.27
2026-05-14,GRLL,SOUTHEAST,4846,621,10815.3,511,57,922.72
2026-05-14,GRLL,MIDWEST,4528,556,9692.16,505,60,998.12
2026-05-14,GRLL,WEST,5981,786,13623.74,677,83,1409.58
2026-05-15,GRLL,NORTHEAST,5683,688,11836.67,676,76,1272.95
2026-05-15,GRLL,SOUTHEAST,4568,514,8660.0,568,68,1070.87
2026-05-15,GRLL,MIDWEST,4289,566,9670.24,530,57,993.93
2026-05-15,GRLL,WEST,6716,899,14991.4,628,75,1203.58
2026-05-16,GRLL,NORTHEAST,4886,592,10132.74,586,55,977.47
2026-05-16,GRLL,SOUTHEAST,5134,573,9245.09,564,60,994.51
2026-05-16,GRLL,MIDWEST,4553,596,10325.68,408,48,799.69
2026-05-16,GRLL,WEST,6365,816,14282.4,643,67,1094.42
2026-05-17,GRLL,NORTHEAST,6035,702,12371.21,637,68,1137.17
2026-05-17,GRLL,SOUTHEAST,4489,573,9912.16,587,68,1077.7
2026-05-17,GRLL,MIDWEST,4482,612,10599.77,492,53,880.92
2026-05-17,GRLL,WEST,6282,776,13354.35,682,86,1357.4
2026-05-18,GRLL,NORTHEAST,5389,663,11269.07,711,74,1270.08
2026-05-18,GRLL,SOUTHEAST,4521,584,9833.24,582,74,1214.8
2026-05-18,GRLL,MIDWEST,4275,531,9444.11,568,68,1110.43
2026-05-18,GRLL,WEST,5450,729,12193.55,720,90,1498.82
2026-05-19,GRLL,NORTHEAST,4927,683,11430.11,675,71,1111.13
2026-05-19,GRLL,SOUTHEAST,4809,602,10497.87,609,81,1344.14
2026-05-19,GRLL,MIDWEST,4242,587,10094.21,565,71,1144.89
2026-05-19,GRLL,WEST,5710,725,12606.95,677,74,1157.95
2026-05-20,GRLL,NORTHEAST,5086,678,11687.95,717,75,1261.25
2026-05-20,GRLL,SOUTHEAST,5288,643,10964.1,581,55,880.94
2026-05-20,GRLL,MIDWEST,4277,550,10003.54,468,60,1024.5
2026-05-20,GRLL,WEST,5725,777,12876.37,819,78,1262.8
2026-05-21,GRLL,NORTHEAST,5764,653,11021.64,764,85,1392.61
2026-05-21,GRLL,SOUTHEAST,5153,624,9947.41,686,76,1258.85
2026-05-21,GRLL,MIDWEST,4723,575,10213.2,532,62,964.44
2026-05-21,GRLL,WEST,5657,726,13345.08,841,85,1353.58
2026-05-22,GRLL,NORTHEAST,5572,701,11950.69,741,80,1218.19
2026-05-22,GRLL,SOUTHEAST,5005,709,11970.45,676,82,1429.13
2026-05-22,GRLL,MIDWEST,4509,586,10085.89,480,52,841.97
2026-05-22,GRLL,WEST,5700,705,11987.87,697,85,1467.64
2026-05-23,GRLL,NORTHEAST,5444,759,12985.49,658,72,1150.82
2026-05-23,GRLL,SOUTHEAST,4822,564,10072.82,609,67,1117.23
2026-05-23,GRLL,MIDWEST,4291,577,9763.13,570,69,1056.72
2026-05-23,GRLL,WEST,5864,734,12424.74,889,109,1836.61
2026-05-24,GRLL,NORTHEAST,5342,654,11090.78,678,71,1104.43
2026-05-24,GRLL,SOUTHEAST,5159,687,11886.71,627,80,1265.02
2026-05-24,GRLL,MIDWEST,4366,566,9773.09,562,69,1082.4
2026-05-24,GRLL,WEST,5759,735,12557.88,721,81,1360.98
2026-05-25,GRLL,NORTHEAST,5631,686,11775.62,689,79,1332.1
2026-05-25,GRLL,SOUTHEAST,4847,541,9091.05,576,62,997.57
2026-05-25,GRLL,MIDWEST,4378,586,9738.77,536,54,895.72
2026-05-25,GRLL,WEST,6080,806,13918.2,779,80,1292.55
2026-05-26,GRLL,NORTHEAST,4841,669,11300.69,783,87,1407.71
2026-05-26,GRLL,SOUTHEAST,4848,597,10747.35,668,75,1249.69
2026-05-26,GRLL,MIDWEST,4305,505,8371.1,518,60,989.25
2026-05-26,GRLL,WEST,5897,769,13305.29,790,96,1638.09
2026-05-27,GRLL,NORTHEAST,5537,665,11709.58,757,76,1304.96
2026-05-27,GRLL,SOUTHEAST,4813,581,10177.6,707,77,1351.55
2026-05-27,GRLL,MIDWEST,4214,556,9982.05,593,73,1078.45
2026-05-27,GRLL,WEST,5579,680,11765.58,739,85,1417.95
2026-05-28,GRLL,NORTHEAST,5311,626,11356.71,784,85,1387.99
2026-05-28,GRLL,SOUTHEAST,4862,612,10534.59,672,79,1275.35
2026-05-28,GRLL,MIDWEST,4312,572,10000.6,550,53,863.13
2026-05-28,GRLL,WEST,6089,770,13595.55,724,80,1389.11
2026-05-29,GRLL,NORTHEAST,5173,690,11568.04,629,75,1233.26
2026-05-29,GRLL,SOUTHEAST,4611,631,10330.2,622,80,1276.07
2026-05-29,GRLL,MIDWEST,4500,602,10642.98,528,77,1288.85
2026-05-29,GRLL,WEST,6127,749,12992.48,724,85,1498.76
2026-05-30,GRLL,NORTHEAST,5887,772,13144.46,774,88,1372.07
2026-05-30,GRLL,SOUTHEAST,4731,572,10084.13,622,71,1194.16
2026-05-30,GRLL,MIDWEST,4096,525,9181.39,469,54,880.7
2026-05-30,GRLL,WEST,5486,705,12427.85,733,75,1226.07
2026-05-31,GRLL,NORTHEAST,5802,796,13927.96,729,93,1490.91
2026-05-31,GRLL,SOUTHEAST,4661,625,10864.34,636,74,1209.25
2026-05-31,GRLL,MIDWEST,4195,525,9339.25,548,63,1024.11
2026-05-31,GRLL,WEST,6121,733,12748.36,859,101,1725.37
2026-06-01,GRLL,NORTHEAST,6152,786,13812.74,650,83,1298.4
2026-06-01,GRLL,SOUTHEAST,5127,664,11986.28,769,77,1340.69
2026-06-01,GRLL,MIDWEST,4459,571,9697.94,607,73,1174.58
2026-06-01,GRLL,WEST,6053,768,13211.86,831,95,1533.13
2026-06-02,GRLL,NORTHEAST,5371,617,11018.49,741,80,1284.13
2026-06-02,GRLL,SOUTHEAST,4177,536,9149.07,636,69,1201.7
2026-06-02,GRLL,MIDWEST,4121,532,8652.1,577,71,1147.51
2026-06-02,GRLL,WEST,5648,709,12313.26,791,81,1210.7
2026-06-03,GRLL,NORTHEAST,5344,662,11400.45,785,90,1570.47
2026-06-03,GRLL,SOUTHEAST,4944,673,11360.37,612,68,1067.75
2026-06-03,GRLL,MIDWEST,4153,534,9182.7,573,68,1060.11
2026-06-03,GRLL,WEST,6090,839,14264.02,896,113,2058.78
2026-06-04,GRLL,NORTHEAST,5717,643,10621.18,749,89,1427.1
2026-06-04,GRLL,SOUTHEAST,4966,659,11229.2,723,90,1638.94
2026-06-04,GRLL,MIDWEST,4381,557,9750.01,578,61,1043.77
2026-06-04,GRLL,WEST,5841,720,12196.0,752,84,1433.27
2026-06-05,GRLL,NORTHEAST,5424,699,12129.69,842,93,1572.97
2026-06-05,GRLL,SOUTHEAST,4723,577,9810.16,765,88,1468.72
2026-06-05,GRLL,MIDWEST,4130,488,8019.92,666,69,1060.18
2026-06-05,GRLL,WEST,5418,643,10504.94,866,96,1575.2
2026-06-06,GRLL,NORTHEAST,5956,836,14475.66,717,72,1160.01
2026-06-06,GRLL,SOUTHEAST,4620,561,9684.15,619,74,1242.58
2026-06-06,GRLL,MIDWEST,4581,566,10076.86,589,53,852.27
2026-06-06,GRLL,WEST,6330,801,14470.11,808,101,1695.44
2026-06-07,GRLL,NORTHEAST,5270,587,10252.72,785,77,1289.6
2026-06-07,GRLL,SOUTHEAST,4763,562,9119.95,725,91,1542.69
2026-06-07,GRLL,MIDWEST,4064,546,9958.71,529,57,1010.32
2026-06-07,GRLL,WEST,6101,756,13389.5,842,101,1671.83
2026-06-08,GRLL,NORTHEAST,5164,585,10025.39,833,90,1501.31
2026-06-08,GRLL,SOUTHEAST,5003,644,10872.66,678,74,1280.42
2026-06-08,GRLL,MIDWEST,4113,547,9317.72,573,62,1048.8
2026-06-08,GRLL,WEST,5994,725,12034.12,822,80,1350.02
2026-06-09,GRLL,NORTHEAST,5412,756,12590.44,891,101,1642.61
2026-06-09,GRLL,SOUTHEAST,4656,645,10540.6,769,84,1355.52
2026-06-09,GRLL,MIDWEST,4055,508,8608.6,703,86,1322.48
2026-06-09,GRLL,WEST,5409,749,13149.15,845,85,1338.11
2026-06-10,GRLL,NORTHEAST,5215,644,11093.51,783,79,1431.85
2026-06-10,GRLL,SOUTHEAST,4875,602,10508.1,734,71,1181.93
2026-06-10,GRLL,MIDWEST,4263,505,8810.92,596,69,1166.29
2026-06-10,GRLL,WEST,5761,698,12593.84,850,105,1817.14
2026-06-11,GRLL,NORTHEAST,5441,697,12025.8,670,81,1282.57
2026-06-11,GRLL,SOUTHEAST,5167,745,13050.6,601,69,1116.88
2026-06-11,GRLL,MIDWEST,4209,499,9133.43,626,76,1200.25
2026-06-11,GRLL,WEST,5998,797,13725.23,987,116,1914.45
2026-06-12,GRLL,NORTHEAST,5738,638,11584.8,737,86,1336.5
2026-06-12,GRLL,SOUTHEAST,5038,661,11062.44,771,90,1436.2
2026-06-12,GRLL,MIDWEST,4090,544,9359.55,585,69,1154.44
2026-06-12,GRLL,WEST,6208,822,13676.94,765,84,1453.75
2026-06-13,GRLL,NORTHEAST,5398,656,10568.04,806,85,1387.6
2026-06-13,GRLL,SOUTHEAST,5208,624,10638.82,770,86,1384.16
2026-06-13,GRLL,MIDWEST,4692,678,11663.93,640,62,1066.94
2026-06-13,GRLL,WEST,6339,849,15275.42,961,109,1829.27
2026-06-14,GRLL,NORTHEAST,5819,704,12287.54,702,82,1338.99
2026-06-14,GRLL,SOUTHEAST,4931,636,10220.65,715,74,1264.53
2026-06-14,GRLL,MIDWEST,4419,532,8723.71,667,78,1327.92
2026-06-14,GRLL,WEST,7049,855,15067.44,869,87,1455.02
2026-06-15,GRLL,NORTHEAST,5544,670,11028.4,882,110,1787.12
2026-06-15,GRLL,SOUTHEAST,5321,691,11872.85,796,72,1244.5
2026-06-15,GRLL,MIDWEST,4239,571,9709.54,645,76,1262.07
2026-06-15,GRLL,WEST,6042,723,12566.1,808,99,1683.82
2026-06-16,GRLL,NORTHEAST,4903,605,10108.14,809,99,1696.19
2026-06-16,GRLL,SOUTHEAST,5061,669,11538.08,784,76,1210.87
2026-06-16,GRLL,MIDWEST,4232,503,8189.19,586,59,879.12
2026-06-16,GRLL,WEST,5703,801,13929.48,926,109,1776.37
2026-06-17,GRLL,NORTHEAST,5209,695,11924.69,780,83,1395.24
2026-06-17,GRLL,SOUTHEAST,4784,664,12204.97,715,82,1331.81
2026-06-17,GRLL,MIDWEST,4437,556,9494.25,781,76,1287.41
2026-06-17,GRLL,WEST,5456,728,12799.28,835,85,1492.95
2026-06-18,GRLL,NORTHEAST,5762,797,14436.75,814,94,1510.91
2026-06-18,GRLL,SOUTHEAST,4360,549,9553.38,739,86,1462.87
2026-06-18,GRLL,MIDWEST,4667,578,10197.06,707,87,1464.29
2026-06-18,GRLL,WEST,5757,737,12816.28,1087,120,1922.86
2026-06-19,GRLL,NORTHEAST,5443,707,12264.72,780,89,1521.84
2026-06-19,GRLL,SOUTHEAST,4331,598,9831.8,709,81,1379.12
2026-06-19,GRLL,MIDWEST,4383,558,9633.87,724,73,1151.93
2026-06-19,GRLL,WEST,6085,777,13788.98,926,111,1822.58
2026-06-20,GRLL,NORTHEAST,5441,781,13626.29,851,97,1726.54
2026-06-20,GRLL,SOUTHEAST,4694,630,11098.52,807,111,1817.46
2026-06-20,GRLL,MIDWEST,4318,566,9478.93,569,53,819.31
2026-06-20,GRLL,WEST,6244,752,12928.92,788,91,1514.22
2026-06-21,GRLL,NORTHEAST,5011,664,10973.27,948,117,1892.26
2026-06-21,GRLL,SOUTHEAST,5251,668,11628.57,790,89,1386.9
2026-06-21,GRLL,MIDWEST,4269,555,9181.09,690,82,1297.8
2026-06-21,GRLL,WEST,5461,740,12531.92,886,98,1609.54
2026-06-22,GRLL,NORTHEAST,5341,688,12524.38,784,96,1583.06
2026-06-22,GRLL,SOUTHEAST,4419,525,9256.11,725,78,1322.3
2026-06-22,GRLL,MIDWEST,4475,581,9645.05,696,76,1229.81
2026-06-22,GRLL,WEST,5871,769,13203.64,910,107,1879.05
2026-06-23,GRLL,NORTHEAST,5617,683,11876.91,938,110,1891.17
2026-06-23,GRLL,SOUTHEAST,4820,696,12652.46,817,89,1538.29
2026-06-23,GRLL,MIDWEST,4424,556,10081.75,746,72,1173.02
2026-06-23,GRLL,WEST,6640,873,14847.56,1102,128,2217.53
2026-06-24,GRLL,NORTHEAST,5406,699,12190.22,638,70,1166.04
2026-06-24,GRLL,SOUTHEAST,4839,581,9828.1,819,97,1592.61
2026-06-24,GRLL,MIDWEST,4457,576,9988.81,740,76,1257.88
2026-06-24,GRLL,WEST,6235,714,12234.97,1072,116,1789.02
2026-06-25,GRLL,NORTHEAST,5520,734,12745.17,907,114,1801.0
2026-06-25,GRLL,SOUTHEAST,4388,545,8750.73,815,95,1545.79
2026-06-25,GRLL,MIDWEST,4125,507,8762.64,734,85,1308.89
2026-06-25,GRLL,WEST,5602,654,11068.48,1094,123,2018.55
2026-06-26,GRLL,NORTHEAST,5727,772,13062.36,846,96,1598.28
2026-06-26,GRLL,SOUTHEAST,4647,558,9576.73,713,89,1527.59
2026-06-26,GRLL,MIDWEST,4464,543,9311.34,773,99,1621.09
2026-06-26,GRLL,WEST,6129,736,12183.71,1017,106,1682.1
2026-06-27,GRLL,NORTHEAST,5223,691,11658.83,849,102,1716.02
2026-06-27,GRLL,SOUTHEAST,4782,621,10742.42,908,103,1674.02
2026-06-27,GRLL,MIDWEST,4096,509,8833.2,761,78,1302.28
2026-06-27,GRLL,WEST,6043,746,13246.52,994,122,1974.57
2026-06-28,GRLL,NORTHEAST,5635,752,12779.83,964,109,1938.31
2026-06-28,GRLL,SOUTHEAST,4895,660,11335.54,820,93,1611.57
2026-06-28,GRLL,MIDWEST,4566,598,10616.54,729,74,1234.13
2026-06-28,GRLL,WEST,6024,751,12964.9,902,124,2034.55
2026-06-29,GRLL,NORTHEAST,5701,707,11947.9,887,94,1632.44
2026-06-29,GRLL,SOUTHEAST,5158,620,10429.72,917,97,1572.91
2026-06-29,GRLL,MIDWEST,4481,619,10516.17,684,76,1265.21
2026-06-29,GRLL,WEST,5549,705,11535.39,967,82,1399.02
2026-06-30,GRLL,NORTHEAST,5438,678,11672.1,837,91,1405.85
2026-06-30,GRLL,SOUTHEAST,5091,686,12021.69,774,86,1468.7
2026-06-30,GRLL,MIDWEST,4296,562,9478.2,702,82,1295.49
2026-06-30,GRLL,WEST,6021,781,13274.25,960,99,1693.03
2026-07-01,GRLL,NORTHEAST,5765,812,14282.52,898,96,1570.42
2026-07-01,GRLL,SOUTHEAST,4944,636,10544.48,856,91,1418.9
2026-07-01,GRLL,MIDWEST,3992,471,7928.68,740,85,1435.21
2026-07-01,GRLL,WEST,5546,770,12676.03,1052,109,1685.96
2026-07-02,GRLL,NORTHEAST,5667,756,12575.23,933,113,1860.64
2026-07-02,GRLL,SOUTHEAST,4770,608,10861.58,796,94,1589.93
2026-07-02,GRLL,MIDWEST,4250,525,9267.4,746,79,1251.62
2026-07-02,GRLL,WEST,6137,855,15223.19,879,102,1620.18
2026-07-03,GRLL,NORTHEAST,5469,804,14241.28,1022,126,2157.76
2026-07-03,GRLL,SOUTHEAST,4890,595,9991.36,1073,124,2011.59
2026-07-03,GRLL,MIDWEST,4608,547,9554.92,782,82,1393.72
2026-07-03,GRLL,WEST,5706,754,12725.58,1129,138,2414.67
2026-07-04,GRLL,NORTHEAST,5133,687,11872.88,911,105,1719.89
2026-07-04,GRLL,SOUTHEAST,4588,594,10342.76,817,93,1614.65
2026-07-04,GRLL,MIDWEST,4437,595,10026.32,836,93,1444.18
2026-07-04,GRLL,WEST,5526,710,12368.83,1086,115,1865.22
2026-07-05,GRLL,NORTHEAST,5660,707,13196.31,923,113,2033.88
2026-07-05,GRLL,SOUTHEAST,4743,650,11801.95,813,98,1622.86
2026-07-05,GRLL,MIDWEST,4078,486,8472.13,902,110,1680.06
2026-07-05,GRLL,WEST,5918,739,12966.37,1057,128,2036.44
2026-07-06,GRLL,NORTHEAST,5813,748,12847.75,965,104,1718.33
2026-07-06,GRLL,SOUTHEAST,4535,627,10713.95,890,105,1681.9
2026-07-06,GRLL,MIDWEST,4678,640,10273.57,732,82,1309.6
2026-07-06,GRLL,WEST,6079,772,13355.48,1026,117,1973.36
2026-07-07,GRLL,NORTHEAST,5619,784,13421.23,903,105,1820.51
2026-07-07,GRLL,SOUTHEAST,5199,691,11456.28,743,78,1252.97
2026-07-07,GRLL,MIDWEST,4064,503,8575.25,808,85,1409.05
2026-07-07,GRLL,WEST,5656,677,11564.2,1033,106,1787.29
2026-07-08,GRLL,NORTHEAST,5298,670,11340.05,780,82,1368.55
2026-07-08,GRLL,SOUTHEAST,5039,612,11160.75,886,110,1797.77
2026-07-08,GRLL,MIDWEST,4189,596,10177.95,823,88,1511.71
2026-07-08,GRLL,WEST,6345,773,13577.13,944,119,1800.09
2026-07-09,GRLL,NORTHEAST,5531,769,12674.34,1020,116,1760.93
2026-07-09,GRLL,SOUTHEAST,5026,639,11478.79,834,91,1476.8
2026-07-09,GRLL,MIDWEST,4367,516,8800.24,750,89,1497.41
2026-07-09,GRLL,WEST,5483,728,11967.13,974,137,2376.48
2026-07-10,GRLL,NORTHEAST,5108,677,11841.13,1078,118,1993.54
2026-07-10,GRLL,SOUTHEAST,4637,625,10352.5,804,101,1613.87
2026-07-10,GRLL,MIDWEST,4555,564,9498.94,760,82,1252.62
2026-07-10,GRLL,WEST,5937,775,13258.93,1144,114,1923.31
2026-07-11,GRLL,NORTHEAST,5503,759,12719.94,1024,120,1912.29
2026-07-11,GRLL,SOUTHEAST,4836,568,9726.58,1003,122,1953.65
2026-07-11,GRLL,MIDWEST,4222,522,9111.97,784,91,1396.37
2026-07-11,GRLL,WEST,6126,812,13586.41,971,106,1782.35
2026-07-12,GRLL,NORTHEAST,6038,790,13848.34,969,128,2068.6
2026-07-12,GRLL,SOUTHEAST,5039,663,11249.1,766,83,1386.23
2026-07-12,GRLL,MIDWEST,4114,526,9258.77,801,92,1529.29
2026-07-12,GRLL,WEST,5679,730,12307.37,1105,137,2092.27
2026-07-13,GRLL,NORTHEAST,5137,671,12514.56,890,98,1645.71
2026-07-13,GRLL,SOUTHEAST,5008,597,10063.41,889,99,1587.9
2026-07-13,GRLL,MIDWEST,4418,514,8866.71,915,102,1713.1
2026-07-13,GRLL,WEST,5860,773,13605.05,1121,145,2289.94
2026-07-14,GRLL,NORTHEAST,5746,692,12809.91,1009,96,1614.37
2026-07-14,GRLL,SOUTHEAST,4671,594,10596.93,809,94,1500.61
2026-07-14,GRLL,MIDWEST,4366,629,11040.73,773,93,1535.97
2026-07-14,GRLL,WEST,5763,729,12352.63,1039,102,1738.82
2026-07-15,GRLL,NORTHEAST,5556,748,12659.36,996,107,1815.17
2026-07-15,GRLL,SOUTHEAST,4689,567,10205.96,907,91,1449.84
2026-07-15,GRLL,MIDWEST,4135,585,10407.8,830,94,1469.09
2026-07-15,GRLL,WEST,5690,785,13682.57,1117,127,2170.11
2026-07-16,GRLL,NORTHEAST,5503,768,12718.8,880,95,1622.18
2026-07-16,GRLL,SOUTHEAST,5279,622,10408.04,896,109,1753.3
2026-07-16,GRLL,MIDWEST,4372,626,10493.72,811,96,1663.53
2026-07-16,GRLL,WEST,5767,755,13806.85,1130,124,2044.22
2026-07-17,GRLL,NORTHEAST,5534,781,13655.7,1255,145,2513.05
2026-07-17,GRLL,SOUTHEAST,4621,575,10130.2,932,100,1822.17
2026-07-17,GRLL,MIDWEST,4255,532,9840.12,871,103,1747.65
2026-07-17,GRLL,WEST,6289,730,12237.87,1075,132,2324.84
2026-07-18,GRLL,NORTHEAST,5399,685,11831.6,1049,130,2289.5
2026-07-18,GRLL,SOUTHEAST,4470,619,10894.25,1001,113,2011.96
2026-07-18,GRLL,MIDWEST,4125,542,9587.32,887,107,1637.93
2026-07-18,GRLL,WEST,5796,699,12329.16,1170,136,2216.54
2026-07-19,GRLL,NORTHEAST,4986,679,12344.26,897,100,1640.14
2026-07-19,GRLL,SOUTHEAST,4704,671,12055.96,875,93,1536.76
2026-07-19,GRLL,MIDWEST,4340,586,10030.54,752,80,1318.25
2026-07-19,GRLL,WEST,6377,817,14455.74,1160,124,2011.8
2026-07-20,GRLL,NORTHEAST,5339,751,13628.34,991,118,1993.5
2026-07-20,GRLL,SOUTHEAST,4803,611,10601.15,1017,129,2237.59
2026-07-20,GRLL,MIDWEST,4589,578,9595.35,804,87,1395.94
2026-07-20,GRLL,WEST,6826,861,14656.81,1125,131,2247.86
2026-07-21,GRLL,NORTHEAST,5360,741,13276.98,947,102,1670.86
2026-07-21,GRLL,SOUTHEAST,4571,629,11269.89,875,101,1714.1
2026-07-21,GRLL,MIDWEST,4245,546,9067.44,768,93,1565.52
2026-07-21,GRLL,WEST,6441,827,14430.08,1107,122,2168.03
2026-07-22,GRLL,NORTHEAST,5277,753,12582.57,983,113,1847.04
2026-07-22,GRLL,SOUTHEAST,5081,640,11213.69,906,98,1546.83
2026-07-22,GRLL,MIDWEST,4426,511,8866.16,1001,107,1673.54
2026-07-22,GRLL,WEST,5676,756,13590.84,976,107,1789.24
2026-07-23,GRLL,NORTHEAST,6079,753,12969.83,1202,146,2344.5
2026-07-23,GRLL,SOUTHEAST,4935,676,10933.71,913,118,1979.54
2026-07-23,GRLL,MIDWEST,4113,591,10688.32,1021,115,1837.88
2026-07-23,GRLL,WEST,6218,794,13558.55,1155,124,2155.14
2026-07-24,GRLL,NORTHEAST,5402,640,10768.65,1189,136,2088.44
2026-07-24,GRLL,SOUTHEAST,4683,586,10094.49,919,99,1679.25
2026-07-24,GRLL,MIDWEST,4735,680,10779.25,951,112,1818.55
2026-07-24,GRLL,WEST,6203,820,13946.56,1134,149,2575.96
2026-07-25,GRLL,NORTHEAST,5034,606,10918.47,1124,133,2321.17
2026-07-25,GRLL,SOUTHEAST,4572,600,10191.19,972,118,1984.51
2026-07-25,GRLL,MIDWEST,4455,534,9782.58,849,93,1453.13
2026-07-25,GRLL,WEST,6262,841,14276.69,1064,130,2079.92
2026-07-26,GRLL,NORTHEAST,5514,744,12993.64,1254,154,2620.96
2026-07-26,GRLL,SOUTHEAST,4898,652,10964.75,1004,94,1546.07
2026-07-26,GRLL,MIDWEST,4596,556,9292.35,967,109,1677.61
2026-07-26,GRLL,WEST,6036,763,12836.0,1351,168,2770.54
2026-07-27,GRLL,NORTHEAST,5166,698,12176.4,922,112,1895.52
2026-07-27,GRLL,SOUTHEAST,4671,608,10506.59,909,102,1636.86
2026-07-27,GRLL,MIDWEST,4528,610,10252.17,913,83,1391.61
2026-07-27,GRLL,WEST,5651,735,12671.42,1289,156,2486.52
2026-07-28,GRLL,NORTHEAST,5080,778,13863.36,1217,141,2340.21
2026-07-28,GRLL,SOUTHEAST,5030,694,11890.88,885,112,1939.28
2026-07-28,GRLL,MIDWEST,4437,562,9397.4,811,111,1806.38
2026-07-28,GRLL,WEST,5833,760,13072.33,1006,120,2100.13
2026-07-29,GRLL,NORTHEAST,5281,723,12305.8,1010,115,1936.3
2026-07-29,GRLL,SOUTHEAST,4503,629,10909.41,951,107,1817.27
2026-07-29,GRLL,MIDWEST,4459,611,9872.55,875,85,1431.05
2026-07-29,GRLL,WEST,6176,804,13707.54,1008,107,1697.44
2026-07-30,GRLL,NORTHEAST,5533,723,12671.24,1087,122,2131.09
2026-07-30,GRLL,SOUTHEAST,4889,627,10672.22,1012,110,1857.92
2026-07-30,GRLL,MIDWEST,4207,565,9933.77,885,102,1723.42
2026-07-30,GRLL,WEST,5659,713,12587.0,1363,162,2542.71
2026-07-31,GRLL,NORTHEAST,5118,656,11419.49,1089,115,2018.99
2026-07-31,GRLL,SOUTHEAST,4618,561,9869.98,1005,118,2083.95
2026-07-31,GRLL,MIDWEST,4258,578,9713.62,1001,112,1884.97
2026-07-31,GRLL,WEST,5764,760,13026.11,1167,133,2208.1
2026-08-01,GRLL,NORTHEAST,5519,732,12710.12,1111,113,1889.33
2026-08-01,GRLL,SOUTHEAST,4780,628,11328.32,831,93,1592.64
2026-08-01,GRLL,MIDWEST,4254,557,9323.34,1018,111,1892.09
2026-08-01,GRLL,WEST,6714,805,14307.74,1188,150,2393.59
2026-08-02,GRLL,NORTHEAST,5094,684,11925.31,1124,130,2285.64
2026-08-02,GRLL,SOUTHEAST,5305,682,11798.34,1087,118,1859.93
2026-08-02,GRLL,MIDWEST,4118,595,10341.02,790,84,1331.8
2026-08-02,GRLL,WEST,6037,799,13853.58,1164,114,2021.73
2026-08-03,GRLL,NORTHEAST,5598,660,10753.37,1095,127,2088.93
2026-08-03,GRLL,SOUTHEAST,4914,653,11645.08,925,115,1901.62
2026-08-03,GRLL,MIDWEST,4301,586,10200.39,1029,108,1780.06
2026-08-03,GRLL,WEST,5761,813,14566.02,1222,137,2271.48
2026-08-04,GRLL,NORTHEAST,5450,676,11845.84,1370,154,2401.48
2026-08-04,GRLL,SOUTHEAST,4864,679,11620.6,1107,122,2234.28
2026-08-04,GRLL,MIDWEST,4526,558,9574.95,738,67,1132.62
2026-08-04,GRLL,WEST,6121,816,14499.57,1086,126,2121.27
2026-08-05,GRLL,NORTHEAST,5429,701,11959.15,1032,110,1897.32
2026-08-05,GRLL,SOUTHEAST,4976,644,11172.09,1020,100,1714.33
2026-08-05,GRLL,MIDWEST,4623,588,10198.68,871,98,1771.87
2026-08-05,GRLL,WEST,5933,797,13159.83,1096,122,2019.75
2026-08-06,GRLL,NORTHEAST,5903,772,12790.3,1301,145,2450.57
2026-08-06,GRLL,SOUTHEAST,4878,713,12298.28,1120,111,1892.87
2026-08-06,GRLL,MIDWEST,4212,562,9361.27,773,96,1637.39
2026-08-06,GRLL,WEST,5825,758,13201.21,1272,141,2359.36
2026-08-07,GRLL,NORTHEAST,5810,752,12511.33,1153,122,1985.05
2026-08-07,GRLL,SOUTHEAST,5164,600,10528.61,1150,127,1925.41
2026-08-07,GRLL,MIDWEST,4024,550,9145.93,822,96,1711.61
2026-08-07,GRLL,WEST,5648,785,13305.36,1320,130,2226.17
2026-08-08,GRLL,NORTHEAST,5159,659,11219.87,1213,133,2070.28
2026-08-08,GRLL,SOUTHEAST,5148,721,12396.98,960,108,1686.5
2026-08-08,GRLL,MIDWEST,4219,531,8923.39,1003,119,1868.08
2026-08-08,GRLL,WEST,5990,783,12475.78,1165,141,2272.35
2026-08-09,GRLL,NORTHEAST,5374,672,11668.81,1169,141,2404.13
2026-08-09,GRLL,SOUTHEAST,4579,576,10323.43,960,108,1742.37
2026-08-09,GRLL,MIDWEST,4309,463,7987.78,931,106,1683.08
2026-08-09,GRLL,WEST,5686,820,13989.76,1220,157,2585.5
2026-08-10,GRLL,NORTHEAST,5818,844,14652.22,1103,121,1903.54
2026-08-10,GRLL,SOUTHEAST,4832,649,11100.66,1053,114,1921.2
2026-08-10,GRLL,MIDWEST,4522,549,9475.37,919,100,1608.06
2026-08-10,GRLL,WEST,5879,777,13408.57,1183,154,2629.57
2026-08-11,GRLL,NORTHEAST,5411,790,14064.54,1151,110,1741.27
2026-08-11,GRLL,SOUTHEAST,4647,589,9942.68,1054,122,2054.07
2026-08-11,GRLL,MIDWEST,4426,606,10631.75,844,100,1803.44
2026-08-11,GRLL,WEST,6058,768,13484.01,1298,131,2225.51
2026-08-12,GRLL,NORTHEAST,5335,727,11980.17,1132,116,1784.49
2026-08-12,GRLL,SOUTHEAST,4626,602,10166.62,914,95,1594.67
2026-08-12,GRLL,MIDWEST,4260,619,10861.4,919,103,1686.09
2026-08-12,GRLL,WEST,5710,815,13896.65,1389,144,2386.14
2026-08-13,GRLL,NORTHEAST,5360,771,13711.36,1191,144,2336.78
2026-08-13,GRLL,SOUTHEAST,4600,636,10322.31,1052,129,2201.35
2026-08-13,GRLL,MIDWEST,4442,611,10756.6,974,105,1774.81
2026-08-13,GRLL,WEST,5804,859,14210.74,1188,134,2230.3
2026-08-14,GRLL,NORTHEAST,6026,824,14095.7,1017,117,1990.92
2026-08-14,GRLL,SOUTHEAST,4854,675,11729.61,1089,125,2042.08
2026-08-14,GRLL,MIDWEST,4207,579,10180.77,884,117,2007.35
2026-08-14,GRLL,WEST,6288,834,14431.61,1391,147,2354.3
2026-08-15,GRLL,NORTHEAST,5372,768,13301.85,1066,122,1921.46
2026-08-15,GRLL,SOUTHEAST,4597,644,11056.41,951,106,1613.64
2026-08-15,GRLL,MIDWEST,4554,545,9354.43,1029,105,1676.68
2026-08-15,GRLL,WEST,6302,831,14410.51,1179,143,2431.21
2026-08-16,GRLL,NORTHEAST,5365,738,11996.61,1038,141,2439.48
2026-08-16,GRLL,SOUTHEAST,4961,653,11588.38,1060,123,2064.81
2026-08-16,GRLL,MIDWEST,4140,517,8809.49,1040,117,1881.45
2026-08-16,GRLL,WEST,5811,660,11562.21,1441,167,2730.32
2026-08-17,GRLL,NORTHEAST,5682,769,12771.84,1255,149,2433.63
2026-08-17,GRLL,SOUTHEAST,4746,613,10913.87,1098,119,2015.78
2026-08-17,GRLL,MIDWEST,4557,575,10258.74,844,92,1553.74
2026-08-17,GRLL,WEST,6169,695,11858.83,1133,153,2434.28
2026-08-18,GRLL,NORTHEAST,5574,765,13173.5,1289,150,2334.31
2026-08-18,GRLL,SOUTHEAST,5226,663,11792.27,1147,151,2305.69
2026-08-18,GRLL,MIDWEST,4219,543,9328.32,793,82,1409.63
2026-08-18,GRLL,WEST,6140,736,12047.1,1268,140,2361.74
2026-08-19,GRLL,NORTHEAST,5388,691,11865.1,1061,130,2162.32
2026-08-19,GRLL,SOUTHEAST,5042,707,12902.47,851,100,1604.91
2026-08-19,GRLL,MIDWEST,4290,565,9548.51,933,111,1756.6
2026-08-19,GRLL,WEST,6193,853,14355.01,1534,165,2732.67
2026-08-20,GRLL,NORTHEAST,5276,740,12838.39,1202,135,2164.53
2026-08-20,GRLL,SOUTHEAST,4424,529,9065.44,1103,127,1997.32
2026-08-20,GRLL,MIDWEST,4611,635,10746.76,872,100,1705.82
2026-08-20,GRLL,WEST,6051,827,13384.96,1345,153,2526.12
2026-08-21,GRLL,NORTHEAST,5611,737,13387.36,1189,144,2511.03
2026-08-21,GRLL,SOUTHEAST,4236,595,10001.35,1142,140,2300.65
2026-08-21,GRLL,MIDWEST,4499,597,10197.72,962,117,1737.67
2026-08-21,GRLL,WEST,6090,866,14028.65,1628,151,2458.14
2026-08-22,GRLL,NORTHEAST,5478,774,13331.35,1265,138,2127.53
2026-08-22,GRLL,SOUTHEAST,4772,527,9333.56,1112,116,1955.44
2026-08-22,GRLL,MIDWEST,4275,601,10277.17,976,117,1853.87
2026-08-22,GRLL,WEST,5603,793,14250.95,1380,146,2395.01
2026-08-23,GRLL,NORTHEAST,5474,711,12553.43,1342,178,3053.62
2026-08-23,GRLL,SOUTHEAST,5080,689,11750.77,1062,114,1796.79
2026-08-23,GRLL,MIDWEST,4436,577,9921.24,986,105,1687.84
2026-08-23,GRLL,WEST,5958,783,13411.36,1412,183,3176.1
2026-08-24,GRLL,NORTHEAST,6204,810,14316.81,1344,134,2105.14
2026-08-24,GRLL,SOUTHEAST,4805,618,10471.91,1096,117,1820.75
2026-08-24,GRLL,MIDWEST,4323,580,9783.77,998,125,1950.93
2026-08-24,GRLL,WEST,5959,765,13473.83,1468,171,2822.81
2026-08-25,GRLL,NORTHEAST,5339,796,12765.21,1248,123,2066.83
2026-08-25,GRLL,SOUTHEAST,4859,650,11173.98,1209,155,2526.59
2026-08-25,GRLL,MIDWEST,4049,501,8703.67,936,112,2053.0
2026-08-25,GRLL,WEST,6286,908,15957.34,1312,152,2488.16
2026-08-26,GRLL,NORTHEAST,5363,726,12447.03,1356,156,2652.18
2026-08-26,GRLL,SOUTHEAST,4580,551,9266.02,1207,128,2045.65
2026-08-26,GRLL,MIDWEST,4311,592,9956.05,1064,131,2192.0
2026-08-26,GRLL,WEST,6260,825,14440.87,1302,164,2538.26
2026-08-27,GRLL,NORTHEAST,5839,724,12179.5,1180,139,2319.53
2026-08-27,GRLL,SOUTHEAST,4690,630,10845.91,1143,123,2186.38
2026-08-27,GRLL,MIDWEST,4387,593,10006.71,1024,114,1783.08
2026-08-27,GRLL,WEST,6122,774,13483.19,1297,135,2224.13
2026-08-28,GRLL,NORTHEAST,5467,773,13602.29,1156,135,2177.9
2026-08-28,GRLL,SOUTHEAST,5058,705,11644.47,1090,127,2134.26
2026-08-28,GRLL,MIDWEST,4399,615,10995.71,999,130,2236.68
2026-08-28,GRLL,WEST,5295,758,13488.32,1190,147,2232.53
2026-08-29,GRLL,NORTHEAST,5614,726,12882.28,1281,155,2484.37
2026-08-29,GRLL,SOUTHEAST,4928,637,11072.63,1127,133,2114.91
2026-08-29,GRLL,MIDWEST,4043,546,9518.51,1113,138,2329.32
2026-08-29,GRLL,WEST,5758,764,13075.36,1402,155,2488.41
2026-08-30,GRLL,NORTHEAST,4792,715,12632.69,1153,124,2156.86
2026-08-30,GRLL,SOUTHEAST,4497,623,10831.23,1179,133,2088.69
2026-08-30,GRLL,MIDWEST,4799,657,11903.21,1080,121,2165.46
2026-08-30,GRLL,WEST,5746,795,13759.04,1344,163,2608.79
2026-03-02,SALD,NORTHEAST,2273,291,5047.19,202,22,368.56
2026-03-02,SALD,SOUTHEAST,2190,255,4435.99,174,18,313.62
2026-03-02,SALD,MIDWEST,1792,244,4492.59,153,15,240.33
2026-03-02,SALD,WEST,2796,350,6169.74,227,28,502.03
2026-03-03,SALD,NORTHEAST,2391,302,5312.6,225,27,462.21
2026-03-03,SALD,SOUTHEAST,2137,291,5468.83,198,22,372.8
2026-03-03,SALD,MIDWEST,1919,236,4207.43,162,20,349.01
2026-03-03,SALD,WEST,2676,346,6161.2,198,23,411.1
2026-03-04,SALD,NORTHEAST,2524,336,6023.05,202,21,372.38
2026-03-04,SALD,SOUTHEAST,2052,242,4157.31,205,27,465.58
2026-03-04,SALD,MIDWEST,1944,251,4431.36,146,15,268.04
2026-03-04,SALD,WEST,2592,342,6212.24,237,26,470.26
2026-03-05,SALD,NORTHEAST,2435,320,5733.94,232,24,402.2
2026-03-05,SALD,SOUTHEAST,2351,315,5170.48,176,17,303.96
2026-03-05,SALD,MIDWEST,1940,239,4330.51,196,19,295.9
2026-03-05,SALD,WEST,2847,359,6442.45,209,23,428.21
2026-03-06,SALD,NORTHEAST,2239,270,4629.4,240,23,415.05
2026-03-06,SALD,SOUTHEAST,2281,262,4801.99,176,19,340.38
2026-03-06,SALD,MIDWEST,1948,260,4623.67,212,24,442.88
2026-03-06,SALD,WEST,2853,369,6526.79,263,27,462.82
2026-03-07,SALD,NORTHEAST,2497,322,5698.55,225,30,497.62
2026-03-07,SALD,SOUTHEAST,2306,304,5186.19,203,21,353.72
2026-03-07,SALD,MIDWEST,2026,260,4571.98,178,17,299.92
2026-03-07,SALD,WEST,2849,372,6839.86,268,30,535.11
2026-03-08,SALD,NORTHEAST,2403,271,4749.71,287,31,502.65
2026-03-08,SALD,SOUTHEAST,2238,289,5022.71,240,30,477.81
2026-03-08,SALD,MIDWEST,1882,234,4036.02,191,23,400.47
2026-03-08,SALD,WEST,2868,422,7970.36,294,36,566.5
2026-03-09,SALD,NORTHEAST,2348,305,5460.47,286,37,658.76
2026-03-09,SALD,SOUTHEAST,2233,300,5089.93,218,24,374.63
2026-03-09,SALD,MIDWEST,1935,240,4141.34,226,28,461.53
2026-03-09,SALD,WEST,2418,304,5337.07,289,33,529.62
2026-03-10,SALD,NORTHEAST,2553,333,5808.52,295,29,458.47
2026-03-10,SALD,SOUTHEAST,2200,289,5059.59,253,25,425.86
2026-03-10,SALD,MIDWEST,1934,232,4158.43,205,24,401.2
2026-03-10,SALD,WEST,2635,353,6165.06,268,29,496.41
2026-03-11,SALD,NORTHEAST,2358,308,5663.76,252,27,441.5
2026-03-11,SALD,SOUTHEAST,2058,262,4512.79,254,31,524.19
2026-03-11,SALD,MIDWEST,1905,242,4061.68,224,24,437.82
2026-03-11,SALD,WEST,2801,370,6485.11,290,34,564.97
2026-03-12,SALD,NORTHEAST,2233,320,5949.01,276,33,548.1
2026-03-12,SALD,SOUTHEAST,2156,289,5329.5,265,26,465.44
2026-03-12,SALD,MIDWEST,1921,268,4707.25,211,22,385.99
2026-03-12,SALD,WEST,2412,325,5510.93,320,39,662.76
2026-03-13,SALD,NORTHEAST,2193,262,4559.07,305,33,575.19
2026-03-13,SALD,SOUTHEAST,2065,261,4851.96,223,25,413.53
2026-03-13,SALD,MIDWEST,1992,250,4634.74,197,20,350.72
2026-03-13,SALD,WEST,2600,349,6094.59,298,33,565.44
2026-03-14,SALD,NORTHEAST,2432,323,6024.67,265,34,568.69
2026-03-14,SALD,SOUTHEAST,2096,290,4969.27,257,25,415.83
2026-03-14,SALD,MIDWEST,2026,271,4511.74,267,30,533.36
2026-03-14,SALD,WEST,2650,326,5863.68,315,35,621.02
2026-03-15,SALD,NORTHEAST,2274,299,5296.05,319,35,560.01
2026-03-15,SALD,SOUTHEAST,2104,278,4654.41,264,27,464.22
2026-03-15,SALD,MIDWEST,2167,274,4956.72,263,32,515.12
2026-03-15,SALD,WEST,2552,341,5938.21,334,34,624.76
2026-03-16,SALD,NORTHEAST,2331,281,5022.92,303,35,573.0
2026-03-16,SALD,SOUTHEAST,2071,284,5084.13,295,35,580.56
2026-03-16,SALD,MIDWEST,1855,218,4018.39,280,32,563.84
2026-03-16,SALD,WEST,2677,321,5355.25,363,37,595.92
2026-03-17,SALD,NORTHEAST,2400,311,5364.96,330,42,736.82
2026-03-17,SALD,SOUTHEAST,2395,322,5859.47,253,28,482.67
2026-03-17,SALD,MIDWEST,1947,263,4475.35,315,36,636.47
2026-03-17,SALD,WEST,2432,303,5398.31,332,35,608.44
2026-03-18,SALD,NORTHEAST,2422,302,5401.26,341,39,649.59
2026-03-18,SALD,SOUTHEAST,2116,281,4831.38,355,41,712.73
2026-03-18,SALD,MIDWEST,1718,217,3869.08,256,26,437.28
2026-03-18,SALD,WEST,2598,359,6650.22,392,43,746.36
2026-03-19,SALD,NORTHEAST,2238,284,4832.18,347,39,671.21
2026-03-19,SALD,SOUTHEAST,2165,237,4080.47,308,36,605.0
2026-03-19,SALD,MIDWEST,2034,250,4472.3,296,30,515.27
2026-03-19,SALD,WEST,2597,313,5237.98,352,40,704.45
2026-03-20,SALD,NORTHEAST,2435,341,5841.46,262,30,492.5
2026-03-20,SALD,SOUTHEAST,2441,323,5665.81,334,40,678.43
2026-03-20,SALD,MIDWEST,1972,264,4615.46,308,36,640.04
2026-03-20,SALD,WEST,2698,322,5733.22,386,44,750.73
2026-03-21,SALD,NORTHEAST,2380,305,5396.56,370,45,796.35
2026-03-21,SALD,SOUTHEAST,2254,287,5085.68,336,35,593.21
2026-03-21,SALD,MIDWEST,1902,215,3703.1,270,31,522.77
2026-03-21,SALD,WEST,2672,330,5690.48,379,39,685.79
2026-03-22,SALD,NORTHEAST,2192,313,5370.67,327,40,695.58
2026-03-22,SALD,SOUTHEAST,2255,309,5297.66,305,38,632.65
2026-03-22,SALD,MIDWEST,1877,235,4093.73,288,37,646.9
2026-03-22,SALD,WEST,2807,385,6772.08,389,45,755.88
2026-03-23,SALD,NORTHEAST,2437,288,5315.18,366,38,652.21
2026-03-23,SALD,SOUTHEAST,2109,265,4539.49,330,35,629.95
2026-03-23,SALD,MIDWEST,1913,228,3974.12,315,35,555.38
2026-03-23,SALD,WEST,2424,323,5857.45,464,55,973.21
2026-03-24,SALD,NORTHEAST,2280,281,4757.84,408,50,856.83
2026-03-24,SALD,SOUTHEAST,2038,267,4717.47,353,40,708.68
2026-03-24,SALD,MIDWEST,1968,253,4279.96,317,40,668.66
2026-03-24,SALD,WEST,2823,365,6275.75,440,52,862.12
2026-03-25,SALD,NORTHEAST,2575,336,5900.56,349,37,633.19
2026-03-25,SALD,SOUTHEAST,2285,256,4438.93,369,42,661.72
2026-03-25,SALD,MIDWEST,1946,236,4156.09,331,33,522.27
2026-03-25,SALD,WEST,2815,342,5943.15,404,46,753.58
2026-03-26,SALD,NORTHEAST,2380,328,6064.63,461,55,899.51
2026-03-26,SALD,SOUTHEAST,2345,299,5414.62,368,41,655.59
2026-03-26,SALD,MIDWEST,1806,244,4705.18,319,36,650.03
2026-03-26,SALD,WEST,2663,369,6502.43,479,56,963.67
2026-03-27,SALD,NORTHEAST,2428,282,4670.24,464,54,927.46
2026-03-27,SALD,SOUTHEAST,2338,334,6033.69,418,56,939.59
2026-03-27,SALD,MIDWEST,1843,246,4235.04,303,40,631.6
2026-03-27,SALD,WEST,2556,314,5826.73,404,45,762.87
2026-03-28,SALD,NORTHEAST,2255,291,5199.55,447,51,930.89
2026-03-28,SALD,SOUTHEAST,2030,287,4885.76,390,42,703.47
2026-03-28,SALD,MIDWEST,1888,202,3660.02,334,36,657.5
2026-03-28,SALD,WEST,2521,307,5346.28,454,53,896.72
2026-03-29,SALD,NORTHEAST,2043,254,4462.41,442,48,782.61
2026-03-29,SALD,SOUTHEAST,2137,298,5314.78,436,48,827.94
2026-03-29,SALD,MIDWEST,2002,235,4383.75,398,53,919.92
2026-03-29,SALD,WEST,2642,345,6036.07,424,47,850.52
2026-03-30,SALD,NORTHEAST,2541,287,5094.5,415,45,746.17
2026-03-30,SALD,SOUTHEAST,2118,304,5309.48,400,45,749.99
2026-03-30,SALD,MIDWEST,1877,210,3702.73,364,43,737.1
2026-03-30,SALD,WEST,2695,350,5993.65,410,56,936.35
2026-03-31,SALD,NORTHEAST,2367,242,4366.57,439,50,876.79
2026-03-31,SALD,SOUTHEAST,2128,265,4591.87,449,50,852.74
2026-03-31,SALD,MIDWEST,1883,217,3863.4,369,41,695.35
2026-03-31,SALD,WEST,2479,312,5487.98,548,69,1218.21
2026-04-01,SALD,NORTHEAST,2264,269,5069.68,473,54,896.19
2026-04-01,SALD,SOUTHEAST,2278,290,4844.31,392,53,888.09
2026-04-01,SALD,MIDWEST,1980,265,4651.98,397,49,854.87
2026-04-01,SALD,WEST,2888,371,6643.6,497,52,845.93
2026-04-02,SALD,NORTHEAST,2290,329,5980.57,487,50,846.66
2026-04-02,SALD,SOUTHEAST,2171,286,5018.94,400,39,653.06
2026-04-02,SALD,MIDWEST,1985,271,4724.59,379,42,720.28
2026-04-02,SALD,WEST,2655,343,5750.81,545,59,1013.88
2026-04-03,SALD,NORTHEAST,2388,271,4893.15,501,64,1049.68
2026-04-03,SALD,SOUTHEAST,1861,235,4215.42,472,53,874.07
2026-04-03,SALD,MIDWEST,1785,193,3351.7,394,43,751.53
2026-04-03,SALD,WEST,2736,334,5826.24,551,65,1124.33
2026-04-04,SALD,NORTHEAST,2470,287,5331.25,472,58,1035.33
2026-04-04,SALD,SOUTHEAST,2103,248,4523.39,449,58,919.02
2026-04-04,SALD,MIDWEST,1878,231,4218.86,396,43,729.96
2026-04-04,SALD,WEST,2779,353,6590.61,530,70,1166.57
2026-04-05,SALD,NORTHEAST,2189,276,4983.71,441,47,806.76
2026-04-05,SALD,SOUTHEAST,2376,336,5894.39,403,43,727.05
2026-04-05,SALD,MIDWEST,1853,227,4254.68,401,39,662.09
2026-04-05,SALD,WEST,2760,363,6558.56,657,77,1331.17
2026-04-06,SALD,NORTHEAST,2473,295,5293.52,542,61,1091.33
2026-04-06,SALD,SOUTHEAST,2355,286,4989.87,388,37,655.74
2026-04-06,SALD,MIDWEST,1741,223,4113.93,402,38,666.24
2026-04-06,SALD,WEST,2682,361,6458.61,470,52,878.02
2026-04-07,SALD,NORTHEAST,2534,311,5609.84,531,58,949.28
2026-04-07,SALD,SOUTHEAST,2066,255,4290.62,518,58,940.69
2026-04-07,SALD,MIDWEST,2105,278,4939.85,379,42,681.49
2026-04-07,SALD,WEST,2542,325,5692.23,542,63,1020.03
2026-04-08,SALD,NORTHEAST,2303,292,4974.43,557,63,1033.21
2026-04-08,SALD,SOUTHEAST,2081,255,4462.5,530,58,1009.4
2026-04-08,SALD,MIDWEST,2029,267,4802.67,407,42,695.49
2026-04-08,SALD,WEST,2702,349,6253.42,580,67,1168.33
2026-04-09,SALD,NORTHEAST,2468,272,4709.45,529,62,1032.95
2026-04-09,SALD,SOUTHEAST,2098,246,4341.19,472,48,754.45
2026-04-09,SALD,MIDWEST,1891,256,4469.82,428,49,811.5
2026-04-09,SALD,WEST,2558,321,5724.29,532,58,937.81
2026-04-10,SALD,NORTHEAST,2466,337,6041.77,561,71,1211.35
2026-04-10,SALD,SOUTHEAST,2148,272,4676.02,423,54,908.57
2026-04-10,SALD,MIDWEST,1998,262,4568.51,439,50,868.65
2026-04-10,SALD,WEST,2703,357,6126.31,646,77,1291.81
2026-04-11,SALD,NORTHEAST,2408,321,5738.26,559,65,1065.08
2026-04-11,SALD,SOUTHEAST,2245,291,5287.69,501,57,943.61
2026-04-11,SALD,MIDWEST,1898,258,4604.66,451,48,770.72
2026-04-11,SALD,WEST,2597,340,6147.35,617,68,1207.94
2026-04-12,SALD,NORTHEAST,2238,286,5260.66,555,68,1203.31
2026-04-12,SALD,SOUTHEAST,2249,282,5124.52,464,61,1026.3
2026-04-12,SALD,MIDWEST,1973,252,4573.15,436,51,841.65
2026-04-12,SALD,WEST,2526,294,5096.17,607,62,968.24
2026-04-13,SALD,NORTHEAST,2386,282,5103.9,585,59,942.29
2026-04-13,SALD,SOUTHEAST,2202,289,5087.28,456,54,915.42
2026-04-13,SALD,MIDWEST,1881,218,3777.09,421,52,888.81
2026-04-13,SALD,WEST,2766,332,5798.48,581,67,1059.74
2026-04-14,SALD,NORTHEAST,2495,342,5819.97,562,58,957.51
2026-04-14,SALD,SOUTHEAST,2127,265,4855.53,463,46,789.4
2026-04-14,SALD,MIDWEST,1806,240,4058.42,456,52,882.56
2026-04-14,SALD,WEST,2408,317,5767.52,666,76,1371.4
2026-04-15,SALD,NORTHEAST,2239,288,5178.28,534,61,1071.59
2026-04-15,SALD,SOUTHEAST,2125,244,4171.33,470,63,1044.93
2026-04-15,SALD,MIDWEST,1836,209,3859.45,468,54,943.78
2026-04-15,SALD,WEST,2863,352,6245.33,609,65,1143.06
2026-04-16,SALD,NORTHEAST,2237,273,4899.86,520,57,906.53
2026-04-16,SALD,SOUTHEAST,2320,317,5869.21,546,59,967.73
2026-04-16,SALD,MIDWEST,1979,266,4686.49,484,53,934.06
2026-04-16,SALD,WEST,2769,362,6297.68,625,66,1042.73
2026-04-17,SALD,NORTHEAST,2396,290,5139.4,602,74,1263.48
2026-04-17,SALD,SOUTHEAST,2102,250,4215.71,501,61,1036.34
2026-04-17,SALD,MIDWEST,1577,212,3848.84,498,63,1104.35
2026-04-17,SALD,WEST,2700,333,6060.0,662,77,1238.84
2026-04-18,SALD,NORTHEAST,2386,305,5622.79,541,55,914.17
2026-04-18,SALD,SOUTHEAST,2130,279,4811.34,533,61,1054.4
2026-04-18,SALD,MIDWEST,2047,280,5084.45,517,59,1012.07
2026-04-18,SALD,WEST,2589,331,6263.59,655,84,1432.89
2026-04-19,SALD,NORTHEAST,2274,265,4491.84,610,77,1333.76
2026-04-19,SALD,SOUTHEAST,2098,284,4987.32,498,49,870.95
2026-04-19,SALD,MIDWEST,1937,219,3961.56,530,65,1055.92
2026-04-19,SALD,WEST,2739,343,6021.54,681,72,1224.84
2026-04-20,SALD,NORTHEAST,2234,312,5750.13,671,82,1334.55
2026-04-20,SALD,SOUTHEAST,2133,274,4836.61,612,73,1181.85
2026-04-20,SALD,MIDWEST,1942,236,4055.08,516,55,949.61
2026-04-20,SALD,WEST,2448,317,5389.95,789,88,1454.55
2026-04-21,SALD,NORTHEAST,2585,342,6012.11,634,68,1241.54
2026-04-21,SALD,SOUTHEAST,2200,265,4874.57,544,67,1041.4
2026-04-21,SALD,MIDWEST,1925,253,4357.3,491,55,931.38
2026-04-21,SALD,WEST,2666,355,6339.22,781,71,1250.75
2026-04-22,SALD,NORTHEAST,2528,330,6043.25,696,80,1424.48
2026-04-22,SALD,SOUTHEAST,2322,285,5111.37,454,53,888.81
2026-04-22,SALD,MIDWEST,1952,240,4452.6,572,68,1164.97
2026-04-22,SALD,WEST,2517,296,5477.11,655,77,1372.41
2026-04-23,SALD,NORTHEAST,2566,329,5451.37,574,65,1071.57
2026-04-23,SALD,SOUTHEAST,2461,300,5278.95,527,57,978.64
2026-04-23,SALD,MIDWEST,2026,258,4578.36,467,51,840.22
2026-04-23,SALD,WEST,2611,343,5954.51,778,80,1370.61
2026-04-24,SALD,NORTHEAST,2271,270,4748.16,586,66,1176.06
2026-04-24,SALD,SOUTHEAST,2078,265,4728.08,594,67,1015.58
2026-04-24,SALD,MIDWEST,2061,268,4796.36,528,61,1015.73
2026-04-24,SALD,WEST,2642,303,5467.48,699,75,1244.67
2026-04-25,SALD,NORTHEAST,2536,319,5372.5,661,65,1091.22
2026-04-25,SALD,SOUTHEAST,2047,264,4873.88,626,57,954.84
2026-04-25,SALD,MIDWEST,1778,229,3843.8,501,59,955.4
2026-04-25,SALD,WEST,2648,358,6033.19,733,78,1372.65
2026-04-26,SALD,NORTHEAST,2423,289,5113.5,752,68,1132.17
2026-04-26,SALD,SOUTHEAST,2172,272,4782.88,557,66,1093.82
2026-04-26,SALD,MIDWEST,1771,217,3701.07,543,64,1120.79
2026-04-26,SALD,WEST,2564,344,6221.51,753,80,1361.02
2026-04-27,SALD,NORTHEAST,2422,296,5116.58,745,78,1315.18
2026-04-27,SALD,SOUTHEAST,2218,290,5311.5,641,61,1016.08
2026-04-27,SALD,MIDWEST,1906,230,4082.33,586,65,988.86
2026-04-27,SALD,WEST,2442,315,5445.77,799,84,1380.61
2026-04-28,SALD,NORTHEAST,2481,291,5093.45,767,80,1407.18
2026-04-28,SALD,SOUTHEAST,2358,274,4884.32,659,77,1333.97
2026-04-28,SALD,MIDWEST,1765,201,3546.38,535,56,940.05
2026-04-28,SALD,WEST,2667,355,6581.32,837,88,1498.32
2026-04-29,SALD,NORTHEAST,2457,306,5122.49,786,88,1517.82
2026-04-29,SALD,SOUTHEAST,2186,289,5025.32,610,80,1385.99
2026-04-29,SALD,MIDWEST,1939,242,4419.85,550,65,1137.42
2026-04-29,SALD,WEST,2560,336,5832.4,791,86,1471.58
2026-04-30,SALD,NORTHEAST,2475,324,5437.62,753,79,1313.85
2026-04-30,SALD,SOUTHEAST,2286,252,4386.47,557,71,1126.96
2026-04-30,SALD,MIDWEST,1970,240,4433.65,550,67,1153.38
2026-04-30,SALD,WEST,2822,388,6817.66,741,97,1743.03
2026-05-01,SALD,NORTHEAST,2532,307,5330.6,656,78,1322.36
2026-05-01,SALD,SOUTHEAST,2233,321,5591.55,627,73,1170.38
2026-05-01,SALD,MIDWEST,1852,238,4211.42,578,71,1219.6
2026-05-01,SALD,WEST,2746,351,6164.08,828,110,1613.01
2026-05-02,SALD,NORTHEAST,2404,326,5770.76,742,81,1399.16
2026-05-02,SALD,SOUTHEAST,2161,253,4352.22,652,78,1323.88
2026-05-02,SALD,MIDWEST,2069,241,4350.09,528,59,1027.69
2026-05-02,SALD,WEST,2722,350,6098.12,849,84,1408.01
2026-05-03,SALD,NORTHEAST,2434,301,5465.18,670,68,1179.76
2026-05-03,SALD,SOUTHEAST,2231,261,4525.59,671,78,1383.53
2026-05-03,SALD,MIDWEST,1954,240,4515.84,557,59,980.59
2026-05-03,SALD,WEST,2416,299,5157.03,793,98,1802.3
2026-05-04,SALD,NORTHEAST,2464,335,5672.32,609,68,1131.67
2026-05-04,SALD,SOUTHEAST,2152,252,4357.73,762,84,1382.55
2026-05-04,SALD,MIDWEST,1856,234,3840.29,551,62,998.95
2026-05-04,SALD,WEST,2689,304,5279.13,764,76,1379.34
2026-05-05,SALD,NORTHEAST,2402,302,5372.87,757,82,1386.35
2026-05-05,SALD,SOUTHEAST,1990,236,4139.18,720,89,1399.08
2026-05-05,SALD,MIDWEST,1948,243,4432.11,558,67,1184.45
2026-05-05,SALD,WEST,2741,361,6342.93,943,112,1927.25
2026-05-06,SALD,NORTHEAST,2655,329,5879.93,731,81,1403.53
2026-05-06,SALD,SOUTHEAST,2270,279,4884.43,643,67,1172.5
2026-05-06,SALD,MIDWEST,1791,240,3944.65,597,71,1165.85
2026-05-06,SALD,WEST,2602,316,5581.18,875,96,1594.21
2026-05-07,SALD,NORTHEAST,2241,273,4608.59,801,98,1601.44
2026-05-07,SALD,SOUTHEAST,2034,285,5187.04,633,77,1235.35
2026-05-07,SALD,MIDWEST,1770,226,3894.47,720,76,1314.8
2026-05-07,SALD,WEST,2779,362,6591.48,837,100,1666.36
2026-05-08,SALD,NORTHEAST,2420,328,5544.54,856,94,1480.46
2026-05-08,SALD,SOUTHEAST,2250,291,5368.64,764,89,1497.76
2026-05-08,SALD,MIDWEST,2022,260,4372.04,630,62,1064.99
2026-05-08,SALD,WEST,2678,317,5658.16,857,102,1698.91
2026-05-09,SALD,NORTHEAST,2631,346,5813.98,753,89,1438.99
2026-05-09,SALD,SOUTHEAST,2260,293,5112.0,717,84,1427.06
2026-05-09,SALD,MIDWEST,1884,243,4349.38,634,77,1260.66
2026-05-09,SALD,WEST,2611,314,5510.22,879,107,1723.12
2026-05-10,SALD,NORTHEAST,2234,299,5288.83,778,92,1513.58
2026-05-10,SALD,SOUTHEAST,2101,256,4750.32,735,82,1416.34
2026-05-10,SALD,MIDWEST,1939,237,4136.72,589,62,1084.94
2026-05-10,SALD,WEST,2428,319,5507.47,824,96,1708.97
2026-05-11,SALD,NORTHEAST,2507,324,5487.87,630,72,1194.58
2026-05-11,SALD,SOUTHEAST,2009,270,4632.56,723,72,1245.56
2026-05-11,SALD,MIDWEST,1956,218,3905.83,663,82,1445.91
2026-05-11,SALD,WEST,2478,324,5608.79,887,102,1703.26
2026-05-12,SALD,NORTHEAST,2125,270,4755.34,768,87,1441.68
2026-05-12,SALD,SOUTHEAST,2258,244,4087.88,696,78,1264.46
2026-05-12,SALD,MIDWEST,1964,244,4421.91,646,63,1097.88
2026-05-12,SALD,WEST,2771,359,6498.09,919,111,1882.34
2026-05-13,SALD,NORTHEAST,2337,268,4929.09,811,85,1256.04
2026-05-13,SALD,SOUTHEAST,2117,267,4636.67,689,80,1393.95
2026-05-13,SALD,MIDWEST,1893,224,3870.83,695,79,1313.67
2026-05-13,SALD,WEST,2519,336,5689.47,920,115,1956.69
2026-05-14,SALD,NORTHEAST,2195,273,4983.38,730,89,1544.41
2026-05-14,SALD,SOUTHEAST,2185,298,5319.25,857,93,1587.49
2026-05-14,SALD,MIDWEST,1947,208,3640.89,647,68,1113.95
2026-05-14,SALD,WEST,2730,344,5622.77,987,115,1907.28
2026-05-15,SALD,NORTHEAST,2387,287,4946.07,811,90,1482.47
2026-05-15,SALD,SOUTHEAST,1996,237,4234.13,749,85,1459.54
2026-05-15,SALD,MIDWEST,1898,238,4287.19,714,89,1492.58
2026-05-15,SALD,WEST,2340,301,5292.73,947,100,1746.97
2026-05-16,SALD,NORTHEAST,2360,288,4869.54,958,102,1624.49
2026-05-16,SALD,SOUTHEAST,1991,270,4785.14,746,81,1375.95
2026-05-16,SALD,MIDWEST,1972,274,4678.13,786,98,1602.09
2026-05-16,SALD,WEST,2650,379,6716.29,932,115,1980.9
2026-05-17,SALD,NORTHEAST,2149,260,4567.79,914,92,1534.77
2026-05-17,SALD,SOUTHEAST,2334,284,4830.33,754,95,1597.15
2026-05-17,SALD,MIDWEST,1751,223,3798.21,613,77,1296.88
2026-05-17,SALD,WEST,2785,380,6884.6,1012,127,2233.3
2026-05-18,SALD,NORTHEAST,2257,296,5220.42,822,93,1668.99
2026-05-18,SALD,SOUTHEAST,2195,310,5487.47,732,86,1448.8
2026-05-18,SALD,MIDWEST,1988,265,4631.06,698,79,1403.88
2026-05-18,SALD,WEST,2692,320,5553.88,878,99,1562.19
2026-05-19,SALD,NORTHEAST,2573,322,5575.54,809,93,1528.2
2026-05-19,SALD,SOUTHEAST,2133,261,4599.95,839,105,1793.82
2026-05-19,SALD,MIDWEST,1868,239,4349.84,675,76,1247.61
2026-05-19,SALD,WEST,2680,322,5550.89,978,109,1915.08
2026-05-20,SALD,NORTHEAST,2323,283,5013.31,925,100,1673.94
2026-05-20,SALD,SOUTHEAST,2204,282,5188.02,650,79,1354.78
2026-05-20,SALD,MIDWEST,1811,202,3666.09,618,77,1285.05
2026-05-20,SALD,WEST,2660,365,6608.44,865,96,1659.27
2026-05-21,SALD,NORTHEAST,2244,282,5262.83,842,112,1849.88
2026-05-21,SALD,SOUTHEAST,2111,259,4642.98,842,100,1706.8
2026-05-21,SALD,MIDWEST,1837,246,4251.38,731,90,1586.89
2026-05-21,SALD,WEST,2437,304,5519.88,960,123,1974.9
2026-05-22,SALD,NORTHEAST,2244,275,4871.14,910,91,1523.27
2026-05-22,SALD,SOUTHEAST,1997,231,4006.52,863,105,1739.96
2026-05-22,SALD,MIDWEST,1823,219,3784.61,702,73,1161.27
2026-05-22,SALD,WEST,2294,268,4488.05,952,100,1697.07
2026-05-23,SALD,NORTHEAST,2558,353,6317.65,954,115,1833.25
2026-05-23,SALD,SOUTHEAST,2234,287,4990.27,941,101,1790.65
2026-05-23,SALD,MIDWEST,1911,238,4235.28,805,92,1653.13
2026-05-23,SALD,WEST,2657,354,6375.1,1127,117,1941.29
2026-05-24,SALD,NORTHEAST,2505,294,5114.23,673,78,1369.79
2026-05-24,SALD,SOUTHEAST,2225,300,5085.22,944,105,1725.81
2026-05-24,SALD,MIDWEST,1919,262,4388.86,802,94,1536.85
2026-05-24,SALD,WEST,2506,300,5506.01,1030,121,2042.61
2026-05-25,SALD,NORTHEAST,2354,296,5044.33,937,118,2091.04
2026-05-25,SALD,SOUTHEAST,2148,271,4617.07,822,86,1388.78
2026-05-25,SALD,MIDWEST,2006,255,4399.09,748,87,1470.51
2026-05-25,SALD,WEST,2699,333,6156.55,1127,126,2094.94
2026-05-26,SALD,NORTHEAST,2584,333,5932.61,928,119,2068.09
2026-05-26,SALD,SOUTHEAST,2213,279,5009.95,757,93,1438.18
2026-05-26,SALD,MIDWEST,1836,207,3829.21,647,64,1046.81
2026-05-26,SALD,WEST,2591,312,5267.63,952,113,1846.9
2026-05-27,SALD,NORTHEAST,2309,316,5368.35,846,90,1576.89
2026-05-27,SALD,SOUTHEAST,2168,263,4747.72,811,106,1724.59
2026-05-27,SALD,MIDWEST,1905,273,4930.52,804,88,1460.33
2026-05-27,SALD,WEST,2805,369,6470.42,978,120,1946.12
2026-05-28,SALD,NORTHEAST,2420,297,5375.21,863,101,1614.65
2026-05-28,SALD,SOUTHEAST,2120,243,4284.25,783,88,1449.71
2026-05-28,SALD,MIDWEST,2058,272,4958.34,788,93,1572.88
2026-05-28,SALD,WEST,2768,332,5722.66,1060,122,1896.26
2026-05-29,SALD,NORTHEAST,2479,314,5581.44,1096,117,1865.25
2026-05-29,SALD,SOUTHEAST,2097,273,4825.62,892,101,1734.52
2026-05-29,SALD,MIDWEST,1780,201,3516.25,717,75,1304.59
2026-05-29,SALD,WEST,2820,394,6410.79,936,101,1732.92
2026-05-30,SALD,NORTHEAST,2395,314,5827.12,901,97,1566.68
2026-05-30,SALD,SOUTHEAST,2308,280,4972.27,766,79,1310.1
2026-05-30,SALD,MIDWEST,1919,249,4295.1,760,80,1466.24
2026-05-30,SALD,WEST,2622,323,5909.44,1043,95,1559.8
2026-05-31,SALD,NORTHEAST,2443,313,5453.12,1004,122,2013.09
2026-05-31,SALD,SOUTHEAST,2175,285,4847.26,882,106,1723.29
2026-05-31,SALD,MIDWEST,1834,229,3724.27,757,87,1481.7
2026-05-31,SALD,WEST,2542,349,6129.73,1061,115,1984.79
2026-06-01,SALD,NORTHEAST,2565,327,5603.06,863,89,1471.76
2026-06-01,SALD,SOUTHEAST,2330,299,5328.17,870,97,1692.7
2026-06-01,SALD,MIDWEST,1848,241,4046.78,694,83,1391.35
2026-06-01,SALD,WEST,2735,374,6581.93,1038,107,1876.84
2026-06-02,SALD,NORTHEAST,2408,286,4925.0,959,96,1576.93
2026-06-02,SALD,SOUTHEAST,2346,303,5497.49,793,91,1423.43
2026-06-02,SALD,MIDWEST,2028,257,4599.11,707,77,1226.53
2026-06-02,SALD,WEST,2601,324,5893.39,1220,134,2253.91
2026-06-03,SALD,NORTHEAST,2481,307,5496.98,1084,118,1868.13
2026-06-03,SALD,SOUTHEAST,1947,246,4266.36,1025,110,1687.74
2026-06-03,SALD,MIDWEST,1886,269,4573.44,842,93,1589.96
2026-06-03,SALD,WEST,2543,335,5815.83,1083,120,2041.68
2026-06-04,SALD,NORTHEAST,2514,304,5529.88,1067,114,1991.58
2026-06-04,SALD,SOUTHEAST,2117,284,4791.28,786,103,1706.54
2026-06-04,SALD,MIDWEST,1869,217,3980.55,800,94,1502.58
2026-06-04,SALD,WEST,2605,306,5122.49,1020,124,2026.69
2026-06-05,SALD,NORTHEAST,2350,328,5998.59,1102,131,2331.47
2026-06-05,SALD,SOUTHEAST,2214,287,4963.81,989,113,1935.17
2026-06-05,SALD,MIDWEST,1966,249,4154.64,802,102,1469.09
2026-06-05,SALD,WEST,2459,290,4836.6,893,100,1696.06
2026-06-06,SALD,NORTHEAST,2585,363,6497.91,911,107,1854.34
2026-06-06,SALD,SOUTHEAST,2173,281,4909.88,1101,127,2041.29
2026-06-06,SALD,MIDWEST,1915,263,4472.3,764,83,1369.04
2026-06-06,SALD,WEST,2944,389,6687.35,999,113,1922.86
2026-06-07,SALD,NORTHEAST,2299,303,5399.6,1022,123,2149.5
2026-06-07,SALD,SOUTHEAST,2247,268,4781.45,1007,123,2077.51
2026-06-07,SALD,MIDWEST,2020,245,4414.88,751,83,1363.65
2026-06-07,SALD,WEST,2542,334,6183.98,1173,134,2196.11
2026-06-08,SALD,NORTHEAST,2376,305,5159.11,1056,108,1836.13
2026-06-08,SALD,SOUTHEAST,2220,301,5251.5,961,110,1937.05
2026-06-08,SALD,MIDWEST,1885,233,3983.18,878,102,1723.42
2026-06-08,SALD,WEST,2572,319,5716.91,1063,117,2000.44
2026-06-09,SALD,NORTHEAST,2307,326,5506.99,1101,114,1895.94
2026-06-09,SALD,SOUTHEAST,2320,340,5689.66,973,129,2172.42
2026-06-09,SALD,MIDWEST,1958,231,4060.28,873,92,1528.78
2026-06-09,SALD,WEST,2786,369,5980.8,1197,119,1995.37
2026-06-10,SALD,NORTHEAST,2307,292,5024.33,1183,125,2037.66
2026-06-10,SALD,SOUTHEAST,2206,270,4892.44,952,120,1929.4
2026-06-10,SALD,MIDWEST,1968,256,4759.46,939,99,1618.94
2026-06-10,SALD,WEST,2414,304,5373.02,1231,125,2025.0
2026-06-11,SALD,NORTHEAST,2466,315,5922.6,1162,130,2029.31
2026-06-11,SALD,SOUTHEAST,2112,254,4485.95,939,109,1918.52
2026-06-11,SALD,MIDWEST,1855,231,4094.39,836,105,1777.36
2026-06-11,SALD,WEST,2753,320,5558.38,1086,115,2060.91
2026-06-12,SALD,NORTHEAST,2269,312,5725.55,960,93,1515.04
2026-06-12,SALD,SOUTHEAST,2311,277,5044.99,1016,119,2145.59
2026-06-12,SALD,MIDWEST,1987,249,4332.28,808,92,1742.64
2026-06-12,SALD,WEST,2377,285,5285.38,1138,141,2423.1
2026-06-13,SALD,NORTHEAST,2671,317,5491.58,1046,113,1905.04
2026-06-13,SALD,SOUTHEAST,2125,265,4843.35,1028,126,2097.99
2026-06-13,SALD,MIDWEST,2013,243,4345.54,873,95,1466.9
2026-06-13,SALD,WEST,2428,278,4948.77,1213,156,2676.95
2026-06-14,SALD,NORTHEAST,2337,288,5201.09,1026,107,1840.69
2026-06-14,SALD,SOUTHEAST,2108,262,4608.8,1034,108,1793.87
2026-06-14,SALD,MIDWEST,1968,257,4564.21,907,111,1810.12
2026-06-14,SALD,WEST,2570,318,5671.06,1019,127,2171.47
2026-06-15,SALD,NORTHEAST,2656,344,6297.97,1110,140,2387.13
2026-06-15,SALD,SOUTHEAST,2101,266,4724.99,1031,127,2188.83
2026-06-15,SALD,MIDWEST,1761,214,3921.91,982,108,1956.18
2026-06-15,SALD,WEST,2621,356,6398.75,1194,130,2278.88
2026-06-16,SALD,NORTHEAST,2377,293,5197.7,1102,124,2051.75
2026-06-16,SALD,SOUTHEAST,2292,308,5602.55,952,99,1622.7
2026-06-16,SALD,MIDWEST,1984,259,4685.22,859,100,1757.4
2026-06-16,SALD,WEST,2433,289,4937.25,1241,137,2201.19
2026-06-17,SALD,NORTHEAST,2348,286,5145.52,1087,125,2188.4
2026-06-17,SALD,SOUTHEAST,2214,273,5081.71,1020,114,1848.78
2026-06-17,SALD,MIDWEST,1828,227,4035.12,957,107,1816.32
2026-06-17,SALD,WEST,2373,305,5266.33,1019,119,2121.72
2026-06-18,SALD,NORTHEAST,2402,286,4721.29,1103,136,2204.34
2026-06-18,SALD,SOUTHEAST,2165,265,4474.75,974,111,1936.04
2026-06-18,SALD,MIDWEST,1904,236,4314.81,893,106,1769.42
2026-06-18,SALD,WEST,2634,333,5951.75,1140,121,1916.11
2026-06-19,SALD,NORTHEAST,2470,310,5474.59,1052,115,1950.33
2026-06-19,SALD,SOUTHEAST,2256,276,4747.01,1035,108,1794.17
2026-06-19,SALD,MIDWEST,1746,241,4168.35,826,105,1824.38
2026-06-19,SALD,WEST,2842,367,6329.74,1243,136,2445.12
2026-06-20,SALD,NORTHEAST,2380,318,5905.41,1093,117,1897.71
2026-06-20,SALD,SOUTHEAST,2060,260,4459.42,989,115,1924.01
2026-06-20,SALD,MIDWEST,1898,242,4420.44,817,96,1647.0
2026-06-20,SALD,WEST,2615,323,5458.82,1203,148,2574.57
2026-06-21,SALD,NORTHEAST,2190,286,5037.24,1353,157,2540.97
2026-06-21,SALD,SOUTHEAST,2216,294,5390.69,1060,122,2022.88
2026-06-21,SALD,MIDWEST,1986,252,4305.05,882,90,1539.02
2026-06-21,SALD,WEST,2850,363,6214.82,1261,158,2659.65
2026-06-22,SALD,NORTHEAST,2499,324,5656.24,1069,128,1986.65
2026-06-22,SALD,SOUTHEAST,2034,252,4254.52,1098,125,2054.59
2026-06-22,SALD,MIDWEST,2181,301,5338.25,951,109,1835.46
2026-06-22,SALD,WEST,2812,362,6601.19,1224,134,2177.91
2026-06-23,SALD,NORTHEAST,2465,314,5819.15,930,107,1819.9
2026-06-23,SALD,SOUTHEAST,2111,272,4556.31,1102,148,2608.89
2026-06-23,SALD,MIDWEST,1643,201,3698.29,969,101,1792.37
2026-06-23,SALD,WEST,2490,317,5423.31,1280,150,2647.19
2026-06-24,SALD,NORTHEAST,2676,331,6134.54,1171,148,2598.32
2026-06-24,SALD,SOUTHEAST,2288,296,5354.93,999,118,1964.31
2026-06-24,SALD,MIDWEST,1899,237,4190.04,1043,134,2207.58
2026-06-24,SALD,WEST,2650,322,5711.34,1236,138,2279.4
2026-06-25,SALD,NORTHEAST,2315,275,4891.8,1236,157,2808.99
2026-06-25,SALD,SOUTHEAST,2165,282,4874.13,1150,135,2351.76
2026-06-25,SALD,MIDWEST,1921,240,4009.62,915,104,1674.96
2026-06-25,SALD,WEST,2452,279,4694.83,1432,155,2618.87
2026-06-26,SALD,NORTHEAST,2516,320,5638.3,1135,131,2149.43
2026-06-26,SALD,SOUTHEAST,2232,263,4953.41,990,125,2044.22
2026-06-26,SALD,MIDWEST,1861,227,3925.37,894,95,1572.06
2026-06-26,SALD,WEST,2739,362,6100.87,1253,137,2169.03
2026-06-27,SALD,NORTHEAST,2319,320,5486.98,1232,149,2493.28
2026-06-27,SALD,SOUTHEAST,1980,244,4223.07,1005,119,2029.93
2026-06-27,SALD,MIDWEST,1700,207,3628.46,921,100,1597.35
2026-06-27,SALD,WEST,2779,329,5659.08,1259,114,2025.29
2026-06-28,SALD,NORTHEAST,2325,316,5664.14,1252,162,2865.61
2026-06-28,SALD,SOUTHEAST,2047,256,4394.56,1196,147,2473.34
2026-06-28,SALD,MIDWEST,1922,249,4476.94,1005,119,2104.79
2026-06-28,SALD,WEST,2737,341,5878.23,1356,148,2464.77
2026-06-29,SALD,NORTHEAST,2324,291,5132.05,1232,122,2075.47
2026-06-29,SALD,SOUTHEAST,2016,227,3803.43,1143,110,1733.51
2026-06-29,SALD,MIDWEST,1908,238,4366.17,908,96,1642.79
2026-06-29,SALD,WEST,2644,356,6338.46,1233,108,1854.65
2026-06-30,SALD,NORTHEAST,2575,323,5883.48,1287,122,2062.85
2026-06-30,SALD,SOUTHEAST,2116,254,4297.74,1205,157,2667.66
2026-06-30,SALD,MIDWEST,2029,273,4795.2,891,101,1670.11
2026-06-30,SALD,WEST,2510,331,5873.36,1209,154,2724.81
2026-07-01,SALD,NORTHEAST,2393,282,4785.17,1257,140,2243.51
2026-07-01,SALD,SOUTHEAST,2293,304,5235.42,1195,140,2172.56
2026-07-01,SALD,MIDWEST,2019,239,4191.79,915,98,1740.39
2026-07-01,SALD,WEST,2786,344,6109.09,1388,149,2520.4
2026-07-02,SALD,NORTHEAST,2252,283,5218.09,1264,130,2253.76
2026-07-02,SALD,SOUTHEAST,2260,275,4900.2,1168,131,2244.16
2026-07-02,SALD,MIDWEST,1979,266,4675.37,929,93,1592.64
2026-07-02,SALD,WEST,2571,319,5633.15,1129,135,1949.89
2026-07-03,SALD,NORTHEAST,2437,284,4974.33,1286,141,2389.13
2026-07-03,SALD,SOUTHEAST,2154,271,5066.99,1258,150,2531.23
2026-07-03,SALD,MIDWEST,1996,265,4682.48,1178,132,2206.35
2026-07-03,SALD,WEST,2480,301,5112.41,1190,137,2177.69
2026-07-04,SALD,NORTHEAST,2403,338,5904.57,1144,138,2416.59
2026-07-04,SALD,SOUTHEAST,2176,260,4573.67,1181,134,2449.94
2026-07-04,SALD,MIDWEST,1810,208,3838.38,1046,121,1920.92
2026-07-04,SALD,WEST,2651,341,6078.57,1412,161,2751.47
2026-07-05,SALD,NORTHEAST,2309,296,5129.12,1195,143,2389.03
2026-07-05,SALD,SOUTHEAST,2292,284,5002.29,1241,134,2229.53
2026-07-05,SALD,MIDWEST,2032,283,4937.24,879,93,1541.52
2026-07-05,SALD,WEST,2476,323,5739.63,1582,195,3369.85
2026-07-06,SALD,NORTHEAST,2413,309,5500.96,1277,153,2578.6
2026-07-06,SALD,SOUTHEAST,2290,313,5407.89,1247,128,2203.19
2026-07-06,SALD,MIDWEST,2000,244,4492.89,977,110,1792.35
2026-07-06,SALD,WEST,2589,330,5680.7,1516,156,2368.93
2026-07-07,SALD,NORTHEAST,2294,276,4724.91,1235,153,2496.35
2026-07-07,SALD,SOUTHEAST,2222,283,5055.17,1267,129,2286.61
2026-07-07,SALD,MIDWEST,1950,234,4133.54,1005,126,2127.22
2026-07-07,SALD,WEST,2849,394,7111.34,1487,176,3078.26
2026-07-08,SALD,NORTHEAST,2326,315,5441.43,1291,147,2428.44
2026-07-08,SALD,SOUTHEAST,1933,222,3754.02,1254,130,2154.43
2026-07-08,SALD,MIDWEST,1929,235,4228.31,1114,135,2201.67
2026-07-08,SALD,WEST,2777,313,5570.66,1523,178,2896.51
2026-07-09,SALD,NORTHEAST,2211,309,5682.44,1196,131,2293.08
2026-07-09,SALD,SOUTHEAST,2036,290,5281.31,1206,149,2558.16
2026-07-09,SALD,MIDWEST,1946,274,4646.8,1207,154,2643.17
2026-07-09,SALD,WEST,2671,334,5993.34,1395,151,2573.71
2026-07-10,SALD,NORTHEAST,2491,324,5556.73,1186,133,2112.94
2026-07-10,SALD,SOUTHEAST,2247,270,4740.6,1203,127,2087.78
2026-07-10,SALD,MIDWEST,1972,260,4568.69,1153,140,2399.8
2026-07-10,SALD,WEST,2481,318,5777.76,1474,171,3049.54
2026-07-11,SALD,NORTHEAST,2345,295,5108.28,1275,151,2441.57
2026-07-11,SALD,SOUTHEAST,2043,231,4103.89,1408,145,2430.15
2026-07-11,SALD,MIDWEST,2014,244,4358.72,1156,140,2470.86
2026-07-11,SALD,WEST,2705,332,6062.57,1409,186,2977.46
2026-07-12,SALD,NORTHEAST,2573,297,5289.76,1226,121,2062.38
2026-07-12,SALD,SOUTHEAST,2124,273,4903.97,1111,120,2044.18
2026-07-12,SALD,MIDWEST,2034,242,4295.35,1188,142,2441.01
2026-07-12,SALD,WEST,2824,394,6839.41,1610,192,3284.42
2026-07-13,SALD,NORTHEAST,2600,309,5793.94,1384,150,2526.53
2026-07-13,SALD,SOUTHEAST,2033,234,4055.1,1244,146,2394.61
2026-07-13,SALD,MIDWEST,1807,225,3834.63,1276,137,2339.43
2026-07-13,SALD,WEST,2611,336,6173.43,1445,163,2782.45
2026-07-14,SALD,NORTHEAST,2269,268,4787.11,1231,142,2591.36
2026-07-14,SALD,SOUTHEAST,2324,312,5440.6,1180,139,2078.73
2026-07-14,SALD,MIDWEST,1922,241,4147.91,1171,129,2088.28
2026-07-14,SALD,WEST,2545,353,6454.62,1340,163,2636.38
2026-07-15,SALD,NORTHEAST,2359,313,5393.45,1413,147,2518.04
2026-07-15,SALD,SOUTHEAST,2153,278,4879.45,1218,117,1852.88
2026-07-15,SALD,MIDWEST,1907,210,3768.57,1055,134,2354.04
2026-07-15,SALD,WEST,2548,308,5346.22,1716,203,3244.53
2026-07-16,SALD,NORTHEAST,2211,248,4383.18,1491,190,3168.5
2026-07-16,SALD,SOUTHEAST,2160,260,4524.74,1099,131,2243.21
2026-07-16,SALD,MIDWEST,1977,220,3740.12,1020,107,1785.0
2026-07-16,SALD,WEST,2623,301,5290.55,1599,180,3083.83
2026-07-17,SALD,NORTHEAST,2421,289,5197.65,1373,161,2606.84
2026-07-17,SALD,SOUTHEAST,2335,301,5442.27,1226,128,2102.42
2026-07-17,SALD,MIDWEST,2033,260,4335.5,1193,137,2420.48
2026-07-17,SALD,WEST,2645,315,5522.48,1621,177,3017.24
2026-07-18,SALD,NORTHEAST,2432,281,5086.4,1504,163,2709.55
2026-07-18,SALD,SOUTHEAST,2055,241,4337.97,1240,151,2389.66
2026-07-18,SALD,MIDWEST,1913,236,4125.62,1055,117,1914.41
2026-07-18,SALD,WEST,2743,354,6232.36,1620,196,3299.52
2026-07-19,SALD,NORTHEAST,2377,277,4609.85,1583,171,2812.74
2026-07-19,SALD,SOUTHEAST,2016,265,4775.82,1115,144,2362.27
2026-07-19,SALD,MIDWEST,1945,253,4427.96,1296,155,2622.09
2026-07-19,SALD,WEST,2769,353,6550.57,1464,157,2638.76
2026-07-20,SALD,NORTHEAST,2513,335,5689.78,1236,130,2132.44
2026-07-20,SALD,SOUTHEAST,2220,297,5335.87,1230,138,2336.07
2026-07-20,SALD,MIDWEST,2024,232,4094.02,1056,128,2145.24
2026-07-20,SALD,WEST,2578,303,5435.29,1777,199,2977.45
2026-07-21,SALD,NORTHEAST,2449,279,4920.69,1504,156,2417.78
2026-07-21,SALD,SOUTHEAST,1831,239,4131.93,1095,125,1989.16
2026-07-21,SALD,MIDWEST,1989,241,4238.0,1372,155,2560.89
2026-07-21,SALD,WEST,2670,316,5618.73,1644,179,2995.03
2026-07-22,SALD,NORTHEAST,2311,311,5910.7,1503,169,2816.37
2026-07-22,SALD,SOUTHEAST,2220,268,5052.95,1381,129,2229.75
2026-07-22,SALD,MIDWEST,1793,240,4227.05,1181,140,2339.3
2026-07-22,SALD,WEST,2689,335,5816.98,1385,154,2694.02
2026-07-23,SALD,NORTHEAST,2651,347,6248.48,1451,152,2520.87
2026-07-23,SALD,SOUTHEAST,2083,249,4367.32,1211,139,2269.51
2026-07-23,SALD,MIDWEST,1979,254,4461.03,1109,123,2055.08
2026-07-23,SALD,WEST,2652,313,5551.67,1450,169,2960.23
2026-07-24,SALD,NORTHEAST,2176,266,4827.35,1412,145,2230.0
2026-07-24,SALD,SOUTHEAST,2132,268,4671.38,1170,138,2156.15
2026-07-24,SALD,MIDWEST,1925,241,4146.97,1076,104,1677.94
2026-07-24,SALD,WEST,2578,316,5576.35,1478,162,2617.29
2026-07-25,SALD,NORTHEAST,2349,312,5500.0,1435,176,2957.55
2026-07-25,SALD,SOUTHEAST,2234,293,4881.09,1448,143,2476.45
2026-07-25,SALD,MIDWEST,1929,221,3786.36,1100,101,1674.17
2026-07-25,SALD,WEST,2591,317,5694.0,1595,194,3247.35
2026-07-26,SALD,NORTHEAST,2444,280,4801.25,1531,168,2934.16
2026-07-26,SALD,SOUTHEAST,2208,274,4840.27,1239,142,2380.29
2026-07-26,SALD,MIDWEST,1769,232,4042.28,1029,126,1985.64
2026-07-26,SALD,WEST,2584,318,5565.75,1563,182,3149.35
2026-07-27,SALD,NORTHEAST,2129,225,3895.9,1330,162,2868.34
2026-07-27,SALD,SOUTHEAST,2145,259,4469.9,1352,160,2830.38
2026-07-27,SALD,MIDWEST,1884,231,4224.8,1220,137,2178.77
2026-07-27,SALD,WEST,2490,320,5681.14,1608,176,2887.48
2026-07-28,SALD,NORTHEAST,2541,342,5681.47,1356,157,2779.08
2026-07-28,SALD,SOUTHEAST,2169,259,4490.18,1201,131,2180.23
2026-07-28,SALD,MIDWEST,2012,236,3919.56,1100,128,2172.78
2026-07-28,SALD,WEST,2517,296,5257.53,1765,170,2806.59
2026-07-29,SALD,NORTHEAST,2373,325,5924.83,1602,165,2703.75
2026-07-29,SALD,SOUTHEAST,1991,248,4419.15,1159,131,2269.93
2026-07-29,SALD,MIDWEST,2018,254,4509.19,1170,135,2321.83
2026-07-29,SALD,WEST,2767,354,6125.78,1593,189,3102.06
2026-07-30,SALD,NORTHEAST,2457,288,5166.52,1604,192,3176.3
2026-07-30,SALD,SOUTHEAST,2121,256,4555.17,1487,202,3455.33
2026-07-30,SALD,MIDWEST,1883,239,4169.26,1129,134,2206.88
2026-07-30,SALD,WEST,2447,289,5133.26,1748,223,3637.46
2026-07-31,SALD,NORTHEAST,2410,313,5701.45,1420,159,2766.08
2026-07-31,SALD,SOUTHEAST,2113,244,4459.96,1270,149,2712.2
2026-07-31,SALD,MIDWEST,2000,251,4423.52,1115,124,2192.68
2026-07-31,SALD,WEST,2665,348,6074.89,1465,165,2889.54
2026-08-01,SALD,NORTHEAST,2544,317,5630.0,1454,170,2684.6
2026-08-01,SALD,SOUTHEAST,2140,242,4581.42,1405,153,2561.36
2026-08-01,SALD,MIDWEST,2043,235,4281.65,1107,125,2008.96
2026-08-01,SALD,WEST,2398,313,5207.97,1529,194,3219.65
2026-08-02,SALD,NORTHEAST,2308,287,5338.96,1760,197,3574.02
2026-08-02,SALD,SOUTHEAST,2276,284,5405.55,1383,176,2934.7
2026-08-02,SALD,MIDWEST,1860,214,3737.59,1124,120,2005.43
2026-08-02,SALD,WEST,2618,326,5893.9,1572,162,2725.85
2026-08-03,SALD,NORTHEAST,2242,274,4833.05,1376,182,2874.01
2026-08-03,SALD,SOUTHEAST,2160,262,4528.12,1291,135,2455.28
2026-08-03,SALD,MIDWEST,1908,239,4256.19,1276,130,2416.6
2026-08-03,SALD,WEST,2652,331,5906.86,1705,195,3357.98
2026-08-04,SALD,NORTHEAST,2467,323,5750.18,1621,171,3094.47
2026-08-04,SALD,SOUTHEAST,2254,258,4588.25,1408,170,2855.3
2026-08-04,SALD,MIDWEST,2062,247,4254.72,1316,152,2612.25
2026-08-04,SALD,WEST,2734,376,6509.04,1917,196,3207.55
2026-08-05,SALD,NORTHEAST,2525,319,5518.4,1660,181,3058.46
2026-08-05,SALD,SOUTHEAST,2164,256,4299.25,1229,125,1929.21
2026-08-05,SALD,MIDWEST,1907,218,3682.87,1410,141,2262.12
2026-08-05,SALD,WEST,2438,311,5551.87,1621,200,3427.63
2026-08-06,SALD,NORTHEAST,2373,304,5407.97,1475,160,2674.35
2026-08-06,SALD,SOUTHEAST,2185,269,4762.04,1271,141,2284.17
2026-08-06,SALD,MIDWEST,1977,264,4754.27,1365,182,3092.19
2026-08-06,SALD,WEST,2532,304,5305.29,1527,158,2626.1
2026-08-07,SALD,NORTHEAST,2318,266,4527.2,1683,215,3363.33
2026-08-07,SALD,SOUTHEAST,2036,220,3902.41,1301,160,2623.93
2026-08-07,SALD,MIDWEST,2121,275,4801.83,1202,150,2531.68
2026-08-07,SALD,WEST,2520,343,5697.94,1615,177,3163.74
2026-08-08,SALD,NORTHEAST,2383,303,5416.11,1458,150,2701.55
2026-08-08,SALD,SOUTHEAST,2031,269,4549.91,1350,149,2415.07
2026-08-08,SALD,MIDWEST,1935,244,4126.24,1175,126,2210.17
2026-08-08,SALD,WEST,2701,360,6222.5,1439,139,2328.58
2026-08-09,SALD,NORTHEAST,2565,320,5465.72,1495,161,2801.91
2026-08-09,SALD,SOUTHEAST,2169,246,4389.59,1457,177,2962.31
2026-08-09,SALD,MIDWEST,1971,240,4286.97,1171,148,2431.7
2026-08-09,SALD,WEST,2326,312,5590.77,1903,209,3534.93
2026-08-10,SALD,NORTHEAST,2322,273,4846.29,1424,163,2803.11
2026-08-10,SALD,SOUTHEAST,2208,257,4492.19,1465,167,2889.12
2026-08-10,SALD,MIDWEST,2064,260,4505.86,1279,144,2464.44
2026-08-10,SALD,WEST,2946,396,6846.17,1799,231,3899.04
2026-08-11,SALD,NORTHEAST,2581,315,5337.0,1638,207,3243.92
2026-08-11,SALD,SOUTHEAST,2192,282,4747.7,1498,192,3447.01
2026-08-11,SALD,MIDWEST,1896,222,3795.05,1173,142,2279.24
2026-08-11,SALD,WEST,2547,345,5725.03,1869,231,3948.71
2026-08-12,SALD,NORTHEAST,2388,319,5611.05,1805,192,3239.43
2026-08-12,SALD,SOUTHEAST,2284,281,5111.66,1367,148,2652.25
2026-08-12,SALD,MIDWEST,1672,219,3953.85,1341,127,2130.68
2026-08-12,SALD,WEST,2745,365,6581.23,1780,211,3650.32
2026-08-13,SALD,NORTHEAST,2322,283,4964.19,1530,163,2613.28
2026-08-13,SALD,SOUTHEAST,2052,267,4864.11,1451,149,2459.13
2026-08-13,SALD,MIDWEST,1943,252,4485.64,1295,166,2808.27
2026-08-13,SALD,WEST,2525,336,6016.15,1900,232,4075.38
2026-08-14,SALD,NORTHEAST,2511,330,5907.0,1457,172,2858.01
2026-08-14,SALD,SOUTHEAST,1960,241,4292.31,1371,149,2554.4
2026-08-14,SALD,MIDWEST,1867,215,3778.46,1455,182,2900.03
2026-08-14,SALD,WEST,2703,328,5550.68,1721,194,3384.19
2026-08-15,SALD,NORTHEAST,2168,280,4864.4,1744,209,3456.19
2026-08-15,SALD,SOUTHEAST,2213,273,4889.24,1630,180,3150.25
2026-08-15,SALD,MIDWEST,1878,230,4043.78,1341,144,2351.24
2026-08-15,SALD,WEST,2867,355,6161.44,1803,188,3294.61
2026-08-16,SALD,NORTHEAST,2449,313,5387.35,1537,175,2972.12
2026-08-16,SALD,SOUTHEAST,1981,239,4060.23,1435,180,3248.81
2026-08-16,SALD,MIDWEST,1917,227,4102.78,1269,149,2380.85
2026-08-16,SALD,WEST,2429,328,5745.27,1747,219,3677.22
2026-08-17,SALD,NORTHEAST,2535,338,5973.52,1530,188,3259.32
2026-08-17,SALD,SOUTHEAST,2287,281,4844.36,1353,148,2483.04
2026-08-17,SALD,MIDWEST,2010,242,4600.18,1216,125,1986.37
2026-08-17,SALD,WEST,2642,340,5892.56,1899,219,3888.28
2026-08-18,SALD,NORTHEAST,2389,271,4652.97,1749,178,3084.29
2026-08-18,SALD,SOUTHEAST,2238,293,5103.98,1349,169,2793.6
2026-08-18,SALD,MIDWEST,1921,215,3676.11,1163,128,1934.71
2026-08-18,SALD,WEST,2668,290,5206.26,1766,185,3054.54
2026-08-19,SALD,NORTHEAST,2295,286,5159.19,1856,158,2710.56
2026-08-19,SALD,SOUTHEAST,2331,298,5053.54,1523,163,2790.05
2026-08-19,SALD,MIDWEST,1970,250,4476.18,1307,155,2531.65
2026-08-19,SALD,WEST,2528,324,5985.07,1917,230,4089.38
2026-08-20,SALD,NORTHEAST,2365,268,4443.75,1404,143,2355.99
2026-08-20,SALD,SOUTHEAST,1952,269,4805.66,1652,187,3320.36
2026-08-20,SALD,MIDWEST,1769,202,3508.62,1393,153,2538.56
2026-08-20,SALD,WEST,2766,338,6115.75,1919,258,4273.69
2026-08-21,SALD,NORTHEAST,2504,328,5720.58,1843,206,3324.83
2026-08-21,SALD,SOUTHEAST,2241,278,5032.26,1463,152,2726.78
2026-08-21,SALD,MIDWEST,1872,233,4019.73,1390,143,2399.14
2026-08-21,SALD,WEST,2795,367,6314.18,2023,223,3822.81
2026-08-22,SALD,NORTHEAST,2399,324,5645.75,1568,158,2677.62
2026-08-22,SALD,SOUTHEAST,2167,258,4656.2,1397,163,2736.42
2026-08-22,SALD,MIDWEST,1777,233,4310.0,1260,144,2331.81
2026-08-22,SALD,WEST,2857,359,6639.02,1776,221,3716.96
2026-08-23,SALD,NORTHEAST,2393,282,5086.08,1937,216,3625.45
2026-08-23,SALD,SOUTHEAST,2109,290,5131.61,1343,150,2463.15
2026-08-23,SALD,MIDWEST,1875,267,4556.13,1205,147,2355.9
2026-08-23,SALD,WEST,2606,316,5513.79,1862,193,3141.32
2026-08-24,SALD,NORTHEAST,2298,306,5293.64,1748,208,3662.98
2026-08-24,SALD,SOUTHEAST,2063,280,5129.89,1584,184,3232.4
2026-08-24,SALD,MIDWEST,1951,232,4004.67,1324,153,2448.47
2026-08-24,SALD,WEST,2946,368,7013.11,1852,169,2753.08
2026-08-25,SALD,NORTHEAST,2660,341,6432.08,1433,150,2449.76
2026-08-25,SALD,SOUTHEAST,2139,267,4800.08,1818,180,3100.02
2026-08-25,SALD,MIDWEST,1887,222,4050.15,1359,158,2681.08
2026-08-25,SALD,WEST,2635,365,6743.04,2064,262,4417.09
2026-08-26,SALD,NORTHEAST,2579,327,5749.13,1590,191,3143.04
2026-08-26,SALD,SOUTHEAST,2207,285,4619.8,1638,195,3486.79
2026-08-26,SALD,MIDWEST,1946,225,3969.45,1453,166,2669.78
2026-08-26,SALD,WEST,2744,330,5850.63,1868,186,3079.21
2026-08-27,SALD,NORTHEAST,2449,316,5436.71,1685,210,3608.15
2026-08-27,SALD,SOUTHEAST,2055,258,4628.11,1559,208,3587.44
2026-08-27,SALD,MIDWEST,1909,243,4252.66,1311,153,2483.11
2026-08-27,SALD,WEST,2647,366,6487.22,1887,234,3955.11
2026-08-28,SALD,NORTHEAST,2449,333,5920.24,1537,156,2628.78
2026-08-28,SALD,SOUTHEAST,2228,284,4794.12,1561,194,3157.75
2026-08-28,SALD,MIDWEST,1810,230,4090.39,1087,119,1915.88
2026-08-28,SALD,WEST,2422,349,5963.96,2087,253,4463.9
2026-08-29,SALD,NORTHEAST,2353,291,5223.69,1754,216,3715.64
2026-08-29,SALD,SOUTHEAST,2091,281,5042.18,1476,186,3262.05
2026-08-29,SALD,MIDWEST,1878,244,4416.95,1318,147,2299.66
2026-08-29,SALD,WEST,2695,307,5373.37,2055,237,3771.87
2026-08-30,SALD,NORTHEAST,2255,266,4751.05,1538,201,3212.43
2026-08-30,SALD,SOUTHEAST,2240,285,5102.5,1696,182,2775.86
2026-08-30,SALD,MIDWEST,1864,216,3939.96,1559,185,2956.88
2026-08-30,SALD,WEST,2637,314,5433.43,2172,297,5125.74
2026-03-02,DELI,NORTHEAST,4730,467,6379.83,176,21,254.76
2026-03-02,DELI,SOUTHEAST,4591,501,6846.38,189,24,302.08
2026-03-02,DELI,MIDWEST,3833,415,5467.04,159,17,229.12
2026-03-02,DELI,WEST,5540,572,8373.16,232,26,332.85
2026-03-03,DELI,NORTHEAST,5078,525,7107.28,196,24,311.86
2026-03-03,DELI,SOUTHEAST,4231,414,5741.3,163,17,213.86
2026-03-03,DELI,MIDWEST,3864,420,5421.11,182,22,267.83
2026-03-03,DELI,WEST,5289,538,7156.82,205,20,267.76
2026-03-04,DELI,NORTHEAST,5500,574,7459.68,219,24,296.72
2026-03-04,DELI,SOUTHEAST,4098,488,6670.12,181,22,306.93
2026-03-04,DELI,MIDWEST,3790,367,4735.08,172,19,252.85
2026-03-04,DELI,WEST,5340,471,6267.18,210,22,287.12
2026-03-05,DELI,NORTHEAST,5030,555,7686.67,177,20,268.17
2026-03-05,DELI,SOUTHEAST,4054,390,5569.33,183,20,271.35
2026-03-05,DELI,MIDWEST,4073,453,6222.33,159,18,234.21
2026-03-05,DELI,WEST,4877,573,7982.0,247,31,399.53
2026-03-06,DELI,NORTHEAST,4580,462,6266.73,213,21,277.92
2026-03-06,DELI,SOUTHEAST,4177,503,6669.12,194,18,248.26
2026-03-06,DELI,MIDWEST,4102,449,6090.96,198,22,269.41
2026-03-06,DELI,WEST,5090,530,7379.43,219,27,354.25
2026-03-07,DELI,NORTHEAST,4715,535,7141.23,232,25,326.91
2026-03-07,DELI,SOUTHEAST,4004,444,5967.1,231,28,381.47
2026-03-07,DELI,MIDWEST,3697,383,5256.82,182,20,279.46
2026-03-07,DELI,WEST,5023,501,6637.46,217,21,280.84
2026-03-08,DELI,NORTHEAST,5334,593,8189.78,246,26,357.79
2026-03-08,DELI,SOUTHEAST,4411,491,6460.28,177,20,248.21
2026-03-08,DELI,MIDWEST,3640,380,5193.13,194,23,304.96
2026-03-08,DELI,WEST,4862,468,6257.59,197,21,270.92
2026-03-09,DELI,NORTHEAST,4530,453,6136.52,233,23,311.22
2026-03-09,DELI,SOUTHEAST,4097,463,5990.85,201,24,300.15
2026-03-09,DELI,MIDWEST,3995,462,6318.44,199,24,321.07
2026-03-09,DELI,WEST,4824,543,7396.83,229,22,312.12
2026-03-10,DELI,NORTHEAST,4832,479,6136.06,195,21,248.25
2026-03-10,DELI,SOUTHEAST,3870,407,5434.45,199,25,313.64
2026-03-10,DELI,MIDWEST,3633,401,5174.9,194,22,279.04
2026-03-10,DELI,WEST,5715,556,7565.63,294,33,437.52
2026-03-11,DELI,NORTHEAST,5021,560,7428.91,224,26,354.64
2026-03-11,DELI,SOUTHEAST,4319,464,6432.94,223,25,321.49
2026-03-11,DELI,MIDWEST,4137,448,5674.26,175,21,260.41
2026-03-11,DELI,WEST,5577,635,8577.54,228,29,363.11
2026-03-12,DELI,NORTHEAST,5114,574,7489.48,247,24,335.01
2026-03-12,DELI,SOUTHEAST,4615,526,6981.14,210,24,308.09
2026-03-12,DELI,MIDWEST,3727,380,4968.18,175,19,258.32
2026-03-12,DELI,WEST,5310,557,7172.05,244,30,378.1
2026-03-13,DELI,NORTHEAST,4828,517,6984.23,260,29,368.54
2026-03-13,DELI,SOUTHEAST,4554,436,5713.81,190,19,249.62
2026-03-13,DELI,MIDWEST,4064,440,6048.89,194,22,274.34
2026-03-13,DELI,WEST,4779,522,6905.83,243,32,401.69
2026-03-14,DELI,NORTHEAST,4863,555,7610.63,214,27,341.92
2026-03-14,DELI,SOUTHEAST,4602,496,6695.11,186,17,215.84
2026-03-14,DELI,MIDWEST,3849,398,5054.75,177,17,233.07
2026-03-14,DELI,WEST,5240,580,8002.68,233,28,346.35
2026-03-15,DELI,NORTHEAST,4730,496,6529.85,257,28,375.23
2026-03-15,DELI,SOUTHEAST,4550,417,5595.73,223,25,328.39
2026-03-15,DELI,MIDWEST,3711,365,5013.75,224,28,349.19
2026-03-15,DELI,WEST,5338,528,7530.22,285,30,397.04
2026-03-16,DELI,NORTHEAST,4578,467,6302.53,251,29,361.06
2026-03-16,DELI,SOUTHEAST,4603,580,7372.16,229,26,340.19
2026-03-16,DELI,MIDWEST,3781,408,5553.13,197,21,290.98
2026-03-16,DELI,WEST,5331,629,8644.7,225,23,304.32
2026-03-17,DELI,NORTHEAST,4091,456,5839.25,277,31,427.56
2026-03-17,DELI,SOUTHEAST,4174,485,6399.87,210,23,297.12
2026-03-17,DELI,MIDWEST,3768,375,4920.43,202,22,291.88
2026-03-17,DELI,WEST,5104,588,7937.23,269,29,376.92
2026-03-18,DELI,NORTHEAST,4925,577,8154.66,236,27,355.42
2026-03-18,DELI,SOUTHEAST,4454,449,6117.33,236,28,371.01
2026-03-18,DELI,MIDWEST,3841,397,5275.19,197,23,330.82
2026-03-18,DELI,WEST,5383,579,7910.07,271,27,360.61
2026-03-19,DELI,NORTHEAST,4868,571,7730.75,278,34,436.14
2026-03-19,DELI,SOUTHEAST,4535,510,6933.37,214,25,326.61
2026-03-19,DELI,MIDWEST,3795,417,5553.56,207,25,309.77
2026-03-19,DELI,WEST,5076,560,7719.21,278,33,425.71
2026-03-20,DELI,NORTHEAST,4705,538,6729.68,285,35,457.89
2026-03-20,DELI,SOUTHEAST,4248,464,6287.03,232,27,352.91
2026-03-20,DELI,MIDWEST,3947,411,5354.56,220,24,311.06
2026-03-20,DELI,WEST,5539,599,8302.8,254,28,385.61
2026-03-21,DELI,NORTHEAST,4563,509,7214.03,242,26,328.62
2026-03-21,DELI,SOUTHEAST,4390,527,7203.26,229,24,293.0
2026-03-21,DELI,MIDWEST,3751,415,5569.56,210,22,279.14
2026-03-21,DELI,WEST,5421,564,7295.59,269,32,395.18
2026-03-22,DELI,NORTHEAST,4732,528,7378.43,272,27,352.6
2026-03-22,DELI,SOUTHEAST,4271,442,5906.75,245,31,423.5
2026-03-22,DELI,MIDWEST,3913,413,5420.72,221,21,294.05
2026-03-22,DELI,WEST,5459,590,7893.84,271,32,382.14
2026-03-23,DELI,NORTHEAST,4993,588,8422.59,252,27,353.19
2026-03-23,DELI,SOUTHEAST,4152,418,5638.32,226,30,387.13
2026-03-23,DELI,MIDWEST,3587,351,4804.86,217,25,324.07
2026-03-23,DELI,WEST,5476,614,8306.85,311,32,423.04
2026-03-24,DELI,NORTHEAST,4856,521,6906.79,286,32,416.25
2026-03-24,DELI,SOUTHEAST,4618,448,5831.89,257,25,317.28
2026-03-24,DELI,MIDWEST,3904,448,6345.63,216,25,314.46
2026-03-24,DELI,WEST,5422,550,7223.13,284,33,410.08
2026-03-25,DELI,NORTHEAST,4655,482,6849.0,278,34,412.93
2026-03-25,DELI,SOUTHEAST,4328,540,7232.63,224,25,326.44
2026-03-25,DELI,MIDWEST,3554,423,5602.73,211,22,279.64
2026-03-25,DELI,WEST,5714,675,9109.79,320,35,449.43
2026-03-26,DELI,NORTHEAST,4637,470,6368.49,279,31,380.84
2026-03-26,DELI,SOUTHEAST,3991,373,5001.83,271,34,392.71
2026-03-26,DELI,MIDWEST,3743,364,4863.28,193,23,295.21
2026-03-26,DELI,WEST,5184,550,7664.5,247,26,353.96
2026-03-27,DELI,NORTHEAST,4851,534,7159.71,265,31,426.5
2026-03-27,DELI,SOUTHEAST,3972,432,5994.92,289,28,396.27
2026-03-27,DELI,MIDWEST,3693,372,5053.23,233,26,359.08
2026-03-27,DELI,WEST,5629,649,8667.08,299,34,457.42
2026-03-28,DELI,NORTHEAST,4324,449,6126.95,281,37,461.78
2026-03-28,DELI,SOUTHEAST,4125,405,5400.73,301,35,453.14
2026-03-28,DELI,MIDWEST,3908,427,5676.51,229,27,337.9
2026-03-28,DELI,WEST,5553,557,7427.22,324,38,461.04
2026-03-29,DELI,NORTHEAST,4975,522,7139.51,314,37,482.55
2026-03-29,DELI,SOUTHEAST,4326,453,6058.91,220,25,303.46
2026-03-29,DELI,MIDWEST,3936,442,5824.15,223,27,345.66
2026-03-29,DELI,WEST,5414,589,8384.55,276,32,436.34
2026-03-30,DELI,NORTHEAST,5247,612,8416.44,304,31,408.99
2026-03-30,DELI,SOUTHEAST,3848,418,5974.48,261,28,388.38
2026-03-30,DELI,MIDWEST,3854,432,5785.34,228,25,313.99
2026-03-30,DELI,WEST,5350,529,7011.61,334,39,542.98
2026-03-31,DELI,NORTHEAST,5002,551,7377.1,242,28,352.69
2026-03-31,DELI,SOUTHEAST,4094,454,5886.39,239,24,314.65
2026-03-31,DELI,MIDWEST,3774,423,5632.87,229,25,335.12
2026-03-31,DELI,WEST,5436,595,8078.11,307,39,517.35
2026-04-01,DELI,NORTHEAST,4868,507,6927.74,296,38,491.26
2026-04-01,DELI,SOUTHEAST,4444,484,6677.86,265,32,417.45
2026-04-01,DELI,MIDWEST,3756,401,5348.52,241,23,304.51
2026-04-01,DELI,WEST,5340,552,7083.79,278,33,414.28
2026-04-02,DELI,NORTHEAST,4517,492,6598.64,282,34,409.02
2026-04-02,DELI,SOUTHEAST,4124,437,6055.56,310,40,537.34
2026-04-02,DELI,MIDWEST,3807,377,4870.29,242,31,427.63
2026-04-02,DELI,WEST,5361,604,8495.94,276,34,426.91
2026-04-03,DELI,NORTHEAST,4613,486,6831.58,337,39,504.33
2026-04-03,DELI,SOUTHEAST,4069,441,5769.54,285,30,379.3
2026-04-03,DELI,MIDWEST,4065,420,5790.51,252,28,343.45
2026-04-03,DELI,WEST,4943,561,7648.71,323,34,423.26
2026-04-04,DELI,NORTHEAST,4645,469,6332.36,293,32,387.48
2026-04-04,DELI,SOUTHEAST,4418,472,6494.25,273,34,428.18
2026-04-04,DELI,MIDWEST,3847,434,5876.42,261,27,345.59
2026-04-04,DELI,WEST,5345,594,8005.92,312,36,469.88
2026-04-05,DELI,NORTHEAST,4944,441,6040.9,327,38,494.98
2026-04-05,DELI,SOUTHEAST,4098,416,5635.63,271,31,380.25
2026-04-05,DELI,MIDWEST,4080,466,6458.64,256,28,371.82
2026-04-05,DELI,WEST,5513,613,8302.37,329,38,462.01
2026-04-06,DELI,NORTHEAST,4782,553,6800.51,256,28,381.06
2026-04-06,DELI,SOUTHEAST,4353,425,5873.01,337,41,536.95
2026-04-06,DELI,MIDWEST,4406,500,6948.88,273,30,371.42
2026-04-06,DELI,WEST,5178,499,6490.5,348,38,443.66
2026-04-07,DELI,NORTHEAST,4785,468,6396.24,285,27,320.53
2026-04-07,DELI,SOUTHEAST,4422,458,6129.55,279,32,437.64
2026-04-07,DELI,MIDWEST,3803,448,5698.67,252,27,354.91
2026-04-07,DELI,WEST,5549,589,7721.12,357,37,470.26
2026-04-08,DELI,NORTHEAST,4882,565,7787.56,283,29,369.21
2026-04-08,DELI,SOUTHEAST,4478,483,6634.06,306,31,348.52
2026-04-08,DELI,MIDWEST,3791,390,5361.5,261,29,376.54
2026-04-08,DELI,WEST,4895,526,7127.34,335,38,487.4
2026-04-09,DELI,NORTHEAST,5061,532,6885.6,312,36,501.57
2026-04-09,DELI,SOUTHEAST,4029,441,6146.5,285,33,404.97
2026-04-09,DELI,MIDWEST,3789,410,5629.28,265,31,375.58
2026-04-09,DELI,WEST,5707,592,8123.32,344,39,551.2
2026-04-10,DELI,NORTHEAST,5146,584,7949.17,292,31,392.02
2026-04-10,DELI,SOUTHEAST,4059,444,5990.67,292,32,404.61
2026-04-10,DELI,MIDWEST,4076,449,6155.6,261,31,381.26
2026-04-10,DELI,WEST,5455,613,8076.91,396,43,562.5
2026-04-11,DELI,NORTHEAST,5118,533,6658.22,301,32,419.23
2026-04-11,DELI,SOUTHEAST,4183,406,5220.98,313,37,424.03
2026-04-11,DELI,MIDWEST,3912,392,5539.64,279,31,379.63
2026-04-11,DELI,WEST,5092,558,7429.73,322,33,442.92
2026-04-12,DELI,NORTHEAST,5215,594,8254.95,337,39,467.65
2026-04-12,DELI,SOUTHEAST,4417,439,6101.55,278,33,447.03
2026-04-12,DELI,MIDWEST,3786,391,5504.68,263,30,376.7
2026-04-12,DELI,WEST,5340,521,6841.38,381,44,567.25
2026-04-13,DELI,NORTHEAST,4891,559,7664.79,364,43,542.27
2026-04-13,DELI,SOUTHEAST,4191,458,6130.76,295,33,408.6
2026-04-13,DELI,MIDWEST,3809,382,4992.37,223,26,333.38
2026-04-13,DELI,WEST,5569,567,7678.23,413,43,556.58
2026-04-14,DELI,NORTHEAST,4596,533,7495.07,333,35,480.9
2026-04-14,DELI,SOUTHEAST,4346,536,7416.15,278,29,390.54
2026-04-14,DELI,MIDWEST,3819,404,5484.92,258,31,433.24
2026-04-14,DELI,WEST,5625,631,8427.24,335,39,501.02
2026-04-15,DELI,NORTHEAST,4494,455,6396.96,333,38,488.65
2026-04-15,DELI,SOUTHEAST,4155,466,6243.8,277,34,420.98
2026-04-15,DELI,MIDWEST,3481,374,4942.71,265,30,399.15
2026-04-15,DELI,WEST,5204,559,7729.02,317,37,456.43
2026-04-16,DELI,NORTHEAST,4769,526,7363.75,354,46,609.26
2026-04-16,DELI,SOUTHEAST,4195,443,5985.3,348,37,460.98
2026-04-16,DELI,MIDWEST,3984,410,5572.7,255,26,357.5
2026-04-16,DELI,WEST,5417,546,7389.74,347,43,543.59
2026-04-17,DELI,NORTHEAST,4697,493,6400.01,356,42,573.63
2026-04-17,DELI,SOUTHEAST,4038,419,5292.98,337,40,534.76
2026-04-17,DELI,MIDWEST,3662,362,5010.18,267,30,399.03
2026-04-17,DELI,WEST,5287,538,7098.24,362,37,467.05
2026-04-18,DELI,NORTHEAST,4512,459,6162.94,363,42,549.43
2026-04-18,DELI,SOUTHEAST,4310,447,5790.21,308,31,401.39
2026-04-18,DELI,MIDWEST,3866,446,6123.42,262,28,396.9
2026-04-18,DELI,WEST,5653,577,8022.54,401,46,596.16
2026-04-19,DELI,NORTHEAST,4787,485,6724.33,381,46,560.27
2026-04-19,DELI,SOUTHEAST,4486,430,5854.91,302,36,472.66
2026-04-19,DELI,MIDWEST,4013,454,6158.58,297,34,419.9
2026-04-19,DELI,WEST,4794,457,5886.63,371,37,492.75
2026-04-20,DELI,NORTHEAST,4674,523,6776.26,403,48,638.09
2026-04-20,DELI,SOUTHEAST,4477,450,6143.7,310,34,443.71
2026-04-20,DELI,MIDWEST,3992,448,5912.51,264,31,405.59
2026-04-20,DELI,WEST,5326,565,7386.0,343,36,467.17
2026-04-21,DELI,NORTHEAST,5107,631,8513.61,352,39,515.61
2026-04-21,DELI,SOUTHEAST,4186,418,5689.93,320,41,540.53
2026-04-21,DELI,MIDWEST,4022,431,5828.23,311,32,406.23
2026-04-21,DELI,WEST,5041,511,6974.3,391,45,613.19
2026-04-22,DELI,NORTHEAST,4737,504,7022.29,340,39,490.13
2026-04-22,DELI,SOUTHEAST,4418,503,6680.21,350,37,503.31
2026-04-22,DELI,MIDWEST,3840,436,5515.1,302,33,393.69
2026-04-22,DELI,WEST,5247,507,6977.14,384,45,556.09
2026-04-23,DELI,NORTHEAST,4972,525,7090.01,349,46,546.79
2026-04-23,DELI,SOUTHEAST,4072,413,5612.37,367,39,498.8
2026-04-23,DELI,MIDWEST,3632,376,5246.23,293,28,367.99
2026-04-23,DELI,WEST,4877,523,7338.03,404,45,591.27
2026-04-24,DELI,NORTHEAST,5280,505,6798.25,425,43,560.61
2026-04-24,DELI,SOUTHEAST,4367,435,5736.8,353,34,443.91
2026-04-24,DELI,MIDWEST,3853,438,6068.89,311,36,461.95
2026-04-24,DELI,WEST,5298,555,7184.68,437,55,699.98
2026-04-25,DELI,NORTHEAST,5081,546,7416.14,369,40,521.48
2026-04-25,DELI,SOUTHEAST,4003,460,6770.4,314,29,365.91
2026-04-25,DELI,MIDWEST,3895,393,5551.29,247,31,391.97
2026-04-25,DELI,WEST,5214,549,7485.02,413,50,640.25
2026-04-26,DELI,NORTHEAST,4789,544,7356.31,439,51,660.81
2026-04-26,DELI,SOUTHEAST,4187,463,6489.01,297,35,464.29
2026-04-26,DELI,MIDWEST,3833,390,5051.61,329,35,431.45
2026-04-26,DELI,WEST,5246,535,7610.23,431,54,735.41
2026-04-27,DELI,NORTHEAST,4673,454,6271.23,381,38,495.8
2026-04-27,DELI,SOUTHEAST,4243,437,6017.18,325,33,402.27
2026-04-27,DELI,MIDWEST,3986,414,5658.7,327,37,486.18
2026-04-27,DELI,WEST,5322,605,7945.6,423,52,691.73
2026-04-28,DELI,NORTHEAST,4910,444,5984.85,373,43,523.81
2026-04-28,DELI,SOUTHEAST,4371,474,6274.94,324,38,512.23
2026-04-28,DELI,MIDWEST,3740,384,4916.36,298,36,428.62
2026-04-28,DELI,WEST,4644,505,6745.78,443,54,685.34
2026-04-29,DELI,NORTHEAST,4569,562,7642.16,413,48,606.96
2026-04-29,DELI,SOUTHEAST,3831,396,5654.88,321,35,474.25
2026-04-29,DELI,MIDWEST,4024,411,5279.78,279,32,413.58
2026-04-29,DELI,WEST,5545,584,7836.57,459,52,647.55
2026-04-30,DELI,NORTHEAST,4826,474,6263.5,373,41,513.73
2026-04-30,DELI,SOUTHEAST,4394,438,5697.11,378,36,442.37
2026-04-30,DELI,MIDWEST,3817,402,5483.85,297,32,423.6
2026-04-30,DELI,WEST,5168,496,6735.05,464,55,736.11
2026-05-01,DELI,NORTHEAST,4449,498,6970.69,332,42,534.19
2026-05-01,DELI,SOUTHEAST,3914,466,6337.33,350,39,556.48
2026-05-01,DELI,MIDWEST,3676,366,4805.47,306,29,388.65
2026-05-01,DELI,WEST,4634,461,6311.11,378,36,444.64
2026-05-02,DELI,NORTHEAST,5088,527,7267.18,448,45,579.02
2026-05-02,DELI,SOUTHEAST,4294,489,6773.34,400,38,516.67
2026-05-02,DELI,MIDWEST,4094,435,5923.95,344,42,525.27
2026-05-02,DELI,WEST,5698,660,9264.21,446,50,621.13
2026-05-03,DELI,NORTHEAST,4395,487,6615.74,395,38,477.21
2026-05-03,DELI,SOUTHEAST,4649,489,6675.73,359,40,542.65
2026-05-03,DELI,MIDWEST,3588,396,5180.12,340,37,471.39
2026-05-03,DELI,WEST,4846,548,7662.14,393,41,538.72
2026-05-04,DELI,NORTHEAST,4811,503,6705.28,444,46,586.2
2026-05-04,DELI,SOUTHEAST,4494,474,5825.79,373,39,469.04
2026-05-04,DELI,MIDWEST,4116,443,6260.98,315,33,446.97
2026-05-04,DELI,WEST,4948,536,7331.61,412,46,576.97
2026-05-05,DELI,NORTHEAST,4584,489,6563.29,446,49,619.86
2026-05-05,DELI,SOUTHEAST,4169,488,6403.59,382,40,490.45
2026-05-05,DELI,MIDWEST,3733,394,5133.11,332,37,496.49
2026-05-05,DELI,WEST,5178,580,7486.13,483,62,863.0
2026-05-06,DELI,NORTHEAST,5004,505,6839.7,406,42,504.43
2026-05-06,DELI,SOUTHEAST,4353,479,6314.42,369,47,584.67
2026-05-06,DELI,MIDWEST,3669,414,5433.35,310,33,415.95
2026-05-06,DELI,WEST,5455,581,8031.94,421,45,551.07
2026-05-07,DELI,NORTHEAST,5130,559,7479.25,420,48,595.08
2026-05-07,DELI,SOUTHEAST,4354,507,7120.4,355,43,517.33
2026-05-07,DELI,MIDWEST,3869,444,5870.89,309,31,410.83
2026-05-07,DELI,WEST,5194,532,7642.5,396,46,629.55
2026-05-08,DELI,NORTHEAST,4664,474,6845.08,404,51,629.54
2026-05-08,DELI,SOUTHEAST,4140,464,6529.01,364,40,531.37
2026-05-08,DELI,MIDWEST,4026,387,5355.18,287,34,452.12
2026-05-08,DELI,WEST,5835,674,8945.94,480,54,683.96
2026-05-09,DELI,NORTHEAST,4911,511,6736.38,453,55,733.22
2026-05-09,DELI,SOUTHEAST,4231,495,6906.38,342,36,442.95
2026-05-09,DELI,MIDWEST,4292,502,6914.75,340,43,541.01
2026-05-09,DELI,WEST,5114,584,7813.69,461,48,607.78
2026-05-10,DELI,NORTHEAST,4785,517,6619.71,417,47,612.68
2026-05-10,DELI,SOUTHEAST,4433,476,6592.14,372,37,472.36
2026-05-10,DELI,MIDWEST,4124,453,6213.34,379,45,585.59
2026-05-10,DELI,WEST,5671,609,7763.4,469,63,816.85
2026-05-11,DELI,NORTHEAST,5222,589,7922.04,411,48,640.98
2026-05-11,DELI,SOUTHEAST,4310,438,5868.87,361,43,529.62
2026-05-11,DELI,MIDWEST,3743,420,5810.29,306,35,447.01
2026-05-11,DELI,WEST,5589,631,8488.71,488,54,677.08
2026-05-12,DELI,NORTHEAST,5158,491,6359.16,469,61,766.94
2026-05-12,DELI,SOUTHEAST,4642,478,6216.97,393,47,606.62
2026-05-12,DELI,MIDWEST,4113,436,5844.96,319,37,506.62
2026-05-12,DELI,WEST,5014,529,6842.15,462,46,598.75
2026-05-13,DELI,NORTHEAST,4687,465,5886.99,401,43,525.88
2026-05-13,DELI,SOUTHEAST,4269,464,6121.43,431,50,637.19
2026-05-13,DELI,MIDWEST,3859,403,5446.1,323,34,450.92
2026-05-13,DELI,WEST,5094,549,7321.23,439,54,643.19
2026-05-14,DELI,NORTHEAST,5028,550,7628.9,497,60,830.95
2026-05-14,DELI,SOUTHEAST,4241,484,6699.01,420,44,543.56
2026-05-14,DELI,MIDWEST,4078,439,5863.26,278,28,365.94
2026-05-14,DELI,WEST,4847,509,6967.12,430,55,706.49
2026-05-15,DELI,NORTHEAST,4939,500,6898.36,471,50,643.65
2026-05-15,DELI,SOUTHEAST,4556,438,5787.31,357,39,492.07
2026-05-15,DELI,MIDWEST,4032,418,5322.76,362,41,491.32
2026-05-15,DELI,WEST,5381,592,7907.41,361,40,496.04
2026-05-16,DELI,NORTHEAST,4979,514,6887.65,410,49,629.61
2026-05-16,DELI,SOUTHEAST,4318,464,6083.95,402,50,656.56
2026-05-16,DELI,MIDWEST,3930,393,5287.45,364,42,559.21
2026-05-16,DELI,WEST,5046,503,6782.79,433,43,560.38
2026-05-17,DELI,NORTHEAST,4794,537,7280.13,402,46,558.9
2026-05-17,DELI,SOUTHEAST,4654,522,6667.44,411,50,648.15
2026-05-17,DELI,MIDWEST,3753,374,5140.32,382,45,599.06
2026-05-17,DELI,WEST,5313,620,8080.68,504,58,796.76
2026-05-18,DELI,NORTHEAST,4875,503,6719.76,454,55,657.27
2026-05-18,DELI,SOUTHEAST,4204,446,6449.98,423,44,538.67
2026-05-18,DELI,MIDWEST,3500,388,5068.67,346,41,549.19
2026-05-18,DELI,WEST,5411,592,8187.52,520,53,666.24
2026-05-19,DELI,NORTHEAST,4897,478,6174.12,357,36,465.64
2026-05-19,DELI,SOUTHEAST,3978,420,5470.65,378,39,498.68
2026-05-19,DELI,MIDWEST,3645,407,5456.09,293,30,377.74
2026-05-19,DELI,WEST,5018,545,7540.92,468,47,576.81
2026-05-20,DELI,NORTHEAST,4961,552,7526.03,491,54,696.44
2026-05-20,DELI,SOUTHEAST,4529,482,6713.48,442,52,731.05
2026-05-20,DELI,MIDWEST,3939,444,6044.04,387,44,563.71
2026-05-20,DELI,WEST,5008,575,7804.2,575,62,807.58
2026-05-21,DELI,NORTHEAST,5091,500,6892.31,417,45,547.47
2026-05-21,DELI,SOUTHEAST,3946,446,6244.73,376,44,552.12
2026-05-21,DELI,MIDWEST,3846,421,5822.41,367,47,608.8
2026-05-21,DELI,WEST,5413,555,7339.77,493,54,711.95
2026-05-22,DELI,NORTHEAST,4686,479,6412.54,483,46,613.6
2026-05-22,DELI,SOUTHEAST,4644,464,6055.55,449,54,721.23
2026-05-22,DELI,MIDWEST,3985,425,5560.63,396,54,709.54
2026-05-22,DELI,WEST,5027,518,7117.4,508,60,796.89
2026-05-23,DELI,NORTHEAST,4692,512,6552.43,500,65,838.06
2026-05-23,DELI,SOUTHEAST,3985,446,6316.24,452,41,541.97
2026-05-23,DELI,MIDWEST,3593,381,5289.45,413,43,511.71
2026-05-23,DELI,WEST,5228,578,7804.0,464,56,747.01
2026-05-24,DELI,NORTHEAST,4684,513,7136.97,468,51,660.94
2026-05-24,DELI,SOUTHEAST,4391,555,7827.64,451,52,668.28
2026-05-24,DELI,MIDWEST,3943,416,5656.17,432,52,644.6
2026-05-24,DELI,WEST,4912,519,6873.52,535,60,772.51
2026-05-25,DELI,NORTHEAST,5093,566,7709.55,410,50,588.94
2026-05-25,DELI,SOUTHEAST,4583,540,7229.21,417,44,565.35
2026-05-25,DELI,MIDWEST,3684,388,5390.63,339,38,458.51
2026-05-25,DELI,WEST,5346,517,6916.3,497,52,641.53
2026-05-26,DELI,NORTHEAST,5228,499,6912.05,476,50,675.36
2026-05-26,DELI,SOUTHEAST,4506,480,6286.73,455,49,657.11
2026-05-26,DELI,MIDWEST,3665,360,4712.61,412,45,597.99
2026-05-26,DELI,WEST,5021,489,6254.07,591,60,756.85
2026-05-27,DELI,NORTHEAST,5352,524,7083.23,501,47,617.99
2026-05-27,DELI,SOUTHEAST,4123,471,6292.43,445,49,643.22
2026-05-27,DELI,MIDWEST,3686,393,5309.08,360,39,489.88
2026-05-27,DELI,WEST,5402,567,7835.91,564,64,807.76
2026-05-28,DELI,NORTHEAST,4996,521,6825.12,441,47,615.47
2026-05-28,DELI,SOUTHEAST,4658,549,7377.02,457,44,548.31
2026-05-28,DELI,MIDWEST,3588,420,5715.86,340,44,560.58
2026-05-28,DELI,WEST,4706,564,7356.58,538,64,841.15
2026-05-29,DELI,NORTHEAST,4410,478,6054.21,468,60,699.07
2026-05-29,DELI,SOUTHEAST,4324,459,6314.29,374,44,618.05
2026-05-29,DELI,MIDWEST,3795,410,5730.06,389,42,523.0
2026-05-29,DELI,WEST,5390,550,7274.41,488,59,764.06
2026-05-30,DELI,NORTHEAST,4786,552,7071.25,484,59,740.05
2026-05-30,DELI,SOUTHEAST,4517,531,7749.65,461,53,665.9
2026-05-30,DELI,MIDWEST,3849,425,5448.5,353,37,459.94
2026-05-30,DELI,WEST,5269,600,7857.13,533,70,860.24
2026-05-31,DELI,NORTHEAST,4543,540,7610.46,475,63,773.66
2026-05-31,DELI,SOUTHEAST,4361,474,6236.46,435,46,645.91
2026-05-31,DELI,MIDWEST,3898,429,5953.16,351,44,531.29
2026-05-31,DELI,WEST,5694,629,8530.29,617,74,1001.73
2026-06-01,DELI,NORTHEAST,5421,598,7539.44,535,64,854.96
2026-06-01,DELI,SOUTHEAST,4289,460,6129.22,403,43,519.38
2026-06-01,DELI,MIDWEST,3949,453,5948.08,382,41,544.35
2026-06-01,DELI,WEST,5399,601,8180.4,487,55,699.08
2026-06-02,DELI,NORTHEAST,5053,512,6608.45,422,45,574.73
2026-06-02,DELI,SOUTHEAST,4507,454,5970.51,414,45,606.37
2026-06-02,DELI,MIDWEST,3790,391,5420.08,428,47,591.03
2026-06-02,DELI,WEST,5203,580,8029.22,584,60,816.33
2026-06-03,DELI,NORTHEAST,4852,560,7627.91,493,59,788.44
2026-06-03,DELI,SOUTHEAST,4299,458,6253.22,411,43,532.42
2026-06-03,DELI,MIDWEST,3869,411,5348.31,385,41,529.1
2026-06-03,DELI,WEST,5504,637,8998.46,562,58,721.89
2026-06-04,DELI,NORTHEAST,4629,490,6553.81,480,50,646.91
2026-06-04,DELI,SOUTHEAST,4132,449,5923.52,477,51,678.85
2026-06-04,DELI,MIDWEST,3821,432,5842.85,367,43,542.84
2026-06-04,DELI,WEST,5482,617,7876.39,554,64,852.05
2026-06-05,DELI,NORTHEAST,4732,486,6561.12,465,52,647.5
2026-06-05,DELI,SOUTHEAST,4544,504,6598.05,401,48,614.74
2026-06-05,DELI,MIDWEST,4068,449,6211.67,332,36,463.21
2026-06-05,DELI,WEST,4857,565,7460.76,538,57,703.25
2026-06-06,DELI,NORTHEAST,4502,508,6802.44,488,64,833.53
2026-06-06,DELI,SOUTHEAST,3923,415,5494.88,472,59,735.53
2026-06-06,DELI,MIDWEST,4197,451,6006.4,542,64,830.76
2026-06-06,DELI,WEST,5172,594,7786.58,575,65,826.87
2026-06-07,DELI,NORTHEAST,4845,555,7429.43,542,60,746.16
2026-06-07,DELI,SOUTHEAST,4114,395,5554.81,456,64,770.32
2026-06-07,DELI,MIDWEST,3851,428,5599.21,415,45,621.74
2026-06-07,DELI,WEST,5043,525,6905.18,518,60,831.19
2026-06-08,DELI,NORTHEAST,4815,518,6944.49,458,45,636.24
2026-06-08,DELI,SOUTHEAST,4355,478,6810.07,447,48,617.6
2026-06-08,DELI,MIDWEST,4249,510,6615.1,393,43,563.5
2026-06-08,DELI,WEST,5367,582,7917.84,541,67,840.99
2026-06-09,DELI,NORTHEAST,4295,519,7199.68,484,56,800.23
2026-06-09,DELI,SOUTHEAST,4551,549,8023.97,497,59,775.72
2026-06-09,DELI,MIDWEST,3781,415,5652.29,394,44,559.2
2026-06-09,DELI,WEST,5442,561,7485.43,601,64,869.72
2026-06-10,DELI,NORTHEAST,4727,474,6611.97,511,61,772.84
2026-06-10,DELI,SOUTHEAST,4514,499,6813.83,489,51,651.8
2026-06-10,DELI,MIDWEST,3659,410,5537.68,423,52,707.92
2026-06-10,DELI,WEST,5431,536,7420.78,602,66,859.47
2026-06-11,DELI,NORTHEAST,5043,584,8465.59,608,66,861.85
2026-06-11,DELI,SOUTHEAST,4508,459,6214.49,514,61,822.63
2026-06-11,DELI,MIDWEST,3892,408,5541.56,381,43,569.55
2026-06-11,DELI,WEST,5048,611,7828.25,527,64,835.6
2026-06-12,DELI,NORTHEAST,5047,586,7896.89,596,66,848.75
2026-06-12,DELI,SOUTHEAST,4052,448,5817.25,482,56,720.34
2026-06-12,DELI,MIDWEST,4231,496,6624.97,401,49,624.13
2026-06-12,DELI,WEST,5525,597,7955.39,602,62,807.5
2026-06-13,DELI,NORTHEAST,5246,572,7655.28,519,58,732.06
2026-06-13,DELI,SOUTHEAST,4035,372,4884.98,432,48,627.9
2026-06-13,DELI,MIDWEST,3916,437,5950.81,426,54,743.58
2026-06-13,DELI,WEST,5356,592,8092.68,565,70,888.7
2026-06-14,DELI,NORTHEAST,4843,468,6200.61,496,54,763.51
2026-06-14,DELI,SOUTHEAST,4285,418,5699.39,539,60,798.28
2026-06-14,DELI,MIDWEST,4110,433,5789.56,437,45,559.46
2026-06-14,DELI,WEST,5136,530,7503.31,566,70,834.16
2026-06-15,DELI,NORTHEAST,4983,507,6947.3,563,66,824.41
2026-06-15,DELI,SOUTHEAST,4284,453,6356.82,509,51,678.19
2026-06-15,DELI,MIDWEST,4069,432,6081.99,402,48,606.63
2026-06-15,DELI,WEST,5311,619,8165.54,578,67,881.53
2026-06-16,DELI,NORTHEAST,4450,458,6294.31,575,73,949.66
2026-06-16,DELI,SOUTHEAST,4718,479,6687.93,494,66,881.82
2026-06-16,DELI,MIDWEST,3724,426,5856.26,424,48,603.54
2026-06-16,DELI,WEST,5491,577,7837.2,585,75,1002.46
2026-06-17,DELI,NORTHEAST,4672,470,6212.38,579,68,856.38
2026-06-17,DELI,SOUTHEAST,4360,491,6703.38,561,63,781.44
2026-06-17,DELI,MIDWEST,3878,410,5446.78,498,55,704.68
2026-06-17,DELI,WEST,5439,548,6989.84,597,63,751.65
2026-06-18,DELI,NORTHEAST,4767,515,6772.79,583,56,725.33
2026-06-18,DELI,SOUTHEAST,4341,457,5974.37,508,60,763.62
2026-06-18,DELI,MIDWEST,3618,362,4737.7,433,52,653.45
2026-06-18,DELI,WEST,5238,585,7775.71,558,69,915.08
2026-06-19,DELI,NORTHEAST,4662,478,6779.93,538,56,744.0
2026-06-19,DELI,SOUTHEAST,4452,465,6260.34,547,61,718.61
2026-06-19,DELI,MIDWEST,3845,394,5412.93,400,42,555.87
2026-06-19,DELI,WEST,5147,648,8551.35,633,78,1006.56
2026-06-20,DELI,NORTHEAST,4925,489,6375.55,628,79,945.87
2026-06-20,DELI,SOUTHEAST,4119,409,5553.63,487,49,633.23
2026-06-20,DELI,MIDWEST,3527,397,5751.16,484,49,631.43
2026-06-20,DELI,WEST,5101,548,7495.9,614,63,862.63
2026-06-21,DELI,NORTHEAST,4918,547,7036.47,566,76,950.21
2026-06-21,DELI,SOUTHEAST,4233,433,5813.85,472,56,672.38
2026-06-21,DELI,MIDWEST,4131,436,6062.21,458,47,625.3
2026-06-21,DELI,WEST,5133,627,8545.9,601,68,845.76
2026-06-22,DELI,NORTHEAST,4770,523,7104.34,568,70,921.82
2026-06-22,DELI,SOUTHEAST,4082,432,5811.54,523,57,687.96
2026-06-22,DELI,MIDWEST,3871,430,5339.72,450,51,637.42
2026-06-22,DELI,WEST,5351,580,7621.06,606,74,930.25
2026-06-23,DELI,NORTHEAST,5266,569,7291.88,541,56,699.28
2026-06-23,DELI,SOUTHEAST,4046,444,5652.45,462,60,708.93
2026-06-23,DELI,MIDWEST,3773,397,5225.57,413,46,523.11
2026-06-23,DELI,WEST,5200,594,8255.3,691,71,966.04
2026-06-24,DELI,NORTHEAST,5249,565,7567.8,626,74,958.19
2026-06-24,DELI,SOUTHEAST,3995,429,5656.99,540,60,755.41
2026-06-24,DELI,MIDWEST,3924,424,5735.72,413,47,652.13
2026-06-24,DELI,WEST,5389,573,7647.65,616,70,817.12
2026-06-25,DELI,NORTHEAST,4783,530,7275.42,558,69,867.85
2026-06-25,DELI,SOUTHEAST,4288,476,6464.2,511,51,683.34
2026-06-25,DELI,MIDWEST,3988,397,4970.65,460,53,666.82
2026-06-25,DELI,WEST,4915,554,7559.8,575,66,775.25
2026-06-26,DELI,NORTHEAST,5060,547,7132.95,526,61,839.37
2026-06-26,DELI,SOUTHEAST,4572,491,6246.7,463,55,691.94
2026-06-26,DELI,MIDWEST,4064,430,5908.68,367,38,464.69
2026-06-26,DELI,WEST,5722,665,9072.46,571,72,955.48
2026-06-27,DELI,NORTHEAST,4148,420,5583.11,564,61,757.07
2026-06-27,DELI,SOUTHEAST,4291,500,6604.61,455,57,698.25
2026-06-27,DELI,MIDWEST,3684,410,5648.8,481,53,697.78
2026-06-27,DELI,WEST,5235,520,6937.36,660,68,897.39
2026-06-28,DELI,NORTHEAST,4537,549,7497.8,605,74,916.82
2026-06-28,DELI,SOUTHEAST,4059,439,5826.34,507,68,846.97
2026-06-28,DELI,MIDWEST,3742,406,5492.96,436,52,675.49
2026-06-28,DELI,WEST,5421,609,8305.23,602,59,743.03
2026-06-29,DELI,NORTHEAST,4681,511,6659.95,604,66,876.58
2026-06-29,DELI,SOUTHEAST,4405,495,6670.07,613,70,876.36
2026-06-29,DELI,MIDWEST,3907,405,5163.78,401,42,533.55
2026-06-29,DELI,WEST,5226,555,7679.81,573,68,862.82
2026-06-30,DELI,NORTHEAST,4679,474,5902.21,607,75,913.18
2026-06-30,DELI,SOUTHEAST,4153,409,5498.6,546,56,710.51
2026-06-30,DELI,MIDWEST,3980,454,6143.37,508,53,707.7
2026-06-30,DELI,WEST,5143,527,6673.45,744,78,1047.43
2026-07-01,DELI,NORTHEAST,5024,525,7048.64,624,71,946.24
2026-07-01,DELI,SOUTHEAST,4331,440,5743.54,507,59,770.33
2026-07-01,DELI,MIDWEST,3883,399,5252.99,488,59,737.85
2026-07-01,DELI,WEST,5036,482,6437.29,554,69,920.73
2026-07-02,DELI,NORTHEAST,4679,523,6973.57,584,62,778.87
2026-07-02,DELI,SOUTHEAST,4449,460,6176.0,526,52,652.12
2026-07-02,DELI,MIDWEST,3570,376,4982.83,474,50,622.55
2026-07-02,DELI,WEST,5583,628,8681.62,683,82,1103.05
2026-07-03,DELI,NORTHEAST,5149,555,7529.88,584,68,864.18
2026-07-03,DELI,SOUTHEAST,4162,474,5962.03,491,58,712.47
2026-07-03,DELI,MIDWEST,3987,460,6117.26,490,66,860.38
2026-07-03,DELI,WEST,5189,511,6993.37,589,63,880.38
2026-07-04,DELI,NORTHEAST,5109,560,7912.6,640,75,955.93
2026-07-04,DELI,SOUTHEAST,4365,433,5631.21,535,55,715.28
2026-07-04,DELI,MIDWEST,4048,391,5359.08,551,62,818.37
2026-07-04,DELI,WEST,5007,589,7903.39,654,79,933.83
2026-07-05,DELI,NORTHEAST,5137,526,7173.83,544,53,681.42
2026-07-05,DELI,SOUTHEAST,4375,455,6023.23,583,64,818.34
2026-07-05,DELI,MIDWEST,3827,410,5383.5,477,51,633.06
2026-07-05,DELI,WEST,5000,553,7754.17,682,77,975.17
2026-07-06,DELI,NORTHEAST,4760,541,7517.96,618,68,865.17
2026-07-06,DELI,SOUTHEAST,4115,392,5390.76,589,66,847.88
2026-07-06,DELI,MIDWEST,4126,476,6052.75,553,62,829.98
2026-07-06,DELI,WEST,5342,526,7014.51,658,87,1039.55
2026-07-07,DELI,NORTHEAST,5282,607,8150.5,568,69,900.78
2026-07-07,DELI,SOUTHEAST,4395,481,6649.18,569,70,878.85
2026-07-07,DELI,MIDWEST,3908,417,5450.93,473,60,747.23
2026-07-07,DELI,WEST,4933,553,7246.15,619,73,1014.99
2026-07-08,DELI,NORTHEAST,4695,519,6482.82,560,56,722.15
2026-07-08,DELI,SOUTHEAST,4529,496,6545.47,545,60,813.61
2026-07-08,DELI,MIDWEST,3939,426,5635.7,408,50,635.77
2026-07-08,DELI,WEST,5201,587,8056.66,619,68,843.74
2026-07-09,DELI,NORTHEAST,4828,564,7854.55,606,64,791.66
2026-07-09,DELI,SOUTHEAST,4102,488,6306.26,543,64,860.32
2026-07-09,DELI,MIDWEST,3647,380,5228.5,421,40,513.26
2026-07-09,DELI,WEST,5595,623,8333.54,656,76,980.01
2026-07-10,DELI,NORTHEAST,4699,548,7225.68,624,69,893.14
2026-07-10,DELI,SOUTHEAST,4489,450,6130.65,541,62,797.45
2026-07-10,DELI,MIDWEST,3807,421,5485.44,461,51,673.04
2026-07-10,DELI,WEST,5263,602,8164.65,644,73,909.3
2026-07-11,DELI,NORTHEAST,5187,516,7478.89,611,65,835.93
2026-07-11,DELI,SOUTHEAST,4458,488,6729.67,523,55,666.84
2026-07-11,DELI,MIDWEST,3674,411,5383.94,390,45,619.88
2026-07-11,DELI,WEST,5033,599,7859.94,702,76,954.99
2026-07-12,DELI,NORTHEAST,5065,583,7580.95,542,63,832.45
2026-07-12,DELI,SOUTHEAST,4656,478,6493.32,600,75,938.25
2026-07-12,DELI,MIDWEST,4141,429,5569.95,568,64,843.15
2026-07-12,DELI,WEST,5155,529,7331.8,699,89,1133.79
2026-07-13,DELI,NORTHEAST,5026,569,7805.88,627,72,881.55
2026-07-13,DELI,SOUTHEAST,4632,570,7886.53,579,76,963.92
2026-07-13,DELI,MIDWEST,3709,400,5410.37,504,55,723.59
2026-07-13,DELI,WEST,5407,639,8845.31,671,79,1045.67
2026-07-14,DELI,NORTHEAST,4378,480,6500.3,705,87,1095.05
2026-07-14,DELI,SOUTHEAST,4261,419,5778.34,632,68,824.33
2026-07-14,DELI,MIDWEST,3871,450,5949.73,567,68,886.09
2026-07-14,DELI,WEST,5376,546,7082.32,709,80,1003.13
2026-07-15,DELI,NORTHEAST,4796,513,7197.82,685,74,977.58
2026-07-15,DELI,SOUTHEAST,4495,499,6728.59,518,58,762.68
2026-07-15,DELI,MIDWEST,4169,458,6210.3,503,62,791.16
2026-07-15,DELI,WEST,5239,544,7423.84,555,67,860.24
2026-07-16,DELI,NORTHEAST,4837,540,7075.19,685,78,958.21
2026-07-16,DELI,SOUTHEAST,4522,462,6145.67,545,64,826.87
2026-07-16,DELI,MIDWEST,3777,400,5473.17,422,52,666.22
2026-07-16,DELI,WEST,5101,494,6837.85,702,78,1021.28
2026-07-17,DELI,NORTHEAST,4639,478,6653.51,616,61,731.16
2026-07-17,DELI,SOUTHEAST,4339,444,5957.68,546,56,671.85
2026-07-17,DELI,MIDWEST,4142,475,6354.65,519,53,665.19
2026-07-17,DELI,WEST,5431,615,7995.27,776,80,1028.05
2026-07-18,DELI,NORTHEAST,4479,489,6703.28,691,71,957.79
2026-07-18,DELI,SOUTHEAST,4325,466,6200.29,612,60,809.31
2026-07-18,DELI,MIDWEST,3886,437,5903.23,535,56,697.28
2026-07-18,DELI,WEST,5603,569,7875.22,734,94,1165.42
2026-07-19,DELI,NORTHEAST,4819,547,7520.25,667,81,1075.41
2026-07-19,DELI,SOUTHEAST,4289,433,5532.17,632,74,913.63
2026-07-19,DELI,MIDWEST,3496,399,5527.04,461,49,602.76
2026-07-19,DELI,WEST,5342,604,8150.8,685,72,902.09
2026-07-20,DELI,NORTHEAST,4637,447,6061.79,620,72,977.3
2026-07-20,DELI,SOUTHEAST,4117,459,6278.45,659,73,874.73
2026-07-20,DELI,MIDWEST,3919,429,5686.23,497,58,765.67
2026-07-20,DELI,WEST,5802,633,8333.77,727,89,1185.65
2026-07-21,DELI,NORTHEAST,4541,515,6934.41,585,65,856.02
2026-07-21,DELI,SOUTHEAST,4476,457,6336.64,577,65,903.53
2026-07-21,DELI,MIDWEST,3943,437,5902.94,563,60,769.9
2026-07-21,DELI,WEST,5352,629,8615.97,715,78,1016.62
2026-07-22,DELI,NORTHEAST,4756,529,7285.67,721,77,971.51
2026-07-22,DELI,SOUTHEAST,4565,508,6920.67,538,60,782.3
2026-07-22,DELI,MIDWEST,3651,427,5792.25,563,71,922.43
2026-07-22,DELI,WEST,5568,542,7262.09,734,81,1083.51
2026-07-23,DELI,NORTHEAST,4350,408,5601.54,623,71,911.73
2026-07-23,DELI,SOUTHEAST,4624,484,6347.27,478,49,633.33
2026-07-23,DELI,MIDWEST,3778,449,5750.94,560,64,842.33
2026-07-23,DELI,WEST,5327,609,8149.78,673,78,980.11
2026-07-24,DELI,NORTHEAST,5077,517,6905.51,632,69,858.05
2026-07-24,DELI,SOUTHEAST,3989,452,6319.88,539,57,701.34
2026-07-24,DELI,MIDWEST,4092,416,5732.64,529,57,736.41
2026-07-24,DELI,WEST,5212,585,8092.81,665,72,941.48
2026-07-25,DELI,NORTHEAST,4251,513,7001.72,637,69,831.92
2026-07-25,DELI,SOUTHEAST,4049,447,5967.52,586,62,808.57
2026-07-25,DELI,MIDWEST,3631,374,5139.63,514,58,760.13
2026-07-25,DELI,WEST,5250,564,7255.88,817,81,977.41
2026-07-26,DELI,NORTHEAST,4711,473,6303.46,747,82,1078.24
2026-07-26,DELI,SOUTHEAST,4557,494,6602.72,588,60,693.14
2026-07-26,DELI,MIDWEST,3597,376,5063.48,522,58,689.71
2026-07-26,DELI,WEST,5268,654,8735.86,795,100,1275.91
2026-07-27,DELI,NORTHEAST,4765,499,6511.02,578,76,954.58
2026-07-27,DELI,SOUTHEAST,4457,515,6535.84,618,67,868.35
2026-07-27,DELI,MIDWEST,3988,462,6089.15,539,57,756.04
2026-07-27,DELI,WEST,5088,545,7788.23,827,85,1040.63
2026-07-28,DELI,NORTHEAST,4369,468,6639.73,565,65,882.08
2026-07-28,DELI,SOUTHEAST,4132,418,5561.21,658,77,1014.62
2026-07-28,DELI,MIDWEST,3840,406,5356.83,595,67,861.51
2026-07-28,DELI,WEST,5382,639,8370.53,701,75,1021.01
2026-07-29,DELI,NORTHEAST,5127,580,7526.83,668,72,917.12
2026-07-29,DELI,SOUTHEAST,4408,486,6419.8,529,53,689.61
2026-07-29,DELI,MIDWEST,3767,420,5499.29,585,63,821.99
2026-07-29,DELI,WEST,5657,625,8698.69,608,81,1054.61
2026-07-30,DELI,NORTHEAST,5148,502,6769.99,668,74,983.59
2026-07-30,DELI,SOUTHEAST,4209,524,7345.96,613,71,935.97
2026-07-30,DELI,MIDWEST,3998,412,5343.83,563,57,770.07
2026-07-30,DELI,WEST,5370,566,7837.45,806,89,1072.4
2026-07-31,DELI,NORTHEAST,5045,530,7460.55,644,78,945.72
2026-07-31,DELI,SOUTHEAST,4421,473,6451.78,606,67,902.24
2026-07-31,DELI,MIDWEST,3396,386,5407.4,594,73,961.35
2026-07-31,DELI,WEST,5395,508,6892.65,642,71,937.34
2026-08-01,DELI,NORTHEAST,5112,493,6665.27,680,81,1030.56
2026-08-01,DELI,SOUTHEAST,4193,460,6283.73,504,54,647.55
2026-08-01,DELI,MIDWEST,3992,447,6092.54,513,62,823.81
2026-08-01,DELI,WEST,5656,642,8682.96,724,87,1113.79
2026-08-02,DELI,NORTHEAST,4761,558,7712.79,740,74,962.32
2026-08-02,DELI,SOUTHEAST,4187,441,5640.43,623,73,967.43
2026-08-02,DELI,MIDWEST,4168,463,5914.39,547,62,843.3
2026-08-02,DELI,WEST,5304,583,7568.82,737,105,1319.96
2026-08-03,DELI,NORTHEAST,4825,464,6335.76,581,66,819.08
2026-08-03,DELI,SOUTHEAST,4471,496,6215.33,551,76,976.83
2026-08-03,DELI,MIDWEST,3871,369,5154.07,598,65,807.33
2026-08-03,DELI,WEST,5661,628,8483.58,736,81,1061.86
2026-08-04,DELI,NORTHEAST,5123,559,7546.22,687,72,936.24
2026-08-04,DELI,SOUTHEAST,4477,477,6674.44,638,72,943.16
2026-08-04,DELI,MIDWEST,3726,393,5427.04,541,71,954.23
2026-08-04,DELI,WEST,5244,642,8557.92,787,91,1200.65
2026-08-05,DELI,NORTHEAST,5015,517,7068.67,794,85,1078.39
2026-08-05,DELI,SOUTHEAST,4572,528,7210.53,670,70,896.73
2026-08-05,DELI,MIDWEST,3827,387,5261.01,560,62,815.71
2026-08-05,DELI,WEST,5225,531,7325.3,810,86,1077.94
2026-08-06,DELI,NORTHEAST,4911,540,6847.96,623,67,872.52
2026-08-06,DELI,SOUTHEAST,4844,572,7781.34,556,67,876.12
2026-08-06,DELI,MIDWEST,3403,388,4868.11,576,65,808.12
2026-08-06,DELI,WEST,5006,545,7656.17,762,89,1136.88
2026-08-07,DELI,NORTHEAST,4956,520,6898.59,629,81,1060.23
2026-08-07,DELI,SOUTHEAST,4425,489,6623.55,608,73,935.59
2026-08-07,DELI,MIDWEST,3959,441,5922.25,538,55,745.19
2026-08-07,DELI,WEST,5327,589,7841.97,817,88,1153.32
2026-08-08,DELI,NORTHEAST,5096,536,6864.56,762,78,1025.08
2026-08-08,DELI,SOUTHEAST,4305,417,5581.11,666,68,897.61
2026-08-08,DELI,MIDWEST,4016,411,5580.77,598,65,854.38
2026-08-08,DELI,WEST,4858,548,7573.99,765,74,936.03
2026-08-09,DELI,NORTHEAST,4591,483,6480.19,729,79,978.36
2026-08-09,DELI,SOUTHEAST,4376,448,6111.49,650,62,776.84
2026-08-09,DELI,MIDWEST,4229,434,5918.59,617,75,918.42
2026-08-09,DELI,WEST,5376,588,7705.05,667,76,956.17
2026-08-10,DELI,NORTHEAST,5165,561,7057.38,658,70,929.21
2026-08-10,DELI,SOUTHEAST,4499,477,6552.83,640,63,856.76
2026-08-10,DELI,MIDWEST,3853,394,5506.28,496,55,692.39
2026-08-10,DELI,WEST,5180,556,7716.81,779,89,1094.35
2026-08-11,DELI,NORTHEAST,4458,480,6275.89,823,101,1297.28
2026-08-11,DELI,SOUTHEAST,3951,455,6065.25,656,63,820.27
2026-08-11,DELI,MIDWEST,4015,456,6055.31,590,71,917.27
2026-08-11,DELI,WEST,5180,526,7224.2,871,109,1388.95
2026-08-12,DELI,NORTHEAST,4865,487,6453.37,710,76,947.39
2026-08-12,DELI,SOUTHEAST,4121,414,5462.3,677,84,1055.5
2026-08-12,DELI,MIDWEST,3628,364,4730.56,498,53,741.84
2026-08-12,DELI,WEST,5679,596,7623.91,641,60,730.7
2026-08-13,DELI,NORTHEAST,4758,564,8227.34,746,92,1226.16
2026-08-13,DELI,SOUTHEAST,4451,496,7022.33,601,76,973.23
2026-08-13,DELI,MIDWEST,3518,350,4640.02,554,59,774.14
2026-08-13,DELI,WEST,4801,520,6671.19,788,98,1223.33
2026-08-14,DELI,NORTHEAST,4631,565,7803.42,807,80,985.02
2026-08-14,DELI,SOUTHEAST,4384,442,6005.59,682,74,972.53
2026-08-14,DELI,MIDWEST,4008,471,6434.57,534,58,742.18
2026-08-14,DELI,WEST,5062,506,6873.93,760,82,1002.06
2026-08-15,DELI,NORTHEAST,5258,530,7204.97,592,58,791.16
2026-08-15,DELI,SOUTHEAST,4063,383,5053.28,653,69,811.31
2026-08-15,DELI,MIDWEST,3783,425,5755.68,567,56,751.09
2026-08-15,DELI,WEST,5137,499,6540.51,786,98,1274.69
2026-08-16,DELI,NORTHEAST,4985,551,7434.42,770,75,942.98
2026-08-16,DELI,SOUTHEAST,4085,419,5704.87,695,87,1127.78
2026-08-16,DELI,MIDWEST,3902,430,5977.06,514,57,742.24
2026-08-16,DELI,WEST,5254,610,8310.37,731,84,963.75
2026-08-17,DELI,NORTHEAST,4574,531,7081.77,659,71,939.27
2026-08-17,DELI,SOUTHEAST,4614,466,6127.62,617,65,843.86
2026-08-17,DELI,MIDWEST,3851,415,5861.42,587,58,739.99
2026-08-17,DELI,WEST,6089,658,9408.49,879,90,1102.32
2026-08-18,DELI,NORTHEAST,4653,513,7040.82,847,78,1022.96
2026-08-18,DELI,SOUTHEAST,4424,504,6591.11,696,85,1063.31
2026-08-18,DELI,MIDWEST,4016,430,5671.48,694,76,1002.01
2026-08-18,DELI,WEST,5217,641,8790.77,698,84,1049.0
2026-08-19,DELI,NORTHEAST,5158,569,7968.68,687,75,911.51
2026-08-19,DELI,SOUTHEAST,4472,498,6782.99,611,61,806.19
2026-08-19,DELI,MIDWEST,3613,363,4950.77,593,56,738.38
2026-08-19,DELI,WEST,5056,555,7126.19,909,105,1413.42
2026-08-20,DELI,NORTHEAST,4862,503,7016.42,730,82,1006.66
2026-08-20,DELI,SOUTHEAST,3972,440,6209.56,690,77,1055.1
2026-08-20,DELI,MIDWEST,3994,416,5625.26,651,67,903.24
2026-08-20,DELI,WEST,5067,611,8209.6,853,92,1127.17
2026-08-21,DELI,NORTHEAST,5057,550,7502.58,696,71,882.03
2026-08-21,DELI,SOUTHEAST,4314,496,6892.42,745,88,1107.09
2026-08-21,DELI,MIDWEST,3933,470,6309.46,621,67,828.9
2026-08-21,DELI,WEST,5263,583,7973.18,726,88,1056.58
2026-08-22,DELI,NORTHEAST,4310,473,6322.88,692,86,1063.61
2026-08-22,DELI,SOUTHEAST,4241,402,5506.71,653,69,861.31
2026-08-22,DELI,MIDWEST,3666,390,5072.92,597,69,914.78
2026-08-22,DELI,WEST,5241,592,7877.97,877,95,1220.79
2026-08-23,DELI,NORTHEAST,4575,530,7134.96,768,98,1232.07
2026-08-23,DELI,SOUTHEAST,4294,474,6735.63,704,72,955.84
2026-08-23,DELI,MIDWEST,4068,424,5398.72,565,63,779.51
2026-08-23,DELI,WEST,4962,542,7554.13,867,94,1217.26
2026-08-24,DELI,NORTHEAST,5305,551,7525.26,816,74,980.39
2026-08-24,DELI,SOUTHEAST,4365,495,6501.4,633,70,931.29
2026-08-24,DELI,MIDWEST,3479,400,5352.21,592,67,849.43
2026-08-24,DELI,WEST,5478,558,7662.5,853,100,1309.8
2026-08-25,DELI,NORTHEAST,5024,546,7359.47,767,81,1048.23
2026-08-25,DELI,SOUTHEAST,4326,458,6191.08,657,76,954.14
2026-08-25,DELI,MIDWEST,3775,375,5005.8,601,66,843.58
2026-08-25,DELI,WEST,5525,554,7546.05,806,92,1255.42
2026-08-26,DELI,NORTHEAST,4661,501,6585.81,783,83,1060.19
2026-08-26,DELI,SOUTHEAST,4452,489,6654.86,634,69,925.85
2026-08-26,DELI,MIDWEST,3588,426,5892.51,714,89,1162.89
2026-08-26,DELI,WEST,5046,576,7628.82,807,83,1144.09
2026-08-27,DELI,NORTHEAST,4599,545,7255.5,622,69,869.26
2026-08-27,DELI,SOUTHEAST,4328,470,6119.79,651,91,1227.64
2026-08-27,DELI,MIDWEST,4002,386,4781.47,677,83,1076.34
2026-08-27,DELI,WEST,5324,580,7559.34,975,106,1335.64
2026-08-28,DELI,NORTHEAST,4190,474,6304.62,743,77,1001.68
2026-08-28,DELI,SOUTHEAST,4382,433,5634.34,719,76,973.98
2026-08-28,DELI,MIDWEST,3650,388,5021.29,577,56,700.88
2026-08-28,DELI,WEST,5650,609,8404.39,695,71,916.36
2026-08-29,DELI,NORTHEAST,5056,515,7195.46,768,93,1180.93
2026-08-29,DELI,SOUTHEAST,4492,536,7199.44,620,70,852.95
2026-08-29,DELI,MIDWEST,3421,381,5265.58,651,73,934.03
2026-08-29,DELI,WEST,4828,548,7481.29,819,93,1177.76
2026-08-30,DELI,NORTHEAST,4534,560,7464.49,904,107,1343.66
2026-08-30,DELI,SOUTHEAST,4373,455,6210.4,681,63,761.28
2026-08-30,DELI,MIDWEST,4003,413,5428.1,642,68,862.64
2026-08-30,DELI,WEST,5353,612,8547.61,811,94,1214.14
2026-03-02,BOWL,NORTHEAST,2796,417,4777.57,207,25,258.78
2026-03-02,BOWL,SOUTHEAST,2616,392,4422.29,184,20,214.09
2026-03-02,BOWL,MIDWEST,2379,336,3624.49,149,17,172.87
2026-03-02,BOWL,WEST,3311,499,5643.11,180,19,221.01
2026-03-03,BOWL,NORTHEAST,2757,432,4915.82,224,24,261.72
2026-03-03,BOWL,SOUTHEAST,2701,387,4463.69,179,21,213.44
2026-03-03,BOWL,MIDWEST,2061,291,3163.22,166,19,203.55
2026-03-03,BOWL,WEST,3303,482,5270.85,208,22,218.65
2026-03-04,BOWL,NORTHEAST,2875,430,4868.77,215,25,277.44
2026-03-04,BOWL,SOUTHEAST,2507,397,4335.88,196,23,247.56
2026-03-04,BOWL,MIDWEST,2376,355,3777.51,157,18,190.0
2026-03-04,BOWL,WEST,3155,487,5062.56,231,27,295.77
2026-03-05,BOWL,NORTHEAST,2814,398,4677.93,205,24,264.79
2026-03-05,BOWL,SOUTHEAST,2528,401,4351.17,201,21,237.1
2026-03-05,BOWL,MIDWEST,2414,326,3622.91,178,19,210.96
2026-03-05,BOWL,WEST,3240,435,4852.52,227,29,301.08
2026-03-06,BOWL,NORTHEAST,2827,469,5249.28,207,23,232.14
2026-03-06,BOWL,SOUTHEAST,2490,363,3962.38,174,20,211.78
2026-03-06,BOWL,MIDWEST,2290,323,3547.45,148,16,169.69
2026-03-06,BOWL,WEST,3357,492,5555.78,250,27,284.29
2026-03-07,BOWL,NORTHEAST,2879,421,4627.7,202,22,231.38
2026-03-07,BOWL,SOUTHEAST,2373,351,3721.93,193,21,225.28
2026-03-07,BOWL,MIDWEST,2190,292,3257.55,175,18,198.61
2026-03-07,BOWL,WEST,3069,444,5275.84,247,25,265.69
2026-03-08,BOWL,NORTHEAST,2944,494,5510.43,216,25,267.9
2026-03-08,BOWL,SOUTHEAST,2646,333,3671.22,212,20,213.3
2026-03-08,BOWL,MIDWEST,2264,358,3987.38,186,20,208.74
2026-03-08,BOWL,WEST,2924,423,4958.1,273,30,317.64
2026-03-09,BOWL,NORTHEAST,2584,355,4016.91,253,28,300.31
2026-03-09,BOWL,SOUTHEAST,2668,386,4489.58,172,19,209.92
2026-03-09,BOWL,MIDWEST,2131,310,3553.23,212,26,282.98
2026-03-09,BOWL,WEST,3270,482,5111.65,258,29,280.33
2026-03-10,BOWL,NORTHEAST,3029,380,4152.45,231,27,288.0
2026-03-10,BOWL,SOUTHEAST,2568,361,3857.45,217,26,273.83
2026-03-10,BOWL,MIDWEST,2150,305,3329.29,183,21,224.43
2026-03-10,BOWL,WEST,2726,397,4191.28,249,30,313.08
2026-03-11,BOWL,NORTHEAST,2712,374,3928.63,248,29,322.32
2026-03-11,BOWL,SOUTHEAST,2479,348,3892.44,214,24,281.02
2026-03-11,BOWL,MIDWEST,2151,318,3528.27,192,24,271.24
2026-03-11,BOWL,WEST,3470,503,5803.51,300,34,395.9
2026-03-12,BOWL,NORTHEAST,2966,455,5248.26,236,28,284.0
2026-03-12,BOWL,SOUTHEAST,2512,405,4591.35,206,23,235.71
2026-03-12,BOWL,MIDWEST,2153,316,3584.61,216,22,245.75
2026-03-12,BOWL,WEST,3087,451,5062.96,280,34,359.88
2026-03-13,BOWL,NORTHEAST,2810,397,4437.92,263,32,321.8
2026-03-13,BOWL,SOUTHEAST,2483,362,4219.07,247,32,350.03
2026-03-13,BOWL,MIDWEST,2164,315,3443.14,204,22,234.85
2026-03-13,BOWL,WEST,3090,449,5035.43,288,34,366.99
2026-03-14,BOWL,NORTHEAST,2827,430,4590.15,249,28,312.03
2026-03-14,BOWL,SOUTHEAST,2650,403,4333.9,245,27,286.1
2026-03-14,BOWL,MIDWEST,2271,335,3659.22,198,22,245.42
2026-03-14,BOWL,WEST,3198,463,5392.22,299,32,350.28
2026-03-15,BOWL,NORTHEAST,2849,399,4410.81,281,27,300.24
2026-03-15,BOWL,SOUTHEAST,2645,362,4013.59,249,24,255.41
2026-03-15,BOWL,MIDWEST,2272,365,4118.68,233,22,249.2
2026-03-15,BOWL,WEST,3155,475,5294.37,324,41,447.93
2026-03-16,BOWL,NORTHEAST,2996,436,4838.15,241,27,293.05
2026-03-16,BOWL,SOUTHEAST,2564,396,4330.61,258,28,286.51
2026-03-16,BOWL,MIDWEST,2096,309,3389.22,220,24,266.85
2026-03-16,BOWL,WEST,3015,431,4592.72,323,40,411.93
2026-03-17,BOWL,NORTHEAST,2699,383,4251.74,236,23,234.85
2026-03-17,BOWL,SOUTHEAST,2592,369,4130.85,222,24,257.37
2026-03-17,BOWL,MIDWEST,2256,303,3417.32,211,26,263.72
2026-03-17,BOWL,WEST,3341,493,5366.78,282,32,349.29
2026-03-18,BOWL,NORTHEAST,2922,467,5064.65,289,33,376.9
2026-03-18,BOWL,SOUTHEAST,2580,334,3665.66,247,28,306.26
2026-03-18,BOWL,MIDWEST,2388,358,3962.55,244,26,285.09
2026-03-18,BOWL,WEST,2907,401,4379.96,275,35,348.41
2026-03-19,BOWL,NORTHEAST,2889,439,5315.83,248,28,299.78
2026-03-19,BOWL,SOUTHEAST,2338,317,3529.62,267,30,321.2
2026-03-19,BOWL,MIDWEST,2267,314,3652.36,204,23,263.42
2026-03-19,BOWL,WEST,2977,437,5094.68,291,33,317.99
2026-03-20,BOWL,NORTHEAST,2721,414,4376.75,270,27,279.12
2026-03-20,BOWL,SOUTHEAST,2697,397,4594.76,268,31,341.86
2026-03-20,BOWL,MIDWEST,2224,319,3622.61,237,26,273.81
2026-03-20,BOWL,WEST,2660,369,3891.05,360,44,465.12
2026-03-21,BOWL,NORTHEAST,2768,367,4074.05,288,38,425.58
2026-03-21,BOWL,SOUTHEAST,2764,382,4249.68,256,29,307.37
2026-03-21,BOWL,MIDWEST,2255,325,3708.75,224,25,277.97
2026-03-21,BOWL,WEST,3181,477,5080.8,298,35,365.74
2026-03-22,BOWL,NORTHEAST,3047,437,4666.91,293,34,381.61
2026-03-22,BOWL,SOUTHEAST,2671,386,4489.4,259,28,298.47
2026-03-22,BOWL,MIDWEST,2191,341,3841.2,252,25,282.82
2026-03-22,BOWL,WEST,3281,487,5485.4,334,38,426.74
2026-03-23,BOWL,NORTHEAST,2873,426,4963.9,303,36,383.48
2026-03-23,BOWL,SOUTHEAST,2706,376,4176.62,239,31,313.12
2026-03-23,BOWL,MIDWEST,2262,360,4020.52,241,31,342.13
2026-03-23,BOWL,WEST,3026,460,4956.6,306,33,347.56
2026-03-24,BOWL,NORTHEAST,2834,411,4725.3,307,35,401.56
2026-03-24,BOWL,SOUTHEAST,2726,377,4328.77,265,30,316.1
2026-03-24,BOWL,MIDWEST,2295,343,3697.91,252,28,300.69
2026-03-24,BOWL,WEST,3061,427,4768.45,335,39,435.44
2026-03-25,BOWL,NORTHEAST,2857,446,4999.91,278,34,359.9
2026-03-25,BOWL,SOUTHEAST,2836,436,4860.43,236,30,332.61
2026-03-25,BOWL,MIDWEST,2346,380,4154.79,255,30,312.71
2026-03-25,BOWL,WEST,3291,472,5071.54,327,37,406.68
2026-03-26,BOWL,NORTHEAST,2898,411,4619.91,318,36,380.41
2026-03-26,BOWL,SOUTHEAST,2695,407,4635.41,262,25,267.31
2026-03-26,BOWL,MIDWEST,2271,321,3628.52,229,25,281.01
2026-03-26,BOWL,WEST,3218,518,6188.12,311,40,443.78
2026-03-27,BOWL,NORTHEAST,2744,362,4151.19,247,30,358.21
2026-03-27,BOWL,SOUTHEAST,2752,342,3887.15,263,29,317.0
2026-03-27,BOWL,MIDWEST,2287,318,3362.66,244,27,275.35
2026-03-27,BOWL,WEST,3385,534,6131.5,340,34,382.35
2026-03-28,BOWL,NORTHEAST,2829,442,4765.0,353,34,379.3
2026-03-28,BOWL,SOUTHEAST,2777,427,4635.35,284,35,386.32
2026-03-28,BOWL,MIDWEST,2363,346,3989.94,255,24,250.57
2026-03-28,BOWL,WEST,2994,461,5096.04,367,45,473.41
2026-03-29,BOWL,NORTHEAST,2772,429,4707.11,372,42,481.64
2026-03-29,BOWL,SOUTHEAST,2696,407,4633.42,284,36,394.26
2026-03-29,BOWL,MIDWEST,2006,317,3693.04,271,33,385.27
2026-03-29,BOWL,WEST,3426,557,6556.77,377,45,447.03
2026-03-30,BOWL,NORTHEAST,2715,397,4440.16,363,43,434.56
2026-03-30,BOWL,SOUTHEAST,2475,392,4556.27,277,30,328.22
2026-03-30,BOWL,MIDWEST,2390,358,4129.96,222,24,255.21
2026-03-30,BOWL,WEST,3024,422,4581.11,335,34,375.88
2026-03-31,BOWL,NORTHEAST,2858,398,4285.06,335,42,422.4
2026-03-31,BOWL,SOUTHEAST,2524,383,4364.51,262,25,267.53
2026-03-31,BOWL,MIDWEST,2212,326,3607.51,284,29,307.99
2026-03-31,BOWL,WEST,3324,566,6420.74,422,53,591.02
2026-04-01,BOWL,NORTHEAST,2792,397,4526.48,334,37,395.92
2026-04-01,BOWL,SOUTHEAST,2656,377,4048.42,322,33,349.81
2026-04-01,BOWL,MIDWEST,2428,331,3549.41,255,28,288.72
2026-04-01,BOWL,WEST,3183,506,5468.76,422,42,451.97
2026-04-02,BOWL,NORTHEAST,2780,395,4439.52,292,39,431.63
2026-04-02,BOWL,SOUTHEAST,2699,386,4342.65,318,38,377.55
2026-04-02,BOWL,MIDWEST,2332,341,3714.96,320,41,443.38
2026-04-02,BOWL,WEST,3170,460,5067.01,414,50,544.16
2026-04-03,BOWL,NORTHEAST,3108,487,5585.56,374,41,430.04
2026-04-03,BOWL,SOUTHEAST,2629,335,3663.63,318,39,373.39
2026-04-03,BOWL,MIDWEST,2444,350,3975.95,324,35,367.3
2026-04-03,BOWL,WEST,2967,437,4861.95,330,33,351.65
2026-04-04,BOWL,NORTHEAST,2935,513,5893.67,374,38,393.85
2026-04-04,BOWL,SOUTHEAST,2728,388,4467.28,300,33,361.9
2026-04-04,BOWL,MIDWEST,2200,307,3452.24,287,29,298.95
2026-04-04,BOWL,WEST,3176,425,4810.09,379,38,413.83
2026-04-05,BOWL,NORTHEAST,2984,436,4711.63,373,43,451.99
2026-04-05,BOWL,SOUTHEAST,2555,347,3898.07,354,39,418.01
2026-04-05,BOWL,MIDWEST,2343,361,4191.48,311,32,378.2
2026-04-05,BOWL,WEST,3022,437,5006.26,410,46,453.37
2026-04-06,BOWL,NORTHEAST,2930,465,5059.87,399,45,477.8
2026-04-06,BOWL,SOUTHEAST,2407,345,3914.06,330,40,432.83
2026-04-06,BOWL,MIDWEST,2159,335,3689.43,298,31,335.58
2026-04-06,BOWL,WEST,2925,449,5065.62,400,45,479.44
2026-04-07,BOWL,NORTHEAST,2848,435,4980.66,390,43,477.04
2026-04-07,BOWL,SOUTHEAST,2727,402,4315.79,293,29,323.52
2026-04-07,BOWL,MIDWEST,2345,346,3900.21,319,35,388.85
2026-04-07,BOWL,WEST,3195,435,4852.4,439,50,507.58
2026-04-08,BOWL,NORTHEAST,2992,476,5188.68,396,49,526.07
2026-04-08,BOWL,SOUTHEAST,2580,374,4188.31,352,39,397.03
2026-04-08,BOWL,MIDWEST,2248,351,4007.47,334,37,409.5
2026-04-08,BOWL,WEST,3003,412,4779.66,403,46,512.51
2026-04-09,BOWL,NORTHEAST,2693,387,4381.51,356,40,446.64
2026-04-09,BOWL,SOUTHEAST,2542,428,5044.96,298,27,292.52
2026-04-09,BOWL,MIDWEST,2454,345,3627.27,305,32,339.87
2026-04-09,BOWL,WEST,2799,463,5047.22,402,43,473.71
2026-04-10,BOWL,NORTHEAST,2799,424,4601.58,401,46,482.86
2026-04-10,BOWL,SOUTHEAST,2440,357,4068.64,378,43,460.42
2026-04-10,BOWL,MIDWEST,2393,373,3994.09,298,27,293.0
2026-04-10,BOWL,WEST,3047,514,5805.87,403,38,390.39
2026-04-11,BOWL,NORTHEAST,2888,473,5200.62,375,44,456.84
2026-04-11,BOWL,SOUTHEAST,2475,379,4362.97,332,31,320.38
2026-04-11,BOWL,MIDWEST,2185,320,3595.69,296,37,391.94
2026-04-11,BOWL,WEST,3049,434,4761.87,431,51,570.79
2026-04-12,BOWL,NORTHEAST,3047,419,4692.99,335,40,441.08
2026-04-12,BOWL,SOUTHEAST,2459,385,4168.68,335,39,418.06
2026-04-12,BOWL,MIDWEST,2217,333,3656.46,294,31,345.76
2026-04-12,BOWL,WEST,3131,448,5000.78,469,55,603.57
2026-04-13,BOWL,NORTHEAST,2569,385,4334.88,324,38,415.4
2026-04-13,BOWL,SOUTHEAST,2561,382,4244.05,419,50,516.84
2026-04-13,BOWL,MIDWEST,2122,323,3479.71,316,31,343.96
2026-04-13,BOWL,WEST,2982,434,4997.52,420,44,452.8
2026-04-14,BOWL,NORTHEAST,2742,439,5017.96,390,49,555.29
2026-04-14,BOWL,SOUTHEAST,2537,366,3986.16,334,32,348.13
2026-04-14,BOWL,MIDWEST,2424,336,3805.8,333,39,421.22
2026-04-14,BOWL,WEST,3101,410,4388.35,462,51,568.53
2026-04-15,BOWL,NORTHEAST,2927,432,4685.35,433,48,523.61
2026-04-15,BOWL,SOUTHEAST,2804,461,4899.76,395,45,418.96
2026-04-15,BOWL,MIDWEST,2299,312,3403.11,293,36,399.61
2026-04-15,BOWL,WEST,3046,454,5137.75,453,54,576.26
2026-04-16,BOWL,NORTHEAST,2989,424,4444.91,432,58,610.93
2026-04-16,BOWL,SOUTHEAST,2453,356,3992.58,382,43,472.94
2026-04-16,BOWL,MIDWEST,2181,319,3680.32,303,32,340.59
2026-04-16,BOWL,WEST,3089,470,5279.92,436,45,461.55
2026-04-17,BOWL,NORTHEAST,2720,443,4604.38,397,45,483.91
2026-04-17,BOWL,SOUTHEAST,2282,331,3647.13,329,41,437.88
2026-04-17,BOWL,MIDWEST,2616,376,3990.55,366,40,414.41
2026-04-17,BOWL,WEST,3194,481,5313.32,463,48,510.89
2026-04-18,BOWL,NORTHEAST,2894,442,5125.91,451,51,518.19
2026-04-18,BOWL,SOUTHEAST,2591,372,4220.55,363,36,354.17
2026-04-18,BOWL,MIDWEST,2117,292,3354.58,389,41,456.03
2026-04-18,BOWL,WEST,3218,488,5409.86,481,54,560.53
2026-04-19,BOWL,NORTHEAST,2944,432,4879.72,456,51,611.65
2026-04-19,BOWL,SOUTHEAST,2525,376,4171.96,393,47,519.52
2026-04-19,BOWL,MIDWEST,2252,365,4065.19,338,40,412.73
2026-04-19,BOWL,WEST,3085,437,4839.21,482,54,605.47
2026-04-20,BOWL,NORTHEAST,2747,405,4316.78,464,61,696.68
2026-04-20,BOWL,SOUTHEAST,2462,372,4210.3,326,35,373.06
2026-04-20,BOWL,MIDWEST,2369,352,3936.44,364,47,503.16
2026-04-20,BOWL,WEST,3287,466,5369.88,440,40,451.39
2026-04-21,BOWL,NORTHEAST,2642,405,4429.54,453,53,588.13
2026-04-21,BOWL,SOUTHEAST,2676,405,4636.35,442,47,526.44
2026-04-21,BOWL,MIDWEST,2234,332,3779.01,311,39,403.2
2026-04-21,BOWL,WEST,3270,555,6418.11,484,50,527.9
2026-04-22,BOWL,NORTHEAST,2797,391,4448.81,416,49,511.13
2026-04-22,BOWL,SOUTHEAST,2830,428,4787.28,347,38,447.5
2026-04-22,BOWL,MIDWEST,2253,344,3670.8,352,35,362.26
2026-04-22,BOWL,WEST,3255,501,5951.57,462,51,535.57
2026-04-23,BOWL,NORTHEAST,2766,413,4576.37,448,54,576.65
2026-04-23,BOWL,SOUTHEAST,2588,336,3894.95,375,41,433.6
2026-04-23,BOWL,MIDWEST,2376,350,3908.65,397,49,494.55
2026-04-23,BOWL,WEST,3092,479,5526.92,444,52,543.62
2026-04-24,BOWL,NORTHEAST,2990,429,4757.23,436,47,494.66
2026-04-24,BOWL,SOUTHEAST,2419,366,4048.61,414,58,621.08
2026-04-24,BOWL,MIDWEST,2407,361,4134.39,355,38,417.05
2026-04-24,BOWL,WEST,2833,386,4345.36,485,53,553.19
2026-04-25,BOWL,NORTHEAST,2779,446,4757.18,408,49,567.09
2026-04-25,BOWL,SOUTHEAST,2475,385,4248.02,416,52,550.55
2026-04-25,BOWL,MIDWEST,2264,321,3587.27,384,41,466.87
2026-04-25,BOWL,WEST,3289,481,5370.61,540,62,650.48
2026-04-26,BOWL,NORTHEAST,3031,511,5501.64,491,56,634.06
2026-04-26,BOWL,SOUTHEAST,2503,361,4061.3,434,56,587.41
2026-04-26,BOWL,MIDWEST,2303,347,3900.09,362,44,478.99
2026-04-26,BOWL,WEST,3112,444,4847.97,526,62,643.15
2026-04-27,BOWL,NORTHEAST,2807,385,4364.86,453,58,645.29
2026-04-27,BOWL,SOUTHEAST,2532,350,3741.25,358,43,420.62
2026-04-27,BOWL,MIDWEST,1998,305,3394.49,391,47,511.5
2026-04-27,BOWL,WEST,3448,546,5843.86,495,60,646.17
2026-04-28,BOWL,NORTHEAST,3032,468,5465.63,415,46,451.46
2026-04-28,BOWL,SOUTHEAST,2689,439,4851.21,395,37,408.37
2026-04-28,BOWL,MIDWEST,2199,306,3406.19,379,45,483.33
2026-04-28,BOWL,WEST,3086,465,5273.22,495,62,697.03
2026-04-29,BOWL,NORTHEAST,2817,432,4493.4,486,53,571.26
2026-04-29,BOWL,SOUTHEAST,2535,396,4492.52,427,47,491.44
2026-04-29,BOWL,MIDWEST,2265,340,3691.82,391,44,471.27
2026-04-29,BOWL,WEST,3104,483,5249.5,529,65,695.22
2026-04-30,BOWL,NORTHEAST,2792,389,4439.24,417,42,461.4
2026-04-30,BOWL,SOUTHEAST,2544,398,4362.0,470,50,516.11
2026-04-30,BOWL,MIDWEST,2442,365,4143.19,381,39,408.17
2026-04-30,BOWL,WEST,2833,476,5375.85,582,68,720.24
2026-05-01,BOWL,NORTHEAST,2840,446,5033.27,473,53,548.74
2026-05-01,BOWL,SOUTHEAST,2563,434,4796.88,444,51,538.77
2026-05-01,BOWL,MIDWEST,2444,393,4326.97,431,46,513.91
2026-05-01,BOWL,WEST,3364,522,6006.12,546,57,648.45
2026-05-02,BOWL,NORTHEAST,2775,462,5551.47,448,45,466.87
2026-05-02,BOWL,SOUTHEAST,2656,386,4083.83,428,50,531.16
2026-05-02,BOWL,MIDWEST,2233,315,3451.5,386,43,458.18
2026-05-02,BOWL,WEST,3250,510,5554.06,513,54,539.26
2026-05-03,BOWL,NORTHEAST,2953,440,4872.56,465,57,598.54
2026-05-03,BOWL,SOUTHEAST,2365,360,4021.92,415,46,446.42
2026-05-03,BOWL,MIDWEST,2438,423,4845.13,431,45,473.81
2026-05-03,BOWL,WEST,3359,472,5110.01,579,64,718.65
2026-05-04,BOWL,NORTHEAST,3085,468,5406.5,548,63,638.26
2026-05-04,BOWL,SOUTHEAST,2568,401,4676.72,449,58,627.73
2026-05-04,BOWL,MIDWEST,2316,360,3948.19,425,51,586.71
2026-05-04,BOWL,WEST,3183,458,5141.7,582,62,656.35
2026-05-05,BOWL,NORTHEAST,2944,473,5242.32,504,61,651.2
2026-05-05,BOWL,SOUTHEAST,2478,342,3481.85,509,55,549.21
2026-05-05,BOWL,MIDWEST,2302,360,4172.05,353,41,446.3
2026-05-05,BOWL,WEST,3246,503,5831.9,619,67,696.3
2026-05-06,BOWL,NORTHEAST,2610,405,4660.48,435,48,494.03
2026-05-06,BOWL,SOUTHEAST,2617,405,4481.36,412,42,444.4
2026-05-06,BOWL,MIDWEST,2387,361,3801.04,383,43,467.77
2026-05-06,BOWL,WEST,3320,518,6009.51,548,60,644.86
2026-05-07,BOWL,NORTHEAST,2785,496,5461.82,523,66,681.25
2026-05-07,BOWL,SOUTHEAST,2601,399,4238.51,457,54,580.51
2026-05-07,BOWL,MIDWEST,2145,321,3399.7,369,44,487.25
2026-05-07,BOWL,WEST,3047,465,5026.57,482,49,511.8
2026-05-08,BOWL,NORTHEAST,2838,417,4526.12,577,59,637.73
2026-05-08,BOWL,SOUTHEAST,2484,386,4318.56,459,53,572.66
2026-05-08,BOWL,MIDWEST,2166,375,4345.24,431,39,424.09
2026-05-08,BOWL,WEST,3043,475,5477.96,636,66,669.27
2026-05-09,BOWL,NORTHEAST,2549,389,4559.36,538,69,741.38
2026-05-09,BOWL,SOUTHEAST,2534,387,4511.15,497,45,462.86
2026-05-09,BOWL,MIDWEST,2315,376,4314.65,371,42,475.03
2026-05-09,BOWL,WEST,2939,439,5054.1,617,62,677.55
2026-05-10,BOWL,NORTHEAST,2771,411,4408.81,600,72,806.23
2026-05-10,BOWL,SOUTHEAST,2539,369,4062.59,558,59,632.08
2026-05-10,BOWL,MIDWEST,2464,386,4353.68,429,45,496.22
2026-05-10,BOWL,WEST,3007,439,5066.94,576,59,600.04
2026-05-11,BOWL,NORTHEAST,2772,445,4798.23,581,69,714.92
2026-05-11,BOWL,SOUTHEAST,2586,421,4869.21,436,48,512.61
2026-05-11,BOWL,MIDWEST,2378,395,4244.7,462,51,547.27
2026-05-11,BOWL,WEST,2998,408,4345.25,480,56,582.64
2026-05-12,BOWL,NORTHEAST,2937,446,4787.53,592,71,720.5
2026-05-12,BOWL,SOUTHEAST,2651,466,5294.85,483,52,556.42
2026-05-12,BOWL,MIDWEST,2242,322,3624.56,424,51,597.62
2026-05-12,BOWL,WEST,2878,460,5017.97,630,62,642.04
2026-05-13,BOWL,NORTHEAST,2779,496,5548.45,492,58,642.43
2026-05-13,BOWL,SOUTHEAST,2768,458,4899.5,503,58,622.49
2026-05-13,BOWL,MIDWEST,2333,352,3975.81,455,50,557.11
2026-05-13,BOWL,WEST,3019,402,4245.14,569,65,683.14
2026-05-14,BOWL,NORTHEAST,2605,444,5180.83,537,60,650.36
2026-05-14,BOWL,SOUTHEAST,2539,395,4091.77,418,47,449.9
2026-05-14,BOWL,MIDWEST,2305,334,3698.98,438,53,560.13
2026-05-14,BOWL,WEST,2809,383,4181.15,638,71,752.73
2026-05-15,BOWL,NORTHEAST,2874,445,4854.66,521,60,644.4
2026-05-15,BOWL,SOUTHEAST,2631,437,4552.64,521,63,667.21
2026-05-15,BOWL,MIDWEST,2411,371,4297.2,424,41,418.25
2026-05-15,BOWL,WEST,3195,545,6126.51,630,68,707.29
2026-05-16,BOWL,NORTHEAST,2987,430,4668.78,521,58,586.24
2026-05-16,BOWL,SOUTHEAST,2703,426,4605.28,536,62,681.34
2026-05-16,BOWL,MIDWEST,2165,355,3873.08,476,51,499.99
2026-05-16,BOWL,WEST,2902,409,4602.78,634,80,859.57
2026-05-17,BOWL,NORTHEAST,2831,479,5134.4,568,69,663.61
2026-05-17,BOWL,SOUTHEAST,2570,356,4153.47,458,57,608.82
2026-05-17,BOWL,MIDWEST,2024,321,3554.12,491,48,527.84
2026-05-17,BOWL,WEST,3119,483,5195.06,631,77,766.4
2026-05-18,BOWL,NORTHEAST,3022,466,5014.43,544,53,541.9
2026-05-18,BOWL,SOUTHEAST,2584,428,4983.03,460,51,556.16
2026-05-18,BOWL,MIDWEST,2270,343,3642.84,386,46,505.1
2026-05-18,BOWL,WEST,3453,496,5700.76,649,76,842.25
2026-05-19,BOWL,NORTHEAST,2871,429,4761.52,557,72,757.1
2026-05-19,BOWL,SOUTHEAST,2357,340,3870.4,509,54,579.0
2026-05-19,BOWL,MIDWEST,2365,365,4188.78,456,48,538.91
2026-05-19,BOWL,WEST,3281,531,6105.56,588,66,690.58
2026-05-20,BOWL,NORTHEAST,3000,469,5164.9,642,69,693.86
2026-05-20,BOWL,SOUTHEAST,2538,430,4969.56,520,50,528.93
2026-05-20,BOWL,MIDWEST,2231,335,3768.95,430,52,569.26
2026-05-20,BOWL,WEST,3178,460,4950.45,590,65,722.93
2026-05-21,BOWL,NORTHEAST,2884,394,4155.74,602,71,723.54
2026-05-21,BOWL,SOUTHEAST,2646,404,4548.35,491,52,608.11
2026-05-21,BOWL,MIDWEST,2269,365,4153.33,491,51,540.43
2026-05-21,BOWL,WEST,3285,552,5744.9,701,75,791.68
2026-05-22,BOWL,NORTHEAST,2780,401,4453.09,610,63,662.15
2026-05-22,BOWL,SOUTHEAST,2634,427,4464.26,516,55,591.11
2026-05-22,BOWL,MIDWEST,2098,330,3477.08,464,49,560.87
2026-05-22,BOWL,WEST,2999,499,5868.16,668,77,757.28
2026-05-23,BOWL,NORTHEAST,2832,420,4938.63,601,73,688.46
2026-05-23,BOWL,SOUTHEAST,2329,318,3619.56,560,64,673.3
2026-05-23,BOWL,MIDWEST,2114,320,3423.22,503,59,631.55
2026-05-23,BOWL,WEST,3343,569,6338.56,681,81,894.19
2026-05-24,BOWL,NORTHEAST,2876,486,5751.12,618,66,645.25
2026-05-24,BOWL,SOUTHEAST,2630,355,4063.8,556,73,669.23
2026-05-24,BOWL,MIDWEST,2348,364,4185.62,507,70,760.76
2026-05-24,BOWL,WEST,3003,442,4963.77,747,84,869.61
2026-05-25,BOWL,NORTHEAST,3123,468,5037.0,566,63,620.48
2026-05-25,BOWL,SOUTHEAST,2518,414,4734.9,557,59,586.12
2026-05-25,BOWL,MIDWEST,2255,395,4333.19,495,53,574.48
2026-05-25,BOWL,WEST,3034,517,5944.38,746,81,881.36
2026-05-26,BOWL,NORTHEAST,2709,363,3883.99,585,67,692.54
2026-05-26,BOWL,SOUTHEAST,2597,386,4560.73,531,56,595.48
2026-05-26,BOWL,MIDWEST,2209,328,3546.05,522,59,661.51
2026-05-26,BOWL,WEST,3111,467,5105.31,701,87,957.3
2026-05-27,BOWL,NORTHEAST,2709,413,4402.62,669,80,813.01
2026-05-27,BOWL,SOUTHEAST,2541,356,3973.25,396,44,492.09
2026-05-27,BOWL,MIDWEST,2254,378,4187.65,478,61,657.64
2026-05-27,BOWL,WEST,3217,514,5514.96,632,64,673.74
2026-05-28,BOWL,NORTHEAST,2851,446,5186.86,617,70,709.76
2026-05-28,BOWL,SOUTHEAST,2731,414,4441.0,569,68,709.14
2026-05-28,BOWL,MIDWEST,2289,341,3692.31,489,61,663.29
2026-05-28,BOWL,WEST,3089,475,5369.75,600,63,684.86
2026-05-29,BOWL,NORTHEAST,2895,445,4979.13,610,63,714.77
2026-05-29,BOWL,SOUTHEAST,2470,391,4305.93,470,54,563.26
2026-05-29,BOWL,MIDWEST,2253,346,3825.32,481,50,582.42
2026-05-29,BOWL,WEST,3233,536,6071.01,690,73,811.02
2026-05-30,BOWL,NORTHEAST,2607,422,4872.83,581,56,589.71
2026-05-30,BOWL,SOUTHEAST,2582,376,4246.07,535,64,653.84
2026-05-30,BOWL,MIDWEST,2298,322,3622.06,479,55,533.33
2026-05-30,BOWL,WEST,3107,515,5501.6,644,71,739.7
2026-05-31,BOWL,NORTHEAST,3058,481,5280.88,670,88,956.08
2026-05-31,BOWL,SOUTHEAST,2713,404,4551.06,555,69,744.32
2026-05-31,BOWL,MIDWEST,2371,381,4322.0,507,48,499.04
2026-05-31,BOWL,WEST,2869,471,5002.49,730,79,887.57
2026-06-01,BOWL,NORTHEAST,3065,505,5459.79,568,66,688.74
2026-06-01,BOWL,SOUTHEAST,2449,337,3883.17,591,71,708.03
2026-06-01,BOWL,MIDWEST,2323,335,3817.78,396,44,476.46
2026-06-01,BOWL,WEST,3293,510,5345.28,768,88,902.09
2026-06-02,BOWL,NORTHEAST,2715,438,5166.51,698,78,857.14
2026-06-02,BOWL,SOUTHEAST,2729,428,4923.13,611,68,719.41
2026-06-02,BOWL,MIDWEST,2244,395,4165.31,531,50,503.25
2026-06-02,BOWL,WEST,3275,520,5868.08,737,90,892.17
2026-06-03,BOWL,NORTHEAST,2679,422,4688.0,532,66,697.91
2026-06-03,BOWL,SOUTHEAST,2790,433,4611.54,558,67,699.29
2026-06-03,BOWL,MIDWEST,2159,312,3452.46,519,59,638.29
2026-06-03,BOWL,WEST,3088,472,5468.0,807,84,903.16
2026-06-04,BOWL,NORTHEAST,2927,494,5217.82,644,77,865.01
2026-06-04,BOWL,SOUTHEAST,2588,409,4464.46,570,64,647.88
2026-06-04,BOWL,MIDWEST,2193,347,3865.31,492,52,527.44
2026-06-04,BOWL,WEST,3148,539,6179.61,748,70,760.23
2026-06-05,BOWL,NORTHEAST,2954,473,4936.09,687,80,839.45
2026-06-05,BOWL,SOUTHEAST,2691,419,4747.9,576,62,689.16
2026-06-05,BOWL,MIDWEST,2197,354,3812.32,528,58,594.32
2026-06-05,BOWL,WEST,2990,423,4637.19,720,88,1048.46
2026-06-06,BOWL,NORTHEAST,3147,496,5131.91,619,73,789.04
2026-06-06,BOWL,SOUTHEAST,2536,417,4919.26,602,73,822.14
2026-06-06,BOWL,MIDWEST,2232,337,3808.82,558,69,735.54
2026-06-06,BOWL,WEST,3355,556,5988.23,722,88,962.32
2026-06-07,BOWL,NORTHEAST,2984,518,6204.69,658,75,815.28
2026-06-07,BOWL,SOUTHEAST,2879,408,4598.84,578,73,771.47
2026-06-07,BOWL,MIDWEST,2000,309,3365.55,510,55,596.58
2026-06-07,BOWL,WEST,3061,520,5611.19,724,75,775.48
2026-06-08,BOWL,NORTHEAST,2795,439,5119.85,663,79,817.16
2026-06-08,BOWL,SOUTHEAST,2356,369,3993.17,669,73,748.25
2026-06-08,BOWL,MIDWEST,2046,317,3676.43,527,62,632.47
2026-06-08,BOWL,WEST,3208,474,5187.74,678,73,806.64
2026-06-09,BOWL,NORTHEAST,2945,483,5520.57,645,81,938.13
2026-06-09,BOWL,SOUTHEAST,2691,476,5395.16,656,69,708.56
2026-06-09,BOWL,MIDWEST,2359,336,3542.4,584,67,708.13
2026-06-09,BOWL,WEST,3305,542,6103.61,743,78,826.45
2026-06-10,BOWL,NORTHEAST,2881,457,5149.72,726,76,754.94
2026-06-10,BOWL,SOUTHEAST,2764,421,4491.14,547,64,726.27
2026-06-10,BOWL,MIDWEST,2271,385,4442.0,591,66,712.76
2026-06-10,BOWL,WEST,3143,404,4438.91,688,70,737.13
2026-06-11,BOWL,NORTHEAST,2901,459,5113.4,690,77,817.04
2026-06-11,BOWL,SOUTHEAST,2648,431,4753.66,674,70,731.97
2026-06-11,BOWL,MIDWEST,2389,393,4259.23,545,63,697.43
2026-06-11,BOWL,WEST,3092,534,5680.23,740,77,857.92
2026-06-12,BOWL,NORTHEAST,2641,388,4318.83,715,84,871.45
2026-06-12,BOWL,SOUTHEAST,2706,421,4578.5,652,85,877.35
2026-06-12,BOWL,MIDWEST,2236,373,4232.12,522,61,598.95
2026-06-12,BOWL,WEST,3307,567,6119.71,713,76,784.85
2026-06-13,BOWL,NORTHEAST,3065,498,5298.5,644,68,734.5
2026-06-13,BOWL,SOUTHEAST,2586,450,5157.54,630,75,793.62
2026-06-13,BOWL,MIDWEST,2166,357,3903.2,552,61,664.88
2026-06-13,BOWL,WEST,3195,485,5594.44,737,81,832.79
2026-06-14,BOWL,NORTHEAST,2979,469,5605.65,688,77,885.76
2026-06-14,BOWL,SOUTHEAST,2404,389,4436.06,671,78,839.33
2026-06-14,BOWL,MIDWEST,2423,417,4379.46,512,63,690.68
2026-06-14,BOWL,WEST,3065,496,5446.82,845,95,1040.0
2026-06-15,BOWL,NORTHEAST,2877,421,4602.65,624,79,871.12
2026-06-15,BOWL,SOUTHEAST,2545,421,4653.04,529,66,663.7
2026-06-15,BOWL,MIDWEST,2421,391,4287.78,564,72,750.8
2026-06-15,BOWL,WEST,2888,481,5397.31,777,85,864.68
2026-06-16,BOWL,NORTHEAST,2877,467,5213.86,746,94,966.13
2026-06-16,BOWL,SOUTHEAST,2513,390,4255.9,671,77,833.35
2026-06-16,BOWL,MIDWEST,2299,392,4343.6,555,67,690.61
2026-06-16,BOWL,WEST,3351,459,5119.72,744,77,865.27
2026-06-17,BOWL,NORTHEAST,2808,395,4360.16,687,74,850.04
2026-06-17,BOWL,SOUTHEAST,2540,355,3987.49,619,62,691.38
2026-06-17,BOWL,MIDWEST,2229,338,3655.93,605,80,839.37
2026-06-17,BOWL,WEST,3252,534,5865.01,761,79,794.22
2026-06-18,BOWL,NORTHEAST,2755,458,5101.25,728,74,780.81
2026-06-18,BOWL,SOUTHEAST,2578,366,4137.01,699,75,805.13
2026-06-18,BOWL,MIDWEST,2441,383,4249.77,513,58,681.16
2026-06-18,BOWL,WEST,3090,549,5991.24,806,97,1095.04
2026-06-19,BOWL,NORTHEAST,2793,461,5064.74,770,90,989.1
2026-06-19,BOWL,SOUTHEAST,2923,442,4981.72,714,76,796.84
2026-06-19,BOWL,MIDWEST,2274,353,3785.95,618,74,835.81
2026-06-19,BOWL,WEST,3333,521,5772.64,847,97,1061.37
2026-06-20,BOWL,NORTHEAST,2901,456,5224.01,827,93,973.94
2026-06-20,BOWL,SOUTHEAST,2662,438,4837.73,639,65,717.72
2026-06-20,BOWL,MIDWEST,2489,423,4657.19,564,64,627.44
2026-06-20,BOWL,WEST,3099,484,5316.47,811,91,946.0
2026-06-21,BOWL,NORTHEAST,2771,417,4576.34,730,86,918.23
2026-06-21,BOWL,SOUTHEAST,2487,402,4533.7,620,70,760.99
2026-06-21,BOWL,MIDWEST,2333,354,3899.06,608,67,734.31
2026-06-21,BOWL,WEST,3307,568,6281.37,827,100,1027.65
2026-06-22,BOWL,NORTHEAST,2978,499,5679.47,674,73,832.23
2026-06-22,BOWL,SOUTHEAST,2620,447,4938.25,649,72,706.74
2026-06-22,BOWL,MIDWEST,2229,350,3587.14,488,56,616.03
2026-06-22,BOWL,WEST,3043,465,5698.47,774,101,1068.3
2026-06-23,BOWL,NORTHEAST,2687,447,4861.76,744,80,865.88
2026-06-23,BOWL,SOUTHEAST,2471,364,4351.97,677,79,878.51
2026-06-23,BOWL,MIDWEST,2469,359,4109.66,667,76,784.42
2026-06-23,BOWL,WEST,3392,551,6285.49,712,76,810.2
2026-06-24,BOWL,NORTHEAST,2931,493,5584.24,626,71,777.01
2026-06-24,BOWL,SOUTHEAST,2385,373,4254.86,659,84,908.62
2026-06-24,BOWL,MIDWEST,2313,364,4133.19,515,55,586.2
2026-06-24,BOWL,WEST,3185,527,5985.36,679,90,955.27
2026-06-25,BOWL,NORTHEAST,2942,472,5062.04,825,100,1039.86
2026-06-25,BOWL,SOUTHEAST,2491,452,5032.77,662,76,790.15
2026-06-25,BOWL,MIDWEST,2328,388,4430.7,616,70,776.88
2026-06-25,BOWL,WEST,3274,575,6307.04,747,80,833.3
2026-06-26,BOWL,NORTHEAST,2783,444,4750.57,774,89,952.28
2026-06-26,BOWL,SOUTHEAST,2694,457,5059.19,631,71,742.93
2026-06-26,BOWL,MIDWEST,2500,390,4293.04,608,79,871.08
2026-06-26,BOWL,WEST,3000,421,4553.6,833,94,1004.66
2026-06-27,BOWL,NORTHEAST,2732,436,4540.08,719,93,1014.68
2026-06-27,BOWL,SOUTHEAST,2504,395,4443.44,808,102,1025.76
2026-06-27,BOWL,MIDWEST,2255,369,4183.23,572,61,591.37
2026-06-27,BOWL,WEST,3368,552,6271.35,798,100,982.25
2026-06-28,BOWL,NORTHEAST,3089,506,5988.82,774,77,846.76
2026-06-28,BOWL,SOUTHEAST,2636,411,5065.16,693,83,892.82
2026-06-28,BOWL,MIDWEST,2292,404,4494.71,640,76,843.48
2026-06-28,BOWL,WEST,3178,507,5649.13,812,91,958.0
2026-06-29,BOWL,NORTHEAST,2980,507,5786.01,799,82,879.15
2026-06-29,BOWL,SOUTHEAST,2376,399,4312.82,716,78,872.02
2026-06-29,BOWL,MIDWEST,2228,404,4550.56,589,59,645.65
2026-06-29,BOWL,WEST,3163,528,5741.73,862,105,1185.69
2026-06-30,BOWL,NORTHEAST,2590,375,4365.4,729,78,818.77
2026-06-30,BOWL,SOUTHEAST,2548,434,4636.49,666,79,788.66
2026-06-30,BOWL,MIDWEST,2357,392,4221.78,536,68,663.64
2026-06-30,BOWL,WEST,2932,516,5849.26,733,85,860.81
2026-07-01,BOWL,NORTHEAST,2648,402,4486.16,677,69,725.98
2026-07-01,BOWL,SOUTHEAST,2517,379,4147.9,654,76,858.19
2026-07-01,BOWL,MIDWEST,2314,394,4175.67,600,72,759.08
2026-07-01,BOWL,WEST,3048,458,4636.29,878,102,1024.94
2026-07-02,BOWL,NORTHEAST,2904,446,5091.35,814,87,978.52
2026-07-02,BOWL,SOUTHEAST,2643,460,5186.55,580,63,700.59
2026-07-02,BOWL,MIDWEST,2218,358,4014.31,645,77,815.23
2026-07-02,BOWL,WEST,3072,463,4994.55,771,92,1020.48
2026-07-03,BOWL,NORTHEAST,2881,477,5343.61,762,79,827.17
2026-07-03,BOWL,SOUTHEAST,3037,458,5169.72,686,77,812.5
2026-07-03,BOWL,MIDWEST,2300,394,4302.57,549,67,738.6
2026-07-03,BOWL,WEST,2842,460,5166.32,880,96,941.12
2026-07-04,BOWL,NORTHEAST,3029,492,5611.82,942,111,1147.49
2026-07-04,BOWL,SOUTHEAST,2642,426,4607.87,687,71,758.86
2026-07-04,BOWL,MIDWEST,2315,397,4381.91,634,67,757.38
2026-07-04,BOWL,WEST,3108,528,5732.31,810,90,938.68
2026-07-05,BOWL,NORTHEAST,2836,446,4588.11,740,95,985.51
2026-07-05,BOWL,SOUTHEAST,2702,457,4970.54,742,90,956.51
2026-07-05,BOWL,MIDWEST,2145,350,3885.73,698,71,737.78
2026-07-05,BOWL,WEST,2759,395,4377.22,928,89,904.81
2026-07-06,BOWL,NORTHEAST,2898,487,5400.28,845,100,1035.89
2026-07-06,BOWL,SOUTHEAST,2540,393,4232.07,650,72,787.39
2026-07-06,BOWL,MIDWEST,2248,367,4260.17,607,65,730.14
2026-07-06,BOWL,WEST,2918,440,4874.09,857,102,1125.24
2026-07-07,BOWL,NORTHEAST,2920,467,5138.2,773,77,916.74
2026-07-07,BOWL,SOUTHEAST,2439,385,4256.64,741,83,875.27
2026-07-07,BOWL,MIDWEST,2219,353,3693.08,595,60,642.01
2026-07-07,BOWL,WEST,2950,463,5367.73,855,97,928.02
2026-07-08,BOWL,NORTHEAST,3047,500,5476.15,773,79,882.42
2026-07-08,BOWL,SOUTHEAST,2839,438,4824.57,684,86,884.86
2026-07-08,BOWL,MIDWEST,2386,410,4499.87,618,80,833.14
2026-07-08,BOWL,WEST,3080,488,5444.06,923,105,1141.87
2026-07-09,BOWL,NORTHEAST,2694,471,5206.25,794,90,945.99
2026-07-09,BOWL,SOUTHEAST,2672,432,4780.7,622,64,708.4
2026-07-09,BOWL,MIDWEST,2247,354,3962.37,566,73,768.16
2026-07-09,BOWL,WEST,3314,531,5870.18,900,103,1032.91
2026-07-10,BOWL,NORTHEAST,2731,456,4830.29,845,92,963.8
2026-07-10,BOWL,SOUTHEAST,2677,450,5027.73,826,89,933.95
2026-07-10,BOWL,MIDWEST,2316,394,4177.18,671,81,873.22
2026-07-10,BOWL,WEST,3392,571,6427.28,852,96,952.38
2026-07-11,BOWL,NORTHEAST,2570,443,5159.34,850,98,995.13
2026-07-11,BOWL,SOUTHEAST,2610,410,4451.36,716,81,915.4
2026-07-11,BOWL,MIDWEST,2334,388,4157.22,591,63,639.69
2026-07-11,BOWL,WEST,3138,479,5617.13,992,107,1149.09
2026-07-12,BOWL,NORTHEAST,2924,471,5352.78,818,102,1092.59
2026-07-12,BOWL,SOUTHEAST,2397,385,4202.21,686,80,866.25
2026-07-12,BOWL,MIDWEST,2347,426,4906.43,638,75,778.77
2026-07-12,BOWL,WEST,3587,640,7205.29,1057,123,1265.21
2026-07-13,BOWL,NORTHEAST,2636,402,4464.87,937,104,1029.47
2026-07-13,BOWL,SOUTHEAST,2597,423,4686.12,786,91,922.94
2026-07-13,BOWL,MIDWEST,2181,345,3864.79,655,71,781.4
2026-07-13,BOWL,WEST,3056,481,5297.32,889,98,1106.07
2026-07-14,BOWL,NORTHEAST,3283,542,5778.09,829,92,938.77
2026-07-14,BOWL,SOUTHEAST,2725,437,4857.83,741,77,812.95
2026-07-14,BOWL,MIDWEST,2131,364,3794.3,611,62,654.32
2026-07-14,BOWL,WEST,3189,547,6158.96,907,104,1135.42
2026-07-15,BOWL,NORTHEAST,2921,491,5590.4,869,110,1241.14
2026-07-15,BOWL,SOUTHEAST,2432,407,4412.44,688,78,764.64
2026-07-15,BOWL,MIDWEST,2271,371,4011.52,686,88,894.1
2026-07-15,BOWL,WEST,3108,520,5643.91,899,98,1057.56
2026-07-16,BOWL,NORTHEAST,2746,448,4999.6,877,108,1140.48
2026-07-16,BOWL,SOUTHEAST,2536,439,5091.12,837,101,1061.38
2026-07-16,BOWL,MIDWEST,2238,370,3889.04,641,70,760.38
2026-07-16,BOWL,WEST,3270,521,5718.59,938,113,1235.04
2026-07-17,BOWL,NORTHEAST,2743,443,4815.91,933,89,969.07
2026-07-17,BOWL,SOUTHEAST,2673,455,4877.53,790,89,967.81
2026-07-17,BOWL,MIDWEST,2374,434,4818.85,680,75,758.19
2026-07-17,BOWL,WEST,3176,557,6038.45,942,88,944.87
2026-07-18,BOWL,NORTHEAST,2915,459,4909.58,814,95,1046.04
2026-07-18,BOWL,SOUTHEAST,2573,433,4834.96,609,74,795.29
2026-07-18,BOWL,MIDWEST,2232,371,4285.62,657,74,777.44
2026-07-18,BOWL,WEST,3055,539,6059.25,948,99,1065.29
2026-07-19,BOWL,NORTHEAST,2673,423,4583.23,878,94,1002.86
2026-07-19,BOWL,SOUTHEAST,2618,440,4833.57,649,71,731.02
2026-07-19,BOWL,MIDWEST,2294,374,4258.2,696,82,889.55
2026-07-19,BOWL,WEST,3058,521,5583.78,899,100,1015.22
2026-07-20,BOWL,NORTHEAST,2782,479,5404.11,918,99,1029.73
2026-07-20,BOWL,SOUTHEAST,2624,409,4639.01,767,87,921.41
2026-07-20,BOWL,MIDWEST,2149,366,3730.53,673,71,734.64
2026-07-20,BOWL,WEST,3089,529,5844.41,817,101,1155.82
2026-07-21,BOWL,NORTHEAST,2689,442,4854.95,810,88,878.44
2026-07-21,BOWL,SOUTHEAST,2585,404,4393.57,740,86,886.93
2026-07-21,BOWL,MIDWEST,2425,370,4150.09,637,68,708.99
2026-07-21,BOWL,WEST,3034,522,5836.37,982,107,1070.21
2026-07-22,BOWL,NORTHEAST,2718,529,5791.96,843,87,893.85
2026-07-22,BOWL,SOUTHEAST,2469,433,4724.68,817,99,1104.89
2026-07-22,BOWL,MIDWEST,2160,353,4024.64,635,80,838.63
2026-07-22,BOWL,WEST,3068,497,5575.35,993,117,1290.68
2026-07-23,BOWL,NORTHEAST,2776,481,5423.14,960,100,1025.37
2026-07-23,BOWL,SOUTHEAST,2489,370,4034.95,750,85,878.67
2026-07-23,BOWL,MIDWEST,2432,375,4351.18,748,95,982.66
2026-07-23,BOWL,WEST,3239,555,6324.91,1108,138,1599.07
2026-07-24,BOWL,NORTHEAST,2816,526,5951.82,949,120,1252.68
2026-07-24,BOWL,SOUTHEAST,2461,372,4120.36,823,83,850.11
2026-07-24,BOWL,MIDWEST,2163,368,4013.1,701,70,759.86
2026-07-24,BOWL,WEST,3051,503,5796.38,896,104,1130.5
2026-07-25,BOWL,NORTHEAST,2829,477,4927.08,936,119,1325.72
2026-07-25,BOWL,SOUTHEAST,2565,441,4969.07,831,90,976.8
2026-07-25,BOWL,MIDWEST,2350,387,4443.51,732,75,740.98
2026-07-25,BOWL,WEST,3349,542,6387.0,981,106,1204.68
2026-07-26,BOWL,NORTHEAST,3168,562,6439.2,892,102,1162.17
2026-07-26,BOWL,SOUTHEAST,2520,384,4235.08,715,80,863.77
2026-07-26,BOWL,MIDWEST,2177,360,4010.26,665,83,941.54
2026-07-26,BOWL,WEST,3351,572,6173.27,869,100,1087.86
2026-07-27,BOWL,NORTHEAST,2916,477,5550.1,844,103,1119.56
2026-07-27,BOWL,SOUTHEAST,2420,424,4968.38,837,91,981.01
2026-07-27,BOWL,MIDWEST,2122,337,3930.75,685,81,863.91
2026-07-27,BOWL,WEST,3102,535,5932.83,823,99,993.95
2026-07-28,BOWL,NORTHEAST,2763,471,5104.56,943,108,1118.39
2026-07-28,BOWL,SOUTHEAST,2671,435,4749.05,765,88,891.07
2026-07-28,BOWL,MIDWEST,2405,396,4401.93,756,80,889.7
2026-07-28,BOWL,WEST,2986,503,5564.81,974,106,1137.11
2026-07-29,BOWL,NORTHEAST,2919,516,5839.45,911,105,1095.86
2026-07-29,BOWL,SOUTHEAST,2523,438,5092.62,792,107,1137.43
2026-07-29,BOWL,MIDWEST,2246,367,4149.31,789,70,708.44
2026-07-29,BOWL,WEST,2964,457,4838.07,958,112,1220.17
2026-07-30,BOWL,NORTHEAST,2620,463,5152.28,911,104,1081.81
2026-07-30,BOWL,SOUTHEAST,2735,478,5201.93,802,94,1009.57
2026-07-30,BOWL,MIDWEST,2088,352,3672.89,681,81,855.23
2026-07-30,BOWL,WEST,3219,487,5531.66,983,108,1151.42
2026-07-31,BOWL,NORTHEAST,3094,483,5486.88,993,118,1313.85
2026-07-31,BOWL,SOUTHEAST,2650,390,4486.18,843,94,972.56
2026-07-31,BOWL,MIDWEST,2229,382,4112.68,741,89,959.62
2026-07-31,BOWL,WEST,3104,486,5093.47,936,99,998.86
2026-08-01,BOWL,NORTHEAST,2964,474,5265.5,902,107,1076.17
2026-08-01,BOWL,SOUTHEAST,2614,453,5261.83,790,78,823.4
2026-08-01,BOWL,MIDWEST,2428,381,4430.58,692,72,735.87
2026-08-01,BOWL,WEST,3058,525,6119.25,911,111,1054.75
2026-08-02,BOWL,NORTHEAST,2850,414,4429.27,964,102,1049.19
2026-08-02,BOWL,SOUTHEAST,2592,441,4890.63,813,84,928.31
2026-08-02,BOWL,MIDWEST,2393,427,4740.78,764,91,973.25
2026-08-02,BOWL,WEST,3433,525,5622.04,914,107,1141.23
2026-08-03,BOWL,NORTHEAST,2931,460,5293.89,986,131,1333.65
2026-08-03,BOWL,SOUTHEAST,2543,402,4476.04,836,85,888.78
2026-08-03,BOWL,MIDWEST,2351,405,4756.89,719,86,941.8
2026-08-03,BOWL,WEST,3051,505,5348.77,935,93,1071.86
2026-08-04,BOWL,NORTHEAST,2823,471,5133.9,744,79,847.39
2026-08-04,BOWL,SOUTHEAST,2496,425,4998.14,870,95,1044.18
2026-08-04,BOWL,MIDWEST,2158,339,3775.53,844,93,1068.26
2026-08-04,BOWL,WEST,3116,471,5032.14,1018,136,1430.89
2026-08-05,BOWL,NORTHEAST,2691,472,5207.7,927,124,1265.17
2026-08-05,BOWL,SOUTHEAST,2704,404,4575.83,867,98,1050.35
2026-08-05,BOWL,MIDWEST,2197,359,3843.54,650,79,865.38
2026-08-05,BOWL,WEST,3166,492,5628.98,927,108,1094.93
2026-08-06,BOWL,NORTHEAST,2681,457,5118.42,839,107,1140.46
2026-08-06,BOWL,SOUTHEAST,2522,425,4744.63,904,108,1114.43
2026-08-06,BOWL,MIDWEST,2219,338,3810.61,807,100,1028.85
2026-08-06,BOWL,WEST,2798,485,5308.16,979,98,995.04
2026-08-07,BOWL,NORTHEAST,2804,478,5208.45,874,100,1071.68
2026-08-07,BOWL,SOUTHEAST,2438,394,4374.1,900,111,1283.56
2026-08-07,BOWL,MIDWEST,2100,379,4240.32,756,94,1068.38
2026-08-07,BOWL,WEST,2951,482,5513.58,1096,122,1317.95
2026-08-08,BOWL,NORTHEAST,2622,433,4697.32,1091,127,1366.24
2026-08-08,BOWL,SOUTHEAST,2686,442,5025.27,858,111,1138.46
2026-08-08,BOWL,MIDWEST,2461,383,4017.98,669,72,752.9
2026-08-08,BOWL,WEST,3118,483,5568.22,949,98,1083.77
2026-08-09,BOWL,NORTHEAST,2914,531,5584.17,883,95,995.61
2026-08-09,BOWL,SOUTHEAST,2597,442,4538.08,885,108,1191.99
2026-08-09,BOWL,MIDWEST,2256,366,4027.93,849,104,1128.72
2026-08-09,BOWL,WEST,2963,486,5289.84,1148,118,1180.82
2026-08-10,BOWL,NORTHEAST,2534,452,4990.55,870,103,1011.0
2026-08-10,BOWL,SOUTHEAST,2632,428,4537.49,818,89,967.48
2026-08-10,BOWL,MIDWEST,2160,387,4443.63,756,74,713.93
2026-08-10,BOWL,WEST,3181,539,5969.27,1117,132,1414.34
2026-08-11,BOWL,NORTHEAST,2830,484,5305.04,1076,129,1350.85
2026-08-11,BOWL,SOUTHEAST,2626,436,4713.19,796,82,921.84
2026-08-11,BOWL,MIDWEST,2370,394,4401.46,772,90,933.49
2026-08-11,BOWL,WEST,3267,574,6666.36,878,113,1217.48
2026-08-12,BOWL,NORTHEAST,2950,460,5061.36,1011,133,1354.48
2026-08-12,BOWL,SOUTHEAST,2610,434,5005.25,899,100,1100.66
2026-08-12,BOWL,MIDWEST,2311,391,4328.81,709,76,820.72
2026-08-12,BOWL,WEST,2842,516,5966.63,1024,121,1231.72
2026-08-13,BOWL,NORTHEAST,2652,422,4772.93,984,109,1179.87
2026-08-13,BOWL,SOUTHEAST,2658,452,4904.55,814,100,1069.18
2026-08-13,BOWL,MIDWEST,2368,394,4471.51,848,93,945.96
2026-08-13,BOWL,WEST,3081,554,6079.69,1127,135,1504.66
2026-08-14,BOWL,NORTHEAST,2804,504,5715.34,1006,115,1201.34
2026-08-14,BOWL,SOUTHEAST,2675,475,5517.87,871,113,1209.75
2026-08-14,BOWL,MIDWEST,2200,364,4266.09,819,83,852.96
2026-08-14,BOWL,WEST,3077,525,5958.83,1080,130,1452.42
2026-08-15,BOWL,NORTHEAST,2823,502,5876.99,975,111,1187.83
2026-08-15,BOWL,SOUTHEAST,2800,439,5062.67,763,87,843.35
2026-08-15,BOWL,MIDWEST,2485,432,4848.6,890,95,916.52
2026-08-15,BOWL,WEST,3329,537,5971.38,1126,157,1598.08
2026-08-16,BOWL,NORTHEAST,3045,458,5105.89,887,107,1103.82
2026-08-16,BOWL,SOUTHEAST,2676,380,4277.42,921,103,1101.38
2026-08-16,BOWL,MIDWEST,2305,353,3821.23,887,105,1144.54
2026-08-16,BOWL,WEST,3208,588,6631.61,930,85,903.18
2026-08-17,BOWL,NORTHEAST,3010,454,4842.36,1083,115,1323.46
2026-08-17,BOWL,SOUTHEAST,2763,468,5142.19,929,100,1086.67
2026-08-17,BOWL,MIDWEST,2395,439,4811.68,792,90,938.94
2026-08-17,BOWL,WEST,3159,581,6812.71,1179,153,1615.53
2026-08-18,BOWL,NORTHEAST,2873,467,4934.46,966,111,1186.72
2026-08-18,BOWL,SOUTHEAST,2321,359,3798.62,1033,121,1215.03
2026-08-18,BOWL,MIDWEST,2326,430,5084.84,886,106,1160.9
2026-08-18,BOWL,WEST,3460,601,6871.95,985,108,1203.19
2026-08-19,BOWL,NORTHEAST,2828,457,4939.47,951,108,1154.02
2026-08-19,BOWL,SOUTHEAST,2454,416,4526.42,1002,109,1155.89
2026-08-19,BOWL,MIDWEST,2305,353,3944.77,795,95,998.13
2026-08-19,BOWL,WEST,3160,485,5312.52,1191,141,1575.1
2026-08-20,BOWL,NORTHEAST,2857,469,5552.05,880,103,1038.41
2026-08-20,BOWL,SOUTHEAST,2428,414,4605.47,1017,124,1357.84
2026-08-20,BOWL,MIDWEST,2175,375,4402.68,843,94,1073.24
2026-08-20,BOWL,WEST,2979,473,5329.0,1154,127,1336.93
2026-08-21,BOWL,NORTHEAST,3090,534,6066.23,1083,122,1287.74
2026-08-21,BOWL,SOUTHEAST,2393,408,4643.23,748,81,900.63
2026-08-21,BOWL,MIDWEST,2194,390,4399.95,791,94,1013.37
2026-08-21,BOWL,WEST,3261,562,5890.72,1015,126,1385.33
2026-08-22,BOWL,NORTHEAST,2750,444,4773.34,1083,117,1322.88
2026-08-22,BOWL,SOUTHEAST,2653,430,4998.97,854,90,994.95
2026-08-22,BOWL,MIDWEST,2375,423,4671.38,673,71,781.14
2026-08-22,BOWL,WEST,3065,494,5562.41,964,103,1051.33
2026-08-23,BOWL,NORTHEAST,2746,512,5739.96,1009,112,1183.61
2026-08-23,BOWL,SOUTHEAST,2368,418,4608.16,1025,126,1333.37
2026-08-23,BOWL,MIDWEST,2262,414,4732.26,787,91,996.39
2026-08-23,BOWL,WEST,3270,546,5904.62,1155,136,1486.33
2026-08-24,BOWL,NORTHEAST,3020,459,5080.2,1166,149,1447.18
2026-08-24,BOWL,SOUTHEAST,2428,417,4719.83,1008,142,1520.87
2026-08-24,BOWL,MIDWEST,2252,381,4289.5,784,79,805.33
2026-08-24,BOWL,WEST,3230,549,5890.97,1154,120,1263.74
2026-08-25,BOWL,NORTHEAST,2915,553,6224.53,894,97,1032.21
2026-08-25,BOWL,SOUTHEAST,2251,396,4371.44,833,91,930.46
2026-08-25,BOWL,MIDWEST,2024,376,4084.27,755,98,1047.88
2026-08-25,BOWL,WEST,3335,538,5737.66,1103,124,1333.71
2026-08-26,BOWL,NORTHEAST,2972,469,4952.61,1114,104,1099.99
2026-08-26,BOWL,SOUTHEAST,2474,423,4693.16,944,122,1297.66
2026-08-26,BOWL,MIDWEST,2221,358,4088.24,782,89,982.54
2026-08-26,BOWL,WEST,3038,531,5998.34,1256,137,1561.9
2026-08-27,BOWL,NORTHEAST,2820,461,5044.05,1098,119,1211.68
2026-08-27,BOWL,SOUTHEAST,2522,417,4638.93,858,97,1002.88
2026-08-27,BOWL,MIDWEST,2075,343,3758.05,779,89,989.79
2026-08-27,BOWL,WEST,3034,549,6056.83,1091,119,1262.91
2026-08-28,BOWL,NORTHEAST,2705,426,4668.81,1080,147,1520.46
2026-08-28,BOWL,SOUTHEAST,2516,419,4681.26,1184,133,1364.8
2026-08-28,BOWL,MIDWEST,2337,393,4524.3,874,96,1049.84
2026-08-28,BOWL,WEST,3378,560,6475.99,1211,126,1319.53
2026-08-29,BOWL,NORTHEAST,2791,501,5492.7,1233,127,1273.16
2026-08-29,BOWL,SOUTHEAST,2758,484,5365.61,1036,103,999.42
2026-08-29,BOWL,MIDWEST,2364,383,4280.39,798,82,853.62
2026-08-29,BOWL,WEST,3136,516,5774.32,1085,120,1356.44
2026-08-30,BOWL,NORTHEAST,2845,459,4954.54,981,104,1049.74
2026-08-30,BOWL,SOUTHEAST,2635,458,5160.04,939,88,893.66
2026-08-30,BOWL,MIDWEST,2321,366,4001.27,763,82,932.0
2026-08-30,BOWL,WEST,3094,514,5472.53,1196,118,1289.54
2026-03-02,FRYZ,NORTHEAST,3380,311,5006.52,197,20,334.72
2026-03-02,FRYZ,SOUTHEAST,2616,283,4429.97,146,16,252.3
2026-03-02,FRYZ,MIDWEST,2589,217,3416.32,149,16,250.27
2026-03-02,FRYZ,WEST,3768,359,5652.17,210,22,357.0
2026-03-03,FRYZ,NORTHEAST,3248,299,4452.54,214,24,351.87
2026-03-03,FRYZ,SOUTHEAST,2940,285,4427.99,187,21,333.24
2026-03-03,FRYZ,MIDWEST,2442,224,3512.46,171,19,280.79
2026-03-03,FRYZ,WEST,3455,337,5311.35,227,26,370.37
2026-03-04,FRYZ,NORTHEAST,3233,275,4535.63,260,28,431.17
2026-03-04,FRYZ,SOUTHEAST,2965,262,4233.32,167,21,311.19
2026-03-04,FRYZ,MIDWEST,2669,238,3878.91,148,14,213.17
2026-03-04,FRYZ,WEST,3540,352,5525.69,241,31,444.38
2026-03-05,FRYZ,NORTHEAST,3239,285,4384.16,223,29,438.58
2026-03-05,FRYZ,SOUTHEAST,2965,276,4410.38,213,22,331.28
2026-03-05,FRYZ,MIDWEST,2587,262,4164.76,180,19,291.86
2026-03-05,FRYZ,WEST,3903,376,5920.48,242,30,459.14
2026-03-06,FRYZ,NORTHEAST,3276,309,4894.5,215,22,335.08
2026-03-06,FRYZ,SOUTHEAST,2882,251,3934.6,212,24,379.56
2026-03-06,FRYZ,MIDWEST,2788,260,4118.2,153,16,240.27
2026-03-06,FRYZ,WEST,3220,305,4560.5,249,28,459.92
2026-03-07,FRYZ,NORTHEAST,3362,303,4932.89,241,28,409.81
2026-03-07,FRYZ,SOUTHEAST,3112,276,4320.87,189,19,284.98
2026-03-07,FRYZ,MIDWEST,2688,265,4095.41,195,22,344.05
2026-03-07,FRYZ,WEST,3553,347,5454.83,237,28,462.31
2026-03-08,FRYZ,NORTHEAST,3529,342,5263.89,250,29,416.97
2026-03-08,FRYZ,SOUTHEAST,2735,258,3916.78,209,24,351.77
2026-03-08,FRYZ,MIDWEST,2451,217,3539.65,188,19,293.19
2026-03-08,FRYZ,WEST,3544,347,5476.81,274,27,427.97
2026-03-09,FRYZ,NORTHEAST,3647,327,4973.59,232,26,415.03
2026-03-09,FRYZ,SOUTHEAST,3031,321,5138.56,198,19,299.09
2026-03-09,FRYZ,MIDWEST,2462,212,3324.46,211,23,380.17
2026-03-09,FRYZ,WEST,3890,347,5334.34,254,26,416.22
2026-03-10,FRYZ,NORTHEAST,3078,319,5037.42,278,34,553.41
2026-03-10,FRYZ,SOUTHEAST,2893,265,4342.12,239,26,398.82
2026-03-10,FRYZ,MIDWEST,2683,235,3653.38,214,25,366.6
2026-03-10,FRYZ,WEST,3549,328,5304.97,302,31,467.55
2026-03-11,FRYZ,NORTHEAST,3256,303,4778.52,280,32,496.47
2026-03-11,FRYZ,SOUTHEAST,2985,299,4806.37,212,25,381.43
2026-03-11,FRYZ,MIDWEST,2552,208,3338.77,196,19,305.54
2026-03-11,FRYZ,WEST,3713,345,5731.38,265,31,485.63
2026-03-12,FRYZ,NORTHEAST,3082,286,4612.43,290,32,508.66
2026-03-12,FRYZ,SOUTHEAST,3132,261,3941.1,254,33,478.06
2026-03-12,FRYZ,MIDWEST,2513,237,3760.17,228,25,395.89
2026-03-12,FRYZ,WEST,3706,315,5028.82,247,26,403.12
2026-03-13,FRYZ,NORTHEAST,3344,299,4602.7,284,38,551.35
2026-03-13,FRYZ,SOUTHEAST,3091,293,4633.25,234,24,355.38
2026-03-13,FRYZ,MIDWEST,2768,255,4227.68,224,27,429.31
2026-03-13,FRYZ,WEST,3602,322,5003.1,258,30,428.04
2026-03-14,FRYZ,NORTHEAST,3169,300,4782.6,249,29,426.36
2026-03-14,FRYZ,SOUTHEAST,2994,272,4380.93,267,31,449.46
2026-03-14,FRYZ,MIDWEST,2754,278,4472.43,220,25,364.54
2026-03-14,FRYZ,WEST,3456,333,5406.41,287,34,502.74
2026-03-15,FRYZ,NORTHEAST,3410,318,4924.5,292,30,463.96
2026-03-15,FRYZ,SOUTHEAST,3099,308,4981.26,249,33,484.14
2026-03-15,FRYZ,MIDWEST,2684,247,3749.96,232,27,411.18
2026-03-15,FRYZ,WEST,3652,309,4956.78,307,32,489.19
2026-03-16,FRYZ,NORTHEAST,3262,292,4436.11,285,30,438.16
2026-03-16,FRYZ,SOUTHEAST,3029,281,4465.62,287,34,495.7
2026-03-16,FRYZ,MIDWEST,2710,253,3851.94,235,30,450.15
2026-03-16,FRYZ,WEST,3563,361,5920.27,358,38,559.2
2026-03-17,FRYZ,NORTHEAST,3187,287,4440.72,340,39,604.41
2026-03-17,FRYZ,SOUTHEAST,2855,255,4135.92,289,37,577.29
2026-03-17,FRYZ,MIDWEST,2755,264,4143.78,218,24,367.55
2026-03-17,FRYZ,WEST,3945,358,5497.43,317,37,565.15
2026-03-18,FRYZ,NORTHEAST,2926,311,4910.72,321,37,575.01
2026-03-18,FRYZ,SOUTHEAST,3100,248,3912.32,277,32,451.67
2026-03-18,FRYZ,MIDWEST,2625,247,3940.14,260,28,422.59
2026-03-18,FRYZ,WEST,3492,317,5042.07,339,34,524.3
2026-03-19,FRYZ,NORTHEAST,3348,301,4720.74,261,29,429.35
2026-03-19,FRYZ,SOUTHEAST,2748,275,4187.36,288,35,503.4
2026-03-19,FRYZ,MIDWEST,2718,259,4040.9,239,31,480.41
2026-03-19,FRYZ,WEST,3890,333,5241.07,348,43,684.63
2026-03-20,FRYZ,NORTHEAST,2967,260,4019.22,344,34,528.6
2026-03-20,FRYZ,SOUTHEAST,3066,287,4634.54,314,35,479.73
2026-03-20,FRYZ,MIDWEST,2578,252,4012.48,238,26,411.88
2026-03-20,FRYZ,WEST,3841,355,5635.71,410,44,683.42
2026-03-21,FRYZ,NORTHEAST,3306,324,4994.26,374,50,736.6
2026-03-21,FRYZ,SOUTHEAST,3072,266,4167.21,252,26,411.11
2026-03-21,FRYZ,MIDWEST,2593,240,3744.84,272,31,487.36
2026-03-21,FRYZ,WEST,3500,306,4777.08,405,50,784.21
2026-03-22,FRYZ,NORTHEAST,3068,297,4847.95,318,37,549.65
2026-03-22,FRYZ,SOUTHEAST,2984,284,4741.19,279,30,446.05
2026-03-22,FRYZ,MIDWEST,2794,252,3943.76,242,28,425.65
2026-03-22,FRYZ,WEST,3734,347,5385.2,392,48,712.7
2026-03-23,FRYZ,NORTHEAST,2925,233,3825.88,334,39,595.05
2026-03-23,FRYZ,SOUTHEAST,3066,272,4223.75,289,33,509.6
2026-03-23,FRYZ,MIDWEST,2753,264,4261.04,263,30,426.45
2026-03-23,FRYZ,WEST,3644,347,5753.59,426,47,691.83
2026-03-24,FRYZ,NORTHEAST,3232,325,5259.5,372,45,685.32
2026-03-24,FRYZ,SOUTHEAST,2950,231,3695.97,331,40,613.0
2026-03-24,FRYZ,MIDWEST,2574,233,3632.95,306,33,506.76
2026-03-24,FRYZ,WEST,3744,347,5653.71,366,41,653.08
2026-03-25,FRYZ,NORTHEAST,3182,295,4544.92,360,40,623.07
2026-03-25,FRYZ,SOUTHEAST,2921,294,4914.72,277,30,450.18
2026-03-25,FRYZ,MIDWEST,2817,245,3796.64,323,34,512.3
2026-03-25,FRYZ,WEST,3489,284,4451.45,381,45,706.22
2026-03-26,FRYZ,NORTHEAST,2953,253,3831.55,364,41,611.26
2026-03-26,FRYZ,SOUTHEAST,3208,287,4570.9,299,33,547.41
2026-03-26,FRYZ,MIDWEST,2640,218,3451.3,284,37,578.25
2026-03-26,FRYZ,WEST,3858,323,5084.38,415,46,691.24
2026-03-27,FRYZ,NORTHEAST,3035,271,4156.13,351,43,668.49
2026-03-27,FRYZ,SOUTHEAST,3114,266,4285.61,307,32,502.72
2026-03-27,FRYZ,MIDWEST,2625,263,4097.54,306,36,583.76
2026-03-27,FRYZ,WEST,3731,334,5311.22,409,43,613.68
2026-03-28,FRYZ,NORTHEAST,3306,294,4637.06,369,35,541.31
2026-03-28,FRYZ,SOUTHEAST,2823,233,3626.0,394,46,679.53
2026-03-28,FRYZ,MIDWEST,2440,226,3813.88,313,34,495.28
2026-03-28,FRYZ,WEST,3401,323,4873.19,326,38,556.83
2026-03-29,FRYZ,NORTHEAST,3200,315,4894.7,384,44,661.76
2026-03-29,FRYZ,SOUTHEAST,2797,262,4003.0,364,41,667.18
2026-03-29,FRYZ,MIDWEST,2604,228,3693.64,294,33,499.86
2026-03-29,FRYZ,WEST,3283,307,4735.23,452,52,743.35
2026-03-30,FRYZ,NORTHEAST,3431,350,5833.55,371,50,736.39
2026-03-30,FRYZ,SOUTHEAST,3090,278,4189.76,336,37,581.42
2026-03-30,FRYZ,MIDWEST,2638,221,3432.33,281,30,465.73
2026-03-30,FRYZ,WEST,3665,322,5277.85,496,50,711.62
2026-03-31,FRYZ,NORTHEAST,3071,287,4713.31,407,51,783.48
2026-03-31,FRYZ,SOUTHEAST,2891,245,3897.19,352,41,645.13
2026-03-31,FRYZ,MIDWEST,2546,212,3415.66,349,42,638.39
2026-03-31,FRYZ,WEST,3989,359,5437.69,439,54,868.94
2026-04-01,FRYZ,NORTHEAST,3796,333,5571.08,387,45,676.08
2026-04-01,FRYZ,SOUTHEAST,2719,264,4344.03,354,41,666.86
2026-04-01,FRYZ,MIDWEST,2594,221,3464.85,320,32,473.53
2026-04-01,FRYZ,WEST,3734,326,5244.23,464,48,724.15
2026-04-02,FRYZ,NORTHEAST,3191,267,4013.91,423,45,685.87
2026-04-02,FRYZ,SOUTHEAST,2663,219,3461.03,408,49,779.35
2026-04-02,FRYZ,MIDWEST,2635,227,3635.05,346,34,522.46
2026-04-02,FRYZ,WEST,3391,321,5178.43,403,46,736.65
2026-04-03,FRYZ,NORTHEAST,3136,296,4494.48,366,44,677.42
2026-04-03,FRYZ,SOUTHEAST,2929,239,3728.46,369,41,628.38
2026-04-03,FRYZ,MIDWEST,2749,243,4014.49,353,41,614.6
2026-04-03,FRYZ,WEST,3749,330,5301.17,488,59,851.05
2026-04-04,FRYZ,NORTHEAST,3148,255,3960.25,450,51,750.42
2026-04-04,FRYZ,SOUTHEAST,2960,258,3948.74,409,43,651.03
2026-04-04,FRYZ,MIDWEST,2665,253,3963.79,373,43,623.33
2026-04-04,FRYZ,WEST,3680,305,4833.06,463,54,802.34
2026-04-05,FRYZ,NORTHEAST,3423,304,4515.15,438,41,589.92
2026-04-05,FRYZ,SOUTHEAST,2835,249,3874.51,399,45,714.83
2026-04-05,FRYZ,MIDWEST,2732,245,4035.05,370,40,608.63
2026-04-05,FRYZ,WEST,3909,341,5099.61,465,56,862.61
2026-04-06,FRYZ,NORTHEAST,3282,287,4355.57,463,56,806.16
2026-04-06,FRYZ,SOUTHEAST,2776,246,3908.79,398,43,633.98
2026-04-06,FRYZ,MIDWEST,2420,193,3015.45,311,33,498.12
2026-04-06,FRYZ,WEST,3644,350,5575.77,563,57,806.71
2026-04-07,FRYZ,NORTHEAST,3207,265,4008.95,476,63,1005.78
2026-04-07,FRYZ,SOUTHEAST,2851,247,3882.94,395,46,672.39
2026-04-07,FRYZ,MIDWEST,2613,236,3561.51,320,41,586.64
2026-04-07,FRYZ,WEST,3576,329,5662.75,543,61,864.64
2026-04-08,FRYZ,NORTHEAST,3354,317,4861.89,469,51,758.59
2026-04-08,FRYZ,SOUTHEAST,2719,251,3749.09,457,53,769.22
2026-04-08,FRYZ,MIDWEST,2728,243,3638.15,352,41,605.01
2026-04-08,FRYZ,WEST,3361,325,4975.81,496,48,768.05
2026-04-09,FRYZ,NORTHEAST,2946,248,4092.95,398,48,668.07
2026-04-09,FRYZ,SOUTHEAST,2946,276,4382.89,419,56,914.35
2026-04-09,FRYZ,MIDWEST,2533,232,3651.8,355,36,579.28
2026-04-09,FRYZ,WEST,3470,318,4987.83,447,48,758.27
2026-04-10,FRYZ,NORTHEAST,3225,293,4649.48,469,52,833.62
2026-04-10,FRYZ,SOUTHEAST,2884,253,4093.2,427,45,682.09
2026-04-10,FRYZ,MIDWEST,2663,238,3882.96,316,34,545.87
2026-04-10,FRYZ,WEST,3746,339,5563.46,510,55,846.13
2026-04-11,FRYZ,NORTHEAST,3278,294,4521.48,525,50,741.37
2026-04-11,FRYZ,SOUTHEAST,2936,243,3640.85,456,57,861.76
2026-04-11,FRYZ,MIDWEST,2505,226,3689.48,387,41,588.08
2026-04-11,FRYZ,WEST,3482,336,5533.92,464,57,837.14
2026-04-12,FRYZ,NORTHEAST,3369,308,4748.3,501,56,818.52
2026-04-12,FRYZ,SOUTHEAST,3173,283,4729.0,432,54,816.39
2026-04-12,FRYZ,MIDWEST,2603,255,3887.3,432,40,602.69
2026-04-12,FRYZ,WEST,3428,336,5659.58,562,70,1065.81
2026-04-13,FRYZ,NORTHEAST,3245,285,4376.08,548,57,939.33
2026-04-13,FRYZ,SOUTHEAST,3083,300,4757.24,482,58,870.81
2026-04-13,FRYZ,MIDWEST,2716,268,4241.01,381,43,628.87
2026-04-13,FRYZ,WEST,3551,317,5053.31,573,66,984.4
2026-04-14,FRYZ,NORTHEAST,3493,344,5184.17,480,53,729.25
2026-04-14,FRYZ,SOUTHEAST,2838,223,3585.99,465,50,766.89
2026-04-14,FRYZ,MIDWEST,2460,202,3316.03,432,54,767.62
2026-04-14,FRYZ,WEST,3409,280,4502.0,431,45,669.77
2026-04-15,FRYZ,NORTHEAST,3270,300,4362.51,479,53,787.27
2026-04-15,FRYZ,SOUTHEAST,2860,294,4646.05,412,51,774.28
2026-04-15,FRYZ,MIDWEST,2868,243,3722.0,409,49,744.3
2026-04-15,FRYZ,WEST,3576,307,4558.52,573,70,1076.0
2026-04-16,FRYZ,NORTHEAST,3498,316,5062.58,525,58,860.77
2026-04-16,FRYZ,SOUTHEAST,3002,274,4258.86,414,51,807.97
2026-04-16,FRYZ,MIDWEST,2672,259,4116.69,407,51,785.29
2026-04-16,FRYZ,WEST,3518,333,5444.62,548,68,982.58
2026-04-17,FRYZ,NORTHEAST,3436,272,4503.82,527,52,797.42
2026-04-17,FRYZ,SOUTHEAST,3021,262,4165.13,495,62,947.14
2026-04-17,FRYZ,MIDWEST,2765,227,3670.98,427,50,731.17
2026-04-17,FRYZ,WEST,3572,331,5303.7,583,72,1132.78
2026-04-18,FRYZ,NORTHEAST,3229,309,4865.83,478,61,931.32
2026-04-18,FRYZ,SOUTHEAST,2744,243,3787.35,444,55,841.43
2026-04-18,FRYZ,MIDWEST,2530,239,3754.11,415,54,793.09
2026-04-18,FRYZ,WEST,3453,297,4590.86,595,69,1083.13
2026-04-19,FRYZ,NORTHEAST,3533,303,4758.47,394,44,682.48
2026-04-19,FRYZ,SOUTHEAST,2921,226,3518.19,507,59,875.7
2026-04-19,FRYZ,MIDWEST,2555,219,3502.92,410,48,698.13
2026-04-19,FRYZ,WEST,3704,366,5679.36,577,65,979.04
2026-04-20,FRYZ,NORTHEAST,3171,276,4382.72,439,46,703.15
2026-04-20,FRYZ,SOUTHEAST,2983,249,3997.8,506,54,784.56
2026-04-20,FRYZ,MIDWEST,2319,196,2918.85,440,49,717.06
2026-04-20,FRYZ,WEST,3454,302,4617.51,532,64,968.17
2026-04-21,FRYZ,NORTHEAST,3194,266,4000.6,566,62,964.9
2026-04-21,FRYZ,SOUTHEAST,3077,263,4085.85,553,65,984.49
2026-04-21,FRYZ,MIDWEST,2399,199,3192.36,451,45,674.88
2026-04-21,FRYZ,WEST,3475,295,4618.2,608,71,1011.18
2026-04-22,FRYZ,NORTHEAST,3468,315,4977.61,539,59,905.54
2026-04-22,FRYZ,SOUTHEAST,2891,241,3753.19,544,58,870.48
2026-04-22,FRYZ,MIDWEST,2522,194,3143.39,483,43,665.53
2026-04-22,FRYZ,WEST,3590,278,4397.95,620,69,932.83
2026-04-23,FRYZ,NORTHEAST,3354,313,4618.77,587,63,953.85
2026-04-23,FRYZ,SOUTHEAST,2864,233,3738.12,465,51,799.5
2026-04-23,FRYZ,MIDWEST,2562,198,3151.58,486,53,790.99
2026-04-23,FRYZ,WEST,3583,305,5133.61,576,59,959.78
2026-04-24,FRYZ,NORTHEAST,3351,292,4476.3,669,70,1001.87
2026-04-24,FRYZ,SOUTHEAST,3064,264,4100.0,449,48,763.54
2026-04-24,FRYZ,MIDWEST,2657,237,3764.02,478,59,914.13
2026-04-24,FRYZ,WEST,3335,290,4626.06,481,55,836.57
2026-04-25,FRYZ,NORTHEAST,2888,249,3819.65,576,64,1009.13
2026-04-25,FRYZ,SOUTHEAST,2840,247,4016.8,475,59,910.43
2026-04-25,FRYZ,MIDWEST,2575,250,4068.12,473,57,923.2
2026-04-25,FRYZ,WEST,3346,313,4996.54,637,71,1170.58
2026-04-26,FRYZ,NORTHEAST,3002,254,3885.2,578,61,917.78
2026-04-26,FRYZ,SOUTHEAST,2990,293,4603.01,579,67,1028.95
2026-04-26,FRYZ,MIDWEST,2764,243,4004.77,488,55,867.88
2026-04-26,FRYZ,WEST,3614,350,5489.13,583,71,1020.22
2026-04-27,FRYZ,NORTHEAST,3294,293,4491.05,634,54,861.3
2026-04-27,FRYZ,SOUTHEAST,2879,288,4390.41,497,57,882.55
2026-04-27,FRYZ,MIDWEST,2589,240,3634.73,442,45,651.77
2026-04-27,FRYZ,WEST,3629,325,5029.72,700,75,1184.93
2026-04-28,FRYZ,NORTHEAST,3370,291,4699.68,588,62,1015.92
2026-04-28,FRYZ,SOUTHEAST,2792,237,3724.02,538,53,743.45
2026-04-28,FRYZ,MIDWEST,2646,209,3277.42,504,52,772.09
2026-04-28,FRYZ,WEST,3451,305,4855.21,768,78,1194.48
2026-04-29,FRYZ,NORTHEAST,3435,334,5218.91,608,65,952.73
2026-04-29,FRYZ,SOUTHEAST,2871,273,4373.74,512,58,905.72
2026-04-29,FRYZ,MIDWEST,2647,219,3414.04,488,63,959.51
2026-04-29,FRYZ,WEST,3878,351,5602.49,519,64,937.68
2026-04-30,FRYZ,NORTHEAST,3009,241,3804.75,525,54,783.5
2026-04-30,FRYZ,SOUTHEAST,2935,275,4400.77,577,71,1075.86
2026-04-30,FRYZ,MIDWEST,2724,245,4127.71,491,66,1047.25
2026-04-30,FRYZ,WEST,3544,315,4945.53,676,76,1036.98
2026-05-01,FRYZ,NORTHEAST,3385,275,4356.03,551,66,1055.74
2026-05-01,FRYZ,SOUTHEAST,2951,253,3992.63,648,74,1113.7
2026-05-01,FRYZ,MIDWEST,2738,241,3853.65,540,66,1010.88
2026-05-01,FRYZ,WEST,3483,271,4254.26,687,79,1187.03
2026-05-02,FRYZ,NORTHEAST,3520,290,4516.59,578,74,1098.96
2026-05-02,FRYZ,SOUTHEAST,2935,247,3921.65,565,68,998.74
2026-05-02,FRYZ,MIDWEST,2691,214,3283.13,503,64,1011.69
2026-05-02,FRYZ,WEST,3505,287,4797.98,701,82,1286.3
2026-05-03,FRYZ,NORTHEAST,3360,285,4355.63,639,69,1042.81
2026-05-03,FRYZ,SOUTHEAST,2941,243,3761.59,503,53,827.77
2026-05-03,FRYZ,MIDWEST,2569,230,3703.2,523,57,881.25
2026-05-03,FRYZ,WEST,3779,343,5416.18,682,87,1290.17
2026-05-04,FRYZ,NORTHEAST,3215,273,4218.2,623,68,1005.92
2026-05-04,FRYZ,SOUTHEAST,2959,233,3659.94,642,71,1023.86
2026-05-04,FRYZ,MIDWEST,2830,240,3819.17,552,66,1012.23
2026-05-04,FRYZ,WEST,3635,347,5502.97,719,86,1332.67
2026-05-05,FRYZ,NORTHEAST,3580,344,5422.04,616,72,1119.65
2026-05-05,FRYZ,SOUTHEAST,3085,238,3849.15,614,67,956.71
2026-05-05,FRYZ,MIDWEST,2450,215,3387.78,488,46,725.16
2026-05-05,FRYZ,WEST,3239,291,4748.69,683,69,1053.61
2026-05-06,FRYZ,NORTHEAST,3261,251,3782.8,646,71,969.49
2026-05-06,FRYZ,SOUTHEAST,3076,257,3940.94,492,51,793.4
2026-05-06,FRYZ,MIDWEST,2779,274,4411.85,548,69,1041.9
2026-05-06,FRYZ,WEST,4014,364,5771.32,782,100,1497.0
2026-05-07,FRYZ,NORTHEAST,2769,235,3711.19,662,74,1111.24
2026-05-07,FRYZ,SOUTHEAST,2779,250,3915.12,670,78,1222.21
2026-05-07,FRYZ,MIDWEST,2323,213,3012.86,498,52,808.41
2026-05-07,FRYZ,WEST,3477,317,4713.91,663,73,1135.72
2026-05-08,FRYZ,NORTHEAST,3338,287,4425.99,678,75,1192.1
2026-05-08,FRYZ,SOUTHEAST,2819,215,3264.3,540,58,908.88
2026-05-08,FRYZ,MIDWEST,2776,248,3833.88,564,66,1011.49
2026-05-08,FRYZ,WEST,3744,336,5459.73,643,78,1110.98
2026-05-09,FRYZ,NORTHEAST,3365,285,4647.65,540,60,892.94
2026-05-09,FRYZ,SOUTHEAST,3067,249,3874.81,534,60,877.47
2026-05-09,FRYZ,MIDWEST,2446,220,3398.17,570,71,1149.79
2026-05-09,FRYZ,WEST,3841,328,5300.34,738,83,1242.35
2026-05-10,FRYZ,NORTHEAST,3461,308,4672.72,651,65,980.01
2026-05-10,FRYZ,SOUTHEAST,3186,295,4650.62,609,67,981.61
2026-05-10,FRYZ,MIDWEST,2552,213,3323.74,442,45,705.03
2026-05-10,FRYZ,WEST,3469,309,4783.97,765,85,1259.79
2026-05-11,FRYZ,NORTHEAST,3115,262,4082.51,713,78,1236.77
2026-05-11,FRYZ,SOUTHEAST,2896,238,3877.8,618,75,1119.22
2026-05-11,FRYZ,MIDWEST,2483,203,3188.44,514,62,915.53
2026-05-11,FRYZ,WEST,3711,335,5259.52,787,98,1534.32
2026-05-12,FRYZ,NORTHEAST,3085,298,4878.83,676,84,1283.2
2026-05-12,FRYZ,SOUTHEAST,3151,272,4149.71,616,80,1212.41
2026-05-12,FRYZ,MIDWEST,2598,230,3777.29,629,75,1093.24
2026-05-12,FRYZ,WEST,3545,326,5341.14,744,85,1286.7
2026-05-13,FRYZ,NORTHEAST,3168,296,4599.01,677,82,1319.96
2026-05-13,FRYZ,SOUTHEAST,2976,260,4091.6,567,59,898.03
2026-05-13,FRYZ,MIDWEST,2650,225,3644.48,607,73,1081.45
2026-05-13,FRYZ,WEST,3455,315,5009.22,717,80,1233.89
2026-05-14,FRYZ,NORTHEAST,3186,324,4936.06,666,74,1032.38
2026-05-14,FRYZ,SOUTHEAST,2932,235,3599.14,551,60,907.91
2026-05-14,FRYZ,MIDWEST,2710,251,3771.74,466,56,870.31
2026-05-14,FRYZ,WEST,3719,301,4888.32,848,107,1578.21
2026-05-15,FRYZ,NORTHEAST,3231,272,4223.3,752,84,1256.5
2026-05-15,FRYZ,SOUTHEAST,2935,259,4043.09,536,72,1078.63
2026-05-15,FRYZ,MIDWEST,2553,190,3067.87,579,65,961.45
2026-05-15,FRYZ,WEST,3604,326,5444.04,759,94,1446.83
2026-05-16,FRYZ,NORTHEAST,3252,285,4449.62,763,92,1255.51
2026-05-16,FRYZ,SOUTHEAST,3055,267,4219.58,718,88,1363.32
2026-05-16,FRYZ,MIDWEST,2351,204,3017.61,504,63,935.93
2026-05-16,FRYZ,WEST,4076,359,5679.4,796,94,1428.61
2026-05-17,FRYZ,NORTHEAST,3238,266,4307.77,705,78,1150.37
2026-05-17,FRYZ,SOUTHEAST,2956,273,4379.53,654,72,1136.07
2026-05-17,FRYZ,MIDWEST,2622,229,3743.19,568,65,1037.91
2026-05-17,FRYZ,WEST,3518,311,4939.71,810,87,1264.23
2026-05-18,FRYZ,NORTHEAST,3524,304,4891.89,711,89,1349.56
2026-05-18,FRYZ,SOUTHEAST,2982,278,4537.95,622,69,1111.6
2026-05-18,FRYZ,MIDWEST,2697,201,3197.28,512,59,880.02
2026-05-18,FRYZ,WEST,3722,291,4597.01,785,96,1378.56
2026-05-19,FRYZ,NORTHEAST,3522,268,4213.42,645,78,1087.61
2026-05-19,FRYZ,SOUTHEAST,2945,246,3883.09,674,78,1099.74
2026-05-19,FRYZ,MIDWEST,2428,215,3341.86,678,83,1250.1
2026-05-19,FRYZ,WEST,3683,284,4405.18,729,73,1112.28
2026-05-20,FRYZ,NORTHEAST,3190,293,4631.69,719,82,1225.96
2026-05-20,FRYZ,SOUTHEAST,2943,230,3464.21,676,84,1197.79
2026-05-20,FRYZ,MIDWEST,2662,224,3587.8,617,77,1137.64
2026-05-20,FRYZ,WEST,3831,339,5467.21,832,78,1162.33
2026-05-21,FRYZ,NORTHEAST,3286,297,4640.11,729,85,1345.54
2026-05-21,FRYZ,SOUTHEAST,2877,233,3470.13,721,73,1152.11
2026-05-21,FRYZ,MIDWEST,2736,227,3622.87,567,61,947.72
2026-05-21,FRYZ,WEST,3360,255,3977.45,753,99,1583.58
2026-05-22,FRYZ,NORTHEAST,3386,306,4560.68,866,85,1204.45
2026-05-22,FRYZ,SOUTHEAST,3237,260,4223.01,770,82,1195.23
2026-05-22,FRYZ,MIDWEST,2528,216,3472.03,586,61,945.94
2026-05-22,FRYZ,WEST,3858,321,4947.42,656,83,1192.3
2026-05-23,FRYZ,NORTHEAST,3380,276,4449.47,769,87,1376.21
2026-05-23,FRYZ,SOUTHEAST,3198,276,4246.79,648,79,1281.98
2026-05-23,FRYZ,MIDWEST,2787,220,3558.94,610,73,1128.72
2026-05-23,FRYZ,WEST,3745,359,5856.42,935,111,1827.03
2026-05-24,FRYZ,NORTHEAST,3016,250,3931.67,751,86,1236.2
2026-05-24,FRYZ,SOUTHEAST,3075,254,3876.25,684,75,1118.44
2026-05-24,FRYZ,MIDWEST,2414,197,3097.46,669,70,1060.59
2026-05-24,FRYZ,WEST,3698,306,4758.36,841,102,1624.08
2026-05-25,FRYZ,NORTHEAST,3413,278,4525.85,773,88,1242.16
2026-05-25,FRYZ,SOUTHEAST,3102,261,4196.7,683,64,968.13
2026-05-25,FRYZ,MIDWEST,2624,207,3355.59,551,63,1016.78
2026-05-25,FRYZ,WEST,3613,293,4338.46,776,87,1251.38
2026-05-26,FRYZ,NORTHEAST,3045,266,4402.42,853,100,1470.39
2026-05-26,FRYZ,SOUTHEAST,3104,269,4086.28,712,70,1060.59
2026-05-26,FRYZ,MIDWEST,2587,242,3722.52,591,67,974.69
2026-05-26,FRYZ,WEST,3856,342,5442.4,883,102,1590.74
2026-05-27,FRYZ,NORTHEAST,3258,290,4618.3,802,95,1436.29
2026-05-27,FRYZ,SOUTHEAST,2812,232,3526.89,701,89,1273.14
2026-05-27,FRYZ,MIDWEST,2588,198,3093.42,684,84,1325.91
2026-05-27,FRYZ,WEST,3487,325,4997.95,908,118,1644.5
2026-05-28,FRYZ,NORTHEAST,3098,271,4498.76,827,97,1489.36
2026-05-28,FRYZ,SOUTHEAST,2992,250,4076.17,674,78,1213.01
2026-05-28,FRYZ,MIDWEST,2600,237,3961.8,685,74,1180.89
2026-05-28,FRYZ,WEST,3673,296,4378.41,824,102,1588.35
2026-05-29,FRYZ,NORTHEAST,3334,260,3957.83,696,81,1160.55
2026-05-29,FRYZ,SOUTHEAST,3052,260,4019.79,723,81,1233.04
2026-05-29,FRYZ,MIDWEST,2761,251,3821.5,727,85,1330.41
2026-05-29,FRYZ,WEST,3455,274,4067.61,916,103,1647.43
2026-05-30,FRYZ,NORTHEAST,3221,271,4207.61,852,99,1444.26
2026-05-30,FRYZ,SOUTHEAST,3089,243,3906.64,680,88,1296.29
2026-05-30,FRYZ,MIDWEST,2394,220,3333.27,705,76,1133.67
2026-05-30,FRYZ,WEST,3360,274,4304.27,873,103,1566.82
2026-05-31,FRYZ,NORTHEAST,3331,262,4156.29,828,94,1450.9
2026-05-31,FRYZ,SOUTHEAST,3012,259,3909.67,734,86,1311.29
2026-05-31,FRYZ,MIDWEST,2574,203,3194.33,685,81,1244.45
2026-05-31,FRYZ,WEST,4039,331,5424.76,947,97,1493.59
2026-06-01,FRYZ,NORTHEAST,3476,261,4124.92,903,106,1618.02
2026-06-01,FRYZ,SOUTHEAST,2877,251,3842.77,718,78,1217.2
2026-06-01,FRYZ,MIDWEST,2664,200,3147.86,599,61,899.38
2026-06-01,FRYZ,WEST,3446,282,4444.96,1004,113,1712.1
2026-06-02,FRYZ,NORTHEAST,3314,284,4416.41,809,84,1308.94
2026-06-02,FRYZ,SOUTHEAST,2762,211,3371.18,802,79,1108.94
2026-06-02,FRYZ,MIDWEST,2605,227,3549.4,688,78,1191.45
2026-06-02,FRYZ,WEST,3387,240,3582.3,936,99,1509.97
2026-06-03,FRYZ,NORTHEAST,3049,277,4372.8,855,90,1358.3
2026-06-03,FRYZ,SOUTHEAST,3288,284,4222.51,711,77,1169.96
2026-06-03,FRYZ,MIDWEST,2486,213,3420.75,661,65,930.33
2026-06-03,FRYZ,WEST,3812,292,4643.65,934,121,1907.02
2026-06-04,FRYZ,NORTHEAST,3304,279,4325.08,748,82,1193.56
2026-06-04,FRYZ,SOUTHEAST,2810,263,4041.23,820,93,1439.54
2026-06-04,FRYZ,MIDWEST,2674,224,3443.2,726,87,1318.96
2026-06-04,FRYZ,WEST,3647,309,4714.24,953,108,1599.86
2026-06-05,FRYZ,NORTHEAST,3253,270,4239.65,886,92,1338.0
2026-06-05,FRYZ,SOUTHEAST,3163,284,4596.75,855,106,1659.12
2026-06-05,FRYZ,MIDWEST,2626,222,3340.99,652,73,1085.64
2026-06-05,FRYZ,WEST,3767,325,4948.39,850,82,1244.2
2026-06-06,FRYZ,NORTHEAST,3284,254,3999.11,832,95,1474.6
2026-06-06,FRYZ,SOUTHEAST,2775,243,3991.33,689,89,1304.29
2026-06-06,FRYZ,MIDWEST,2508,208,3344.97,662,71,1038.68
2026-06-06,FRYZ,WEST,3863,316,4697.69,1000,122,1806.75
2026-06-07,FRYZ,NORTHEAST,3347,271,4340.84,892,96,1439.93
2026-06-07,FRYZ,SOUTHEAST,2774,240,3878.82,743,80,1242.83
2026-06-07,FRYZ,MIDWEST,2750,230,3513.79,745,82,1193.87
2026-06-07,FRYZ,WEST,3531,309,4652.42,913,92,1339.3
2026-06-08,FRYZ,NORTHEAST,3174,310,4782.97,857,97,1397.63
2026-06-08,FRYZ,SOUTHEAST,2818,233,3848.79,800,92,1381.92
2026-06-08,FRYZ,MIDWEST,2594,217,3365.5,695,68,996.57
2026-06-08,FRYZ,WEST,3452,266,4141.78,999,115,1672.25
2026-06-09,FRYZ,NORTHEAST,3394,252,4058.05,932,108,1593.03
2026-06-09,FRYZ,SOUTHEAST,3073,254,3901.48,872,102,1490.28
2026-06-09,FRYZ,MIDWEST,2651,204,3153.9,616,75,1042.34
2026-06-09,FRYZ,WEST,3590,286,4419.89,983,106,1572.23
2026-06-10,FRYZ,NORTHEAST,3221,258,3995.15,955,104,1580.71
2026-06-10,FRYZ,SOUTHEAST,2952,247,3858.39,850,105,1590.37
2026-06-10,FRYZ,MIDWEST,2523,207,3277.87,655,71,1088.21
2026-06-10,FRYZ,WEST,3346,263,4081.27,964,104,1454.19
2026-06-11,FRYZ,NORTHEAST,3215,264,4237.49,826,79,1205.16
2026-06-11,FRYZ,SOUTHEAST,2722,212,3319.87,832,86,1359.45
2026-06-11,FRYZ,MIDWEST,2571,218,3467.43,685,83,1255.47
2026-06-11,FRYZ,WEST,3574,276,4257.69,1068,135,2120.52
2026-06-12,FRYZ,NORTHEAST,2913,248,4064.97,900,97,1508.78
2026-06-12,FRYZ,SOUTHEAST,2830,232,3556.15,788,93,1360.8
2026-06-12,FRYZ,MIDWEST,2473,218,3397.29,780,89,1297.15
2026-06-12,FRYZ,WEST,3628,283,4593.77,1043,116,1848.05
2026-06-13,FRYZ,NORTHEAST,3329,299,4797.0,1061,122,1798.78
2026-06-13,FRYZ,SOUTHEAST,2720,223,3566.18,830,89,1269.57
2026-06-13,FRYZ,MIDWEST,2729,214,3471.17,727,74,1076.04
2026-06-13,FRYZ,WEST,3536,303,5055.7,1044,125,1878.1
2026-06-14,FRYZ,NORTHEAST,3492,272,4214.93,1051,113,1791.17
2026-06-14,FRYZ,SOUTHEAST,3250,272,4242.34,816,89,1404.51
2026-06-14,FRYZ,MIDWEST,2614,212,3653.77,710,86,1218.38
2026-06-14,FRYZ,WEST,3859,345,4939.34,992,127,1981.26
2026-06-15,FRYZ,NORTHEAST,3457,284,4602.28,875,99,1450.77
2026-06-15,FRYZ,SOUTHEAST,3150,274,4287.53,920,95,1534.33
2026-06-15,FRYZ,MIDWEST,2390,214,3288.12,741,72,1012.24
2026-06-15,FRYZ,WEST,3540,279,4453.66,954,119,1814.69
2026-06-16,FRYZ,NORTHEAST,3225,260,4308.39,886,100,1527.3
2026-06-16,FRYZ,SOUTHEAST,2979,275,4442.43,854,102,1653.93
2026-06-16,FRYZ,MIDWEST,2550,202,3115.46,652,68,998.01
2026-06-16,FRYZ,WEST,4095,324,5236.5,1091,108,1545.99
2026-06-17,FRYZ,NORTHEAST,3462,307,4922.67,1110,147,2187.54
2026-06-17,FRYZ,SOUTHEAST,2850,253,4144.87,840,94,1462.03
2026-06-17,FRYZ,MIDWEST,2613,204,3266.54,795,97,1404.09
2026-06-17,FRYZ,WEST,3787,305,4584.1,912,98,1445.38
2026-06-18,FRYZ,NORTHEAST,3401,295,4896.67,863,88,1330.46
2026-06-18,FRYZ,SOUTHEAST,2953,246,3980.79,829,83,1134.67
2026-06-18,FRYZ,MIDWEST,2816,227,3527.17,687,80,1246.45
2026-06-18,FRYZ,WEST,3703,293,4563.57,1068,124,1793.63
2026-06-19,FRYZ,NORTHEAST,3184,276,4362.61,1006,108,1667.85
2026-06-19,FRYZ,SOUTHEAST,2882,243,3887.11,839,91,1501.69
2026-06-19,FRYZ,MIDWEST,2353,197,3238.8,747,94,1330.52
2026-06-19,FRYZ,WEST,3337,290,4616.42,1130,148,2126.05
2026-06-20,FRYZ,NORTHEAST,3219,232,3584.78,1010,107,1557.38
2026-06-20,FRYZ,SOUTHEAST,2765,230,3823.56,870,85,1242.63
2026-06-20,FRYZ,MIDWEST,2504,205,3497.34,624,82,1285.95
2026-06-20,FRYZ,WEST,3957,324,5024.13,1029,124,1854.75
2026-06-21,FRYZ,NORTHEAST,3333,248,3906.3,1062,138,2136.36
2026-06-21,FRYZ,SOUTHEAST,3195,251,4000.16,856,103,1473.13
2026-06-21,FRYZ,MIDWEST,2514,218,3370.84,801,100,1563.13
2026-06-21,FRYZ,WEST,3640,283,4592.42,884,113,1646.92
2026-06-22,FRYZ,NORTHEAST,3325,281,4362.69,964,101,1517.78
2026-06-22,FRYZ,SOUTHEAST,3139,245,3989.77,920,107,1638.52
2026-06-22,FRYZ,MIDWEST,2518,224,3442.42,748,83,1243.21
2026-06-22,FRYZ,WEST,3604,277,4395.0,980,106,1548.44
2026-06-23,FRYZ,NORTHEAST,3467,286,4477.3,876,99,1482.42
2026-06-23,FRYZ,SOUTHEAST,2676,207,3212.49,846,101,1436.06
2026-06-23,FRYZ,MIDWEST,2854,225,3453.06,836,111,1708.21
2026-06-23,FRYZ,WEST,3815,313,4907.26,1135,145,2379.31
2026-06-24,FRYZ,NORTHEAST,3323,250,4070.51,992,119,1685.48
2026-06-24,FRYZ,SOUTHEAST,2992,211,3393.14,1008,102,1542.86
2026-06-24,FRYZ,MIDWEST,2453,206,3070.54,813,86,1291.8
2026-06-24,FRYZ,WEST,3850,315,4865.41,1041,127,1947.41
2026-06-25,FRYZ,NORTHEAST,3235,283,4332.07,1027,111,1734.73
2026-06-25,FRYZ,SOUTHEAST,2838,232,3620.93,794,99,1498.69
2026-06-25,FRYZ,MIDWEST,2755,242,3708.26,729,80,1184.99
2026-06-25,FRYZ,WEST,3729,308,4813.96,1065,118,1832.83
2026-06-26,FRYZ,NORTHEAST,3322,250,3938.3,887,115,1641.67
2026-06-26,FRYZ,SOUTHEAST,2999,228,3651.97,858,96,1477.11
2026-06-26,FRYZ,MIDWEST,2394,191,2877.46,819,87,1258.76
2026-06-26,FRYZ,WEST,3749,325,5351.47,1072,124,1910.6
2026-06-27,FRYZ,NORTHEAST,3289,303,4943.36,940,103,1463.41
2026-06-27,FRYZ,SOUTHEAST,2941,254,4024.15,922,108,1660.12
2026-06-27,FRYZ,MIDWEST,2571,203,3139.74,905,101,1563.29
2026-06-27,FRYZ,WEST,3418,280,4343.47,1073,125,1918.53
2026-06-28,FRYZ,NORTHEAST,3341,245,4080.37,1191,128,1882.31
2026-06-28,FRYZ,SOUTHEAST,3064,245,3924.57,910,95,1483.04
2026-06-28,FRYZ,MIDWEST,2786,215,3317.34,871,97,1574.35
2026-06-28,FRYZ,WEST,3679,289,4559.46,1080,128,1836.02
2026-06-29,FRYZ,NORTHEAST,3255,259,4208.53,925,108,1685.01
2026-06-29,FRYZ,SOUTHEAST,2889,238,3750.17,845,99,1475.73
2026-06-29,FRYZ,MIDWEST,2656,219,3542.6,714,83,1216.82
2026-06-29,FRYZ,WEST,3400,300,4810.18,1164,138,1921.42
2026-06-30,FRYZ,NORTHEAST,3403,273,4564.82,936,118,1741.89
2026-06-30,FRYZ,SOUTHEAST,3061,246,3667.36,898,96,1482.32
2026-06-30,FRYZ,MIDWEST,2633,218,3562.52,859,92,1311.58
2026-06-30,FRYZ,WEST,3722,322,5336.37,1151,135,1971.16
2026-07-01,FRYZ,NORTHEAST,3046,237,3751.34,956,105,1580.7
2026-07-01,FRYZ,SOUTHEAST,3195,270,4188.01,838,84,1267.32
2026-07-01,FRYZ,MIDWEST,2496,202,3201.82,903,108,1538.95
2026-07-01,FRYZ,WEST,3410,290,4655.69,1150,142,2031.29
2026-07-02,FRYZ,NORTHEAST,3300,272,4376.29,1172,158,2269.36
2026-07-02,FRYZ,SOUTHEAST,2825,226,3429.55,1029,120,1780.18
2026-07-02,FRYZ,MIDWEST,2652,214,3352.08,776,86,1308.51
2026-07-02,FRYZ,WEST,3558,299,4661.89,1194,133,2010.49
2026-07-03,FRYZ,NORTHEAST,3451,280,4511.49,846,90,1250.09
2026-07-03,FRYZ,SOUTHEAST,2931,258,4039.23,974,105,1499.56
2026-07-03,FRYZ,MIDWEST,2448,202,3262.35,881,80,1275.35
2026-07-03,FRYZ,WEST,3645,296,4789.49,1327,161,2432.02
2026-07-04,FRYZ,NORTHEAST,3408,299,4759.55,1025,108,1574.86
2026-07-04,FRYZ,SOUTHEAST,2809,240,3569.54,1055,124,1817.26
2026-07-04,FRYZ,MIDWEST,2551,200,3234.22,819,104,1505.51
2026-07-04,FRYZ,WEST,3528,278,4366.99,1194,146,2153.26
2026-07-05,FRYZ,NORTHEAST,3289,285,4413.44,1000,107,1607.9
2026-07-05,FRYZ,SOUTHEAST,2931,236,3768.28,1047,127,1932.28
2026-07-05,FRYZ,MIDWEST,2635,211,3374.8,849,93,1374.58
2026-07-05,FRYZ,WEST,3405,281,4295.38,1212,133,1927.98
2026-07-06,FRYZ,NORTHEAST,3238,284,4702.08,1181,125,1950.91
2026-07-06,FRYZ,SOUTHEAST,2640,204,3171.54,865,109,1576.14
2026-07-06,FRYZ,MIDWEST,2532,221,3455.86,851,85,1317.29
2026-07-06,FRYZ,WEST,3623,296,4770.13,1372,157,2256.06
2026-07-07,FRYZ,NORTHEAST,3510,289,4588.44,1103,140,2199.83
2026-07-07,FRYZ,SOUTHEAST,3253,241,3871.71,1125,145,2234.57
2026-07-07,FRYZ,MIDWEST,2578,205,3538.2,1000,133,2029.05
2026-07-07,FRYZ,WEST,3703,290,4756.63,1249,142,2252.75
2026-07-08,FRYZ,NORTHEAST,3167,259,4104.52,1158,151,2219.73
2026-07-08,FRYZ,SOUTHEAST,3042,240,3773.05,1054,131,1944.03
2026-07-08,FRYZ,MIDWEST,2711,206,3167.52,789,82,1324.23
2026-07-08,FRYZ,WEST,3773,312,4797.91,1165,141,1903.03
2026-07-09,FRYZ,NORTHEAST,3202,232,3501.2,1248,140,2305.5
2026-07-09,FRYZ,SOUTHEAST,2969,236,3893.96,1000,109,1626.32
2026-07-09,FRYZ,MIDWEST,2518,186,2875.35,813,108,1579.42
2026-07-09,FRYZ,WEST,3606,293,4732.94,1213,135,2116.94
2026-07-10,FRYZ,NORTHEAST,3193,256,3867.29,1046,113,1700.92
2026-07-10,FRYZ,SOUTHEAST,2749,223,3551.19,1069,123,1771.94
2026-07-10,FRYZ,MIDWEST,2605,218,3608.17,963,118,1778.25
2026-07-10,FRYZ,WEST,3598,251,4040.01,1119,131,1956.49
2026-07-11,FRYZ,NORTHEAST,3281,250,3858.52,1177,159,2260.01
2026-07-11,FRYZ,SOUTHEAST,2737,204,3400.21,1045,126,1907.56
2026-07-11,FRYZ,MIDWEST,2876,232,3753.55,793,85,1176.97
2026-07-11,FRYZ,WEST,3271,289,4370.7,1259,133,1948.98
2026-07-12,FRYZ,NORTHEAST,3648,285,4582.66,1281,150,2139.0
2026-07-12,FRYZ,SOUTHEAST,2918,264,4031.42,893,101,1592.23
2026-07-12,FRYZ,MIDWEST,2789,223,3537.48,997,123,1865.16
2026-07-12,FRYZ,WEST,3872,322,5022.91,1167,152,2399.7
2026-07-13,FRYZ,NORTHEAST,3334,264,4187.65,1089,129,1895.66
2026-07-13,FRYZ,SOUTHEAST,2834,216,3410.72,975,112,1743.3
2026-07-13,FRYZ,MIDWEST,2409,184,2718.05,884,93,1475.28
2026-07-13,FRYZ,WEST,3531,263,4225.72,1183,117,1766.94
2026-07-14,FRYZ,NORTHEAST,3500,287,4594.5,1087,126,1750.51
2026-07-14,FRYZ,SOUTHEAST,2863,234,3773.05,1088,123,1884.84
2026-07-14,FRYZ,MIDWEST,2663,216,3441.17,863,79,1153.75
2026-07-14,FRYZ,WEST,3757,273,4246.96,1089,123,1839.15
2026-07-15,FRYZ,NORTHEAST,2869,238,3688.02,1071,108,1629.47
2026-07-15,FRYZ,SOUTHEAST,2907,251,4131.28,1029,122,1719.43
2026-07-15,FRYZ,MIDWEST,2625,224,3628.67,844,86,1295.48
2026-07-15,FRYZ,WEST,3579,283,4269.89,1272,147,2308.46
2026-07-16,FRYZ,NORTHEAST,3555,282,4430.72,1145,137,2023.23
2026-07-16,FRYZ,SOUTHEAST,2817,237,3766.34,1060,130,1894.85
2026-07-16,FRYZ,MIDWEST,2770,223,3545.62,836,86,1287.69
2026-07-16,FRYZ,WEST,3475,276,4348.57,1326,155,2478.07
2026-07-17,FRYZ,NORTHEAST,3124,248,4022.7,1243,132,1960.74
2026-07-17,FRYZ,SOUTHEAST,2541,194,2959.6,1056,110,1646.49
2026-07-17,FRYZ,MIDWEST,2509,203,3197.77,971,108,1566.31
2026-07-17,FRYZ,WEST,3508,274,4143.38,1281,157,2459.68
2026-07-18,FRYZ,NORTHEAST,3139,237,3499.78,1181,149,2209.94
2026-07-18,FRYZ,SOUTHEAST,2842,211,3390.96,1064,121,1925.75
2026-07-18,FRYZ,MIDWEST,2774,225,3608.19,1045,113,1661.12
2026-07-18,FRYZ,WEST,3751,283,4646.79,1217,152,2228.45
2026-07-19,FRYZ,NORTHEAST,3142,254,3856.54,1109,130,1841.97
2026-07-19,FRYZ,SOUTHEAST,2787,224,3412.21,1012,116,1754.35
2026-07-19,FRYZ,MIDWEST,2640,204,3380.67,902,103,1566.46
2026-07-19,FRYZ,WEST,3524,281,4510.53,1308,150,2374.6
2026-07-20,FRYZ,NORTHEAST,3343,267,4125.5,1181,135,2001.92
2026-07-20,FRYZ,SOUTHEAST,3036,264,4054.07,1160,121,1694.8
2026-07-20,FRYZ,MIDWEST,2578,185,2937.51,928,100,1503.63
2026-07-20,FRYZ,WEST,3114,246,3838.9,1220,138,2119.19
2026-07-21,FRYZ,NORTHEAST,3433,280,4652.24,1066,113,1723.53
2026-07-21,FRYZ,SOUTHEAST,2905,226,3688.36,975,99,1545.62
2026-07-21,FRYZ,MIDWEST,2626,215,3449.07,958,103,1595.96
2026-07-21,FRYZ,WEST,3531,285,4484.77,1487,177,2858.48
2026-07-22,FRYZ,NORTHEAST,3323,275,4371.0,1145,136,2032.78
2026-07-22,FRYZ,SOUTHEAST,3248,259,4235.59,1118,139,2010.25
2026-07-22,FRYZ,MIDWEST,2566,174,2785.05,920,103,1651.04
2026-07-22,FRYZ,WEST,3228,245,3793.1,1158,138,2121.05
2026-07-23,FRYZ,NORTHEAST,3006,259,4071.69,1174,132,2037.51
2026-07-23,FRYZ,SOUTHEAST,2843,221,3288.3,1195,149,2426.69
2026-07-23,FRYZ,MIDWEST,2888,208,3363.79,849,106,1543.35
2026-07-23,FRYZ,WEST,3683,304,4929.46,1297,159,2369.61
2026-07-24,FRYZ,NORTHEAST,3494,286,4446.46,1253,135,1926.89
2026-07-24,FRYZ,SOUTHEAST,3061,239,3545.48,1076,125,1852.75
2026-07-24,FRYZ,MIDWEST,2655,210,3264.44,933,101,1555.74
2026-07-24,FRYZ,WEST,3824,283,4260.61,1201,134,2071.37
2026-07-25,FRYZ,NORTHEAST,3110,235,3710.35,1221,103,1614.78
2026-07-25,FRYZ,SOUTHEAST,3091,219,3479.86,1097,140,2109.97
2026-07-25,FRYZ,MIDWEST,2642,198,3188.53,937,103,1534.16
2026-07-25,FRYZ,WEST,3502,258,3953.82,1415,173,2420.47
2026-07-26,FRYZ,NORTHEAST,3359,247,3930.03,1087,114,1781.73
2026-07-26,FRYZ,SOUTHEAST,3006,242,3895.72,1157,134,2118.31
2026-07-26,FRYZ,MIDWEST,2519,194,3116.24,933,98,1509.85
2026-07-26,FRYZ,WEST,3844,291,4684.62,1306,162,2479.35
2026-07-27,FRYZ,NORTHEAST,3102,230,3595.82,1390,168,2760.94
2026-07-27,FRYZ,SOUTHEAST,3014,257,4063.3,978,102,1454.78
2026-07-27,FRYZ,MIDWEST,2517,204,3247.76,954,132,1962.71
2026-07-27,FRYZ,WEST,3891,334,5329.77,1375,169,2542.25
2026-07-28,FRYZ,NORTHEAST,3385,282,4133.17,1246,129,1990.16
2026-07-28,FRYZ,SOUTHEAST,2909,226,3461.33,1138,133,2068.27
2026-07-28,FRYZ,MIDWEST,2609,200,3209.04,953,114,1811.2
2026-07-28,FRYZ,WEST,3707,310,4785.89,1190,130,2013.42
2026-07-29,FRYZ,NORTHEAST,3450,272,4412.24,1152,129,1968.49
2026-07-29,FRYZ,SOUTHEAST,2837,221,3421.71,1103,131,2021.98
2026-07-29,FRYZ,MIDWEST,2728,220,3340.53,1152,138,1967.96
2026-07-29,FRYZ,WEST,3813,287,4601.94,1490,168,2655.3
2026-07-30,FRYZ,NORTHEAST,3446,277,4252.12,1230,151,2310.3
2026-07-30,FRYZ,SOUTHEAST,3113,251,4118.24,1159,131,1887.4
2026-07-30,FRYZ,MIDWEST,2625,225,3595.83,1125,117,1744.42
2026-07-30,FRYZ,WEST,3701,312,5057.35,1287,131,1880.57
2026-07-31,FRYZ,NORTHEAST,3204,264,3991.09,1222,134,1927.74
2026-07-31,FRYZ,SOUTHEAST,3114,239,3665.43,1370,165,2466.96
2026-07-31,FRYZ,MIDWEST,2869,205,3287.2,976,130,1971.32
2026-07-31,FRYZ,WEST,3556,279,4405.88,1332,155,2289.05
2026-08-01,FRYZ,NORTHEAST,3582,300,4610.45,1260,124,1888.12
2026-08-01,FRYZ,SOUTHEAST,2954,238,3854.05,1218,148,2337.45
2026-08-01,FRYZ,MIDWEST,2644,201,3152.09,902,113,1666.0
2026-08-01,FRYZ,WEST,3639,255,4020.87,1534,182,2753.51
2026-08-02,FRYZ,NORTHEAST,3346,288,4523.32,1195,132,2069.16
2026-08-02,FRYZ,SOUTHEAST,2980,248,3786.18,1086,123,1779.3
2026-08-02,FRYZ,MIDWEST,2614,210,3216.59,1043,106,1596.07
2026-08-02,FRYZ,WEST,3728,301,5053.58,1410,162,2460.22
2026-08-03,FRYZ,NORTHEAST,3186,261,4059.33,1365,133,2005.81
2026-08-03,FRYZ,SOUTHEAST,3004,248,4056.76,1032,106,1530.86
2026-08-03,FRYZ,MIDWEST,2458,194,3067.8,1053,117,1838.26
2026-08-03,FRYZ,WEST,3751,280,4246.88,1220,119,1748.99
2026-08-04,FRYZ,NORTHEAST,3435,248,3913.82,1375,172,2624.18
2026-08-04,FRYZ,SOUTHEAST,2744,218,3258.04,994,102,1605.83
2026-08-04,FRYZ,MIDWEST,2559,177,2835.86,956,107,1576.86
2026-08-04,FRYZ,WEST,3720,333,5393.56,1216,130,1911.54
2026-08-05,FRYZ,NORTHEAST,3246,267,4108.15,1143,130,1769.28
2026-08-05,FRYZ,SOUTHEAST,3197,258,4125.09,1117,112,1573.54
2026-08-05,FRYZ,MIDWEST,2641,228,3571.25,1012,116,1713.92
2026-08-05,FRYZ,WEST,3669,295,4743.52,1469,159,2537.67
2026-08-06,FRYZ,NORTHEAST,3123,253,4031.94,1459,162,2428.84
2026-08-06,FRYZ,SOUTHEAST,3199,262,4026.94,1185,142,2330.71
2026-08-06,FRYZ,MIDWEST,2643,206,3278.16,965,120,1830.93
2026-08-06,FRYZ,WEST,3704,287,4492.92,1349,161,2334.38
2026-08-07,FRYZ,NORTHEAST,3068,262,4015.01,1287,138,2019.68
2026-08-07,FRYZ,SOUTHEAST,2914,211,3329.61,1072,130,1888.21
2026-08-07,FRYZ,MIDWEST,2406,173,2868.11,963,113,1617.4
2026-08-07,FRYZ,WEST,3691,312,4775.36,1215,143,2141.04
2026-08-08,FRYZ,NORTHEAST,3419,273,4474.79,1368,174,2707.04
2026-08-08,FRYZ,SOUTHEAST,2771,225,3457.24,1147,142,2161.75
2026-08-08,FRYZ,MIDWEST,2405,173,2722.82,1097,123,1831.19
2026-08-08,FRYZ,WEST,3593,274,4221.44,1383,152,2420.23
2026-08-09,FRYZ,NORTHEAST,3344,276,4232.81,1333,148,2136.34
2026-08-09,FRYZ,SOUTHEAST,2973,221,3362.0,1210,175,2678.15
2026-08-09,FRYZ,MIDWEST,2481,204,3229.08,1120,115,1708.9
2026-08-09,FRYZ,WEST,3808,295,4572.56,1360,156,2389.02
2026-08-10,FRYZ,NORTHEAST,3284,253,3996.68,1308,143,1995.28
2026-08-10,FRYZ,SOUTHEAST,3080,252,3856.57,1073,142,2035.26
2026-08-10,FRYZ,MIDWEST,2608,226,3651.65,1016,123,1870.9
2026-08-10,FRYZ,WEST,3969,332,5460.92,1266,145,2177.11
2026-08-11,FRYZ,NORTHEAST,3075,254,4117.82,1178,139,2085.7
2026-08-11,FRYZ,SOUTHEAST,2631,212,3249.93,1176,130,1981.79
2026-08-11,FRYZ,MIDWEST,2656,218,3432.42,1104,98,1506.55
2026-08-11,FRYZ,WEST,3571,274,4346.88,1459,179,2834.68
2026-08-12,FRYZ,NORTHEAST,3397,233,3727.52,1246,154,2214.07
2026-08-12,FRYZ,SOUTHEAST,3177,236,3613.41,1204,141,2132.71
2026-08-12,FRYZ,MIDWEST,2881,222,3662.59,1028,122,1887.47
2026-08-12,FRYZ,WEST,3419,257,4175.34,1360,176,2806.57
2026-08-13,FRYZ,NORTHEAST,3490,269,4255.89,1358,155,2422.61
2026-08-13,FRYZ,SOUTHEAST,3249,262,4107.31,1135,129,1946.78
2026-08-13,FRYZ,MIDWEST,2679,224,3561.69,985,101,1531.31
2026-08-13,FRYZ,WEST,3676,278,4181.55,1556,175,2774.01
2026-08-14,FRYZ,NORTHEAST,3364,274,4152.32,1164,132,1878.22
2026-08-14,FRYZ,SOUTHEAST,2849,222,3516.24,1313,149,2139.46
2026-08-14,FRYZ,MIDWEST,2449,183,3018.08,1104,151,2311.2
2026-08-14,FRYZ,WEST,3714,283,4706.84,1328,148,2159.75
2026-08-15,FRYZ,NORTHEAST,3364,278,4457.49,1443,170,2498.86
2026-08-15,FRYZ,SOUTHEAST,3110,234,3631.09,1352,148,2182.34
2026-08-15,FRYZ,MIDWEST,2796,213,3535.17,1208,136,1961.27
2026-08-15,FRYZ,WEST,3447,282,4442.01,1373,151,2242.35
2026-08-16,FRYZ,NORTHEAST,3273,264,4138.7,1064,99,1493.65
2026-08-16,FRYZ,SOUTHEAST,3037,228,3690.76,1207,131,1873.95
2026-08-16,FRYZ,MIDWEST,2430,184,2904.55,1098,144,2237.95
2026-08-16,FRYZ,WEST,3632,264,4263.12,1412,173,2659.95
2026-08-17,FRYZ,NORTHEAST,3244,265,4106.42,1426,144,2188.87
2026-08-17,FRYZ,SOUTHEAST,2661,219,3565.23,1231,121,1746.02
2026-08-17,FRYZ,MIDWEST,2646,187,2867.47,1055,109,1648.68
2026-08-17,FRYZ,WEST,3296,248,3783.13,1583,169,2639.6
2026-08-18,FRYZ,NORTHEAST,2905,230,3817.76,1249,156,2372.38
2026-08-18,FRYZ,SOUTHEAST,3019,235,3623.65,1087,115,1819.67
2026-08-18,FRYZ,MIDWEST,2731,233,3701.71,1155,130,1933.24
2026-08-18,FRYZ,WEST,3353,282,4312.59,1642,165,2493.66
2026-08-19,FRYZ,NORTHEAST,3325,263,4413.67,1345,145,2333.82
2026-08-19,FRYZ,SOUTHEAST,2864,199,2993.53,1350,156,2366.83
2026-08-19,FRYZ,MIDWEST,2826,218,3400.09,1175,123,1756.28
2026-08-19,FRYZ,WEST,3616,231,3501.65,1416,174,2633.18
2026-08-20,FRYZ,NORTHEAST,3075,222,3543.06,1532,158,2312.26
2026-08-20,FRYZ,SOUTHEAST,2788,181,2884.68,1168,153,2243.63
2026-08-20,FRYZ,MIDWEST,2721,217,3565.17,1127,130,1894.52
2026-08-20,FRYZ,WEST,3517,284,4139.55,1499,156,2242.11
2026-08-21,FRYZ,NORTHEAST,3204,252,4036.13,1367,152,2166.01
2026-08-21,FRYZ,SOUTHEAST,2922,229,3663.28,1321,156,2276.91
2026-08-21,FRYZ,MIDWEST,2651,226,3686.4,1134,141,2254.27
2026-08-21,FRYZ,WEST,3223,257,4164.84,1402,132,2090.81
2026-08-22,FRYZ,NORTHEAST,3593,286,4418.12,1426,176,2734.74
2026-08-22,FRYZ,SOUTHEAST,2964,245,3955.97,1167,142,2260.06
2026-08-22,FRYZ,MIDWEST,2796,239,3861.97,1106,115,1783.36
2026-08-22,FRYZ,WEST,3770,292,4780.07,1313,155,2294.98
2026-08-23,FRYZ,NORTHEAST,3230,242,3949.67,1524,171,2461.44
2026-08-23,FRYZ,SOUTHEAST,3216,256,4093.33,1271,140,2056.97
2026-08-23,FRYZ,MIDWEST,2486,202,3333.73,1286,136,2021.29
2026-08-23,FRYZ,WEST,3599,268,4260.82,1590,185,2666.14
2026-08-24,FRYZ,NORTHEAST,2980,208,3176.68,1366,142,1972.38
2026-08-24,FRYZ,SOUTHEAST,2964,223,3521.92,1134,129,1890.24
2026-08-24,FRYZ,MIDWEST,2579,207,3442.03,1263,130,1948.41
2026-08-24,FRYZ,WEST,3937,303,4646.46,1518,161,2268.96
2026-08-25,FRYZ,NORTHEAST,3178,260,4243.09,1353,150,2170.89
2026-08-25,FRYZ,SOUTHEAST,2774,198,3254.16,1205,131,2067.62
2026-08-25,FRYZ,MIDWEST,2658,204,3102.81,1004,113,1721.53
2026-08-25,FRYZ,WEST,3468,255,4126.9,1686,201,3081.34
2026-08-26,FRYZ,NORTHEAST,3098,241,4039.78,1554,190,3091.01
2026-08-26,FRYZ,SOUTHEAST,3120,244,3863.18,1317,170,2625.74
2026-08-26,FRYZ,MIDWEST,2662,231,3818.17,1208,137,1990.8
2026-08-26,FRYZ,WEST,3383,240,3893.04,1490,183,2580.33
2026-08-27,FRYZ,NORTHEAST,3361,258,4114.16,1498,189,2908.1
2026-08-27,FRYZ,SOUTHEAST,3073,222,3535.21,1304,130,1999.57
2026-08-27,FRYZ,MIDWEST,2743,203,3020.12,1130,120,1877.15
2026-08-27,FRYZ,WEST,3459,281,4364.46,1796,241,3651.72
2026-08-28,FRYZ,NORTHEAST,3306,272,4210.64,1217,132,1973.57
2026-08-28,FRYZ,SOUTHEAST,3129,216,3410.45,1415,151,2212.71
2026-08-28,FRYZ,MIDWEST,2578,206,3098.52,1168,147,2247.87
2026-08-28,FRYZ,WEST,3611,249,3909.8,1625,169,2533.57
2026-08-29,FRYZ,NORTHEAST,3384,271,4201.87,1418,178,2768.67
2026-08-29,FRYZ,SOUTHEAST,2880,215,3582.09,1301,144,2177.8
2026-08-29,FRYZ,MIDWEST,2758,231,3811.63,1339,138,2108.52
2026-08-29,FRYZ,WEST,3683,269,4166.1,1605,197,2963.61
2026-08-30,FRYZ,NORTHEAST,3606,267,4111.6,1190,109,1801.24
2026-08-30,FRYZ,SOUTHEAST,2919,204,3290.82,1328,179,2741.33
2026-08-30,FRYZ,MIDWEST,2458,185,3007.45,1158,145,2233.35
2026-08-30,FRYZ,WEST,3494,263,4107.34,1653,233,3589.88
2026-03-02,NOOD,NORTHEAST,4100,467,6495.98,198,23,336.67
2026-03-02,NOOD,SOUTHEAST,3506,439,6410.39,159,17,243.09
2026-03-02,NOOD,MIDWEST,3373,444,6527.28,143,16,230.36
2026-03-02,NOOD,WEST,4382,526,7894.49,224,22,296.57
2026-03-03,NOOD,NORTHEAST,3937,482,7223.15,195,21,284.91
2026-03-03,NOOD,SOUTHEAST,3385,377,5290.2,182,19,280.16
2026-03-03,NOOD,MIDWEST,3344,409,6148.29,160,18,248.4
2026-03-03,NOOD,WEST,4536,469,7051.87,214,24,350.14
2026-03-04,NOOD,NORTHEAST,4166,507,7436.71,183,20,284.41
2026-03-04,NOOD,SOUTHEAST,3675,444,6937.94,194,23,342.18
2026-03-04,NOOD,MIDWEST,3138,361,5046.67,188,23,334.96
2026-03-04,NOOD,WEST,4388,557,8172.28,213,25,359.35
2026-03-05,NOOD,NORTHEAST,4093,444,6397.92,168,18,253.72
2026-03-05,NOOD,SOUTHEAST,3701,448,6410.82,215,22,297.0
2026-03-05,NOOD,MIDWEST,3244,414,6176.78,161,18,251.04
2026-03-05,NOOD,WEST,4757,560,8174.08,231,27,402.34
2026-03-06,NOOD,NORTHEAST,3920,454,6839.48,216,23,346.07
2026-03-06,NOOD,SOUTHEAST,3863,416,5965.47,203,23,312.66
2026-03-06,NOOD,MIDWEST,3212,388,5564.85,182,21,310.13
2026-03-06,NOOD,WEST,4241,507,7105.31,237,25,372.82
2026-03-07,NOOD,NORTHEAST,4146,471,7104.17,229,28,406.18
2026-03-07,NOOD,SOUTHEAST,3848,462,6479.21,208,24,354.18
2026-03-07,NOOD,MIDWEST,3461,380,5325.02,156,18,253.91
2026-03-07,NOOD,WEST,4657,522,7662.19,239,28,392.37
2026-03-08,NOOD,NORTHEAST,4015,448,6177.21,232,29,443.04
2026-03-08,NOOD,SOUTHEAST,3675,432,6460.56,178,21,304.44
2026-03-08,NOOD,MIDWEST,3593,424,6313.87,192,21,292.1
2026-03-08,NOOD,WEST,4084,475,7167.13,204,23,315.56
2026-03-09,NOOD,NORTHEAST,4028,473,6617.6,218,25,359.44
2026-03-09,NOOD,SOUTHEAST,3695,413,6185.7,234,27,360.67
2026-03-09,NOOD,MIDWEST,3459,385,5415.43,182,19,283.06
2026-03-09,NOOD,WEST,4222,517,7395.68,200,21,299.19
2026-03-10,NOOD,NORTHEAST,4497,502,7051.77,247,24,332.44
2026-03-10,NOOD,SOUTHEAST,3623,367,5480.6,218,25,326.62
2026-03-10,NOOD,MIDWEST,3633,411,5878.91,185,21,273.69
2026-03-10,NOOD,WEST,4790,567,8361.85,281,34,495.48
2026-03-11,NOOD,NORTHEAST,3818,428,6324.08,234,29,385.09
2026-03-11,NOOD,SOUTHEAST,3585,406,5932.71,236,24,345.49
2026-03-11,NOOD,MIDWEST,3284,379,5500.63,196,20,291.46
2026-03-11,NOOD,WEST,4444,537,7569.27,279,34,504.96
2026-03-12,NOOD,NORTHEAST,4406,483,6968.67,240,24,345.92
2026-03-12,NOOD,SOUTHEAST,3867,442,6489.65,191,21,284.42
2026-03-12,NOOD,MIDWEST,3080,337,5033.25,207,22,324.44
2026-03-12,NOOD,WEST,4629,599,8051.33,303,33,463.62
2026-03-13,NOOD,NORTHEAST,4159,446,6381.55,222,24,336.3
2026-03-13,NOOD,SOUTHEAST,3928,425,5992.97,210,23,329.87
2026-03-13,NOOD,MIDWEST,3105,340,4870.33,187,21,310.03
2026-03-13,NOOD,WEST,4524,544,8153.39,254,29,421.38
2026-03-14,NOOD,NORTHEAST,4205,459,6762.87,256,31,465.61
2026-03-14,NOOD,SOUTHEAST,3822,436,6191.76,214,22,352.26
2026-03-14,NOOD,MIDWEST,3158,346,5186.25,210,24,330.77
2026-03-14,NOOD,WEST,4851,503,7363.81,276,34,466.7
2026-03-15,NOOD,NORTHEAST,4267,508,7700.61,253,32,487.56
2026-03-15,NOOD,SOUTHEAST,3869,444,6291.3,218,24,353.55
2026-03-15,NOOD,MIDWEST,3204,365,5260.16,223,24,330.23
2026-03-15,NOOD,WEST,4400,534,7827.64,305,34,501.4
2026-03-16,NOOD,NORTHEAST,4240,495,7243.63,267,27,383.92
2026-03-16,NOOD,SOUTHEAST,3735,447,6458.01,260,30,431.71
2026-03-16,NOOD,MIDWEST,3118,378,5430.73,217,25,334.59
2026-03-16,NOOD,WEST,4531,525,7727.51,296,33,481.68
2026-03-17,NOOD,NORTHEAST,4467,515,7486.89,223,25,324.36
2026-03-17,NOOD,SOUTHEAST,3979,462,6630.51,221,27,401.37
2026-03-17,NOOD,MIDWEST,3321,357,5191.39,210,26,371.62
2026-03-17,NOOD,WEST,4573,527,7825.58,290,31,421.17
2026-03-18,NOOD,NORTHEAST,4049,443,6233.03,299,33,456.16
2026-03-18,NOOD,SOUTHEAST,4031,436,6288.19,210,24,333.17
2026-03-18,NOOD,MIDWEST,3173,382,5657.59,192,22,322.64
2026-03-18,NOOD,WEST,4263,511,8044.41,287,33,476.52
2026-03-19,NOOD,NORTHEAST,4269,534,7808.65,268,27,345.64
2026-03-19,NOOD,SOUTHEAST,3776,337,5120.45,274,29,405.14
2026-03-19,NOOD,MIDWEST,3397,389,5901.55,244,27,382.9
2026-03-19,NOOD,WEST,4723,569,8062.75,305,31,452.47
2026-03-20,NOOD,NORTHEAST,4134,464,6791.14,266,29,397.97
2026-03-20,NOOD,SOUTHEAST,3784,412,6159.8,251,27,425.31
2026-03-20,NOOD,MIDWEST,3564,410,6119.03,197,22,308.81
2026-03-20,NOOD,WEST,4326,481,7044.34,298,33,482.99
2026-03-21,NOOD,NORTHEAST,3923,465,6969.11,307,31,418.64
2026-03-21,NOOD,SOUTHEAST,3936,461,6811.7,239,27,391.17
2026-03-21,NOOD,MIDWEST,3228,388,5572.54,230,22,311.22
2026-03-21,NOOD,WEST,4446,530,7701.15,346,35,482.47
2026-03-22,NOOD,NORTHEAST,4121,418,5948.99,292,35,485.87
2026-03-22,NOOD,SOUTHEAST,3554,397,5772.91,251,25,360.53
2026-03-22,NOOD,MIDWEST,3266,356,4927.02,223,20,294.53
2026-03-22,NOOD,WEST,4435,506,7730.8,322,36,500.09
2026-03-23,NOOD,NORTHEAST,4115,516,7463.2,260,25,369.56
2026-03-23,NOOD,SOUTHEAST,3572,405,5788.92,252,26,378.13
2026-03-23,NOOD,MIDWEST,3255,393,5762.05,239,24,341.69
2026-03-23,NOOD,WEST,4917,606,8925.55,327,41,571.04
2026-03-24,NOOD,NORTHEAST,4051,509,7298.73,307,37,541.56
2026-03-24,NOOD,SOUTHEAST,3339,392,6079.89,281,33,489.51
2026-03-24,NOOD,MIDWEST,3285,391,5612.28,212,19,266.46
2026-03-24,NOOD,WEST,4818,483,7200.92,324,40,538.41
2026-03-25,NOOD,NORTHEAST,4176,430,6435.88,303,37,465.05
2026-03-25,NOOD,SOUTHEAST,4234,506,7885.22,305,36,521.94
2026-03-25,NOOD,MIDWEST,3115,358,5068.23,218,25,358.45
2026-03-25,NOOD,WEST,4554,523,7792.38,292,28,409.72
2026-03-26,NOOD,NORTHEAST,3914,417,6172.96,309,36,500.02
2026-03-26,NOOD,SOUTHEAST,3441,411,6108.91,256,28,409.46
2026-03-26,NOOD,MIDWEST,3270,381,5668.45,235,22,310.0
2026-03-26,NOOD,WEST,4672,490,7070.91,303,26,357.22
2026-03-27,NOOD,NORTHEAST,4163,478,7302.59,291,31,428.27
2026-03-27,NOOD,SOUTHEAST,3675,405,6114.7,285,36,497.27
2026-03-27,NOOD,MIDWEST,3398,410,5925.22,254,28,399.28
2026-03-27,NOOD,WEST,4880,502,7026.86,348,42,584.8
2026-03-28,NOOD,NORTHEAST,4116,424,6121.47,271,34,427.85
2026-03-28,NOOD,SOUTHEAST,3900,473,6631.54,293,35,489.32
2026-03-28,NOOD,MIDWEST,3452,369,5473.11,241,26,324.04
2026-03-28,NOOD,WEST,4251,461,7034.12,301,32,473.36
2026-03-29,NOOD,NORTHEAST,4049,418,6033.08,326,37,534.79
2026-03-29,NOOD,SOUTHEAST,3417,385,5137.44,302,30,431.8
2026-03-29,NOOD,MIDWEST,3463,381,5497.09,260,31,457.73
2026-03-29,NOOD,WEST,4637,532,8344.38,372,48,687.18
2026-03-30,NOOD,NORTHEAST,4011,469,7000.38,357,38,565.29
2026-03-30,NOOD,SOUTHEAST,3553,390,5639.1,316,37,535.42
2026-03-30,NOOD,MIDWEST,3177,394,5871.1,260,29,413.09
2026-03-30,NOOD,WEST,4617,576,8669.14,355,36,504.95
2026-03-31,NOOD,NORTHEAST,3752,404,6211.34,317,37,522.67
2026-03-31,NOOD,SOUTHEAST,3767,422,6041.33,269,32,458.51
2026-03-31,NOOD,MIDWEST,3435,399,6505.55,281,31,424.62
2026-03-31,NOOD,WEST,4592,470,6838.97,331,33,465.26
2026-04-01,NOOD,NORTHEAST,4001,456,6928.07,305,35,495.85
2026-04-01,NOOD,SOUTHEAST,3739,427,6406.46,250,29,416.8
2026-04-01,NOOD,MIDWEST,3353,400,5808.34,250,32,445.16
2026-04-01,NOOD,WEST,4430,534,7500.6,408,43,604.22
2026-04-02,NOOD,NORTHEAST,4259,524,8051.43,370,43,570.6
2026-04-02,NOOD,SOUTHEAST,3533,375,5377.35,293,31,428.74
2026-04-02,NOOD,MIDWEST,3238,363,5655.17,276,31,460.13
2026-04-02,NOOD,WEST,4527,496,7429.27,357,34,472.69
2026-04-03,NOOD,NORTHEAST,4158,435,6175.94,342,36,494.45
2026-04-03,NOOD,SOUTHEAST,3716,401,6177.52,281,31,438.89
2026-04-03,NOOD,MIDWEST,3403,412,6046.03,278,29,396.32
2026-04-03,NOOD,WEST,4738,561,8350.65,374,40,593.59
2026-04-04,NOOD,NORTHEAST,3927,470,7011.89,331,36,466.35
2026-04-04,NOOD,SOUTHEAST,3717,425,6243.16,284,36,492.6
2026-04-04,NOOD,MIDWEST,3332,388,5921.63,273,29,407.43
2026-04-04,NOOD,WEST,4528,483,6961.17,403,41,588.93
2026-04-05,NOOD,NORTHEAST,3940,394,6042.85,379,36,494.79
2026-04-05,NOOD,SOUTHEAST,3532,434,6258.65,349,43,584.36
2026-04-05,NOOD,MIDWEST,3082,379,5524.92,278,31,448.13
2026-04-05,NOOD,WEST,4219,488,6888.58,421,44,564.32
2026-04-06,NOOD,NORTHEAST,4086,411,5958.46,341,38,538.04
2026-04-06,NOOD,SOUTHEAST,3947,505,7798.39,382,42,584.01
2026-04-06,NOOD,MIDWEST,3363,421,5964.81,273,29,397.96
2026-04-06,NOOD,WEST,4502,520,7862.39,334,40,567.23
2026-04-07,NOOD,NORTHEAST,3742,437,6346.81,325,34,444.66
2026-04-07,NOOD,SOUTHEAST,3538,442,6524.62,309,34,479.85
2026-04-07,NOOD,MIDWEST,3419,397,5683.32,262,31,417.35
2026-04-07,NOOD,WEST,4380,523,7684.43,423,47,648.22
2026-04-08,NOOD,NORTHEAST,4050,435,6180.99,350,41,564.76
2026-04-08,NOOD,SOUTHEAST,3600,404,5836.34,284,33,468.59
2026-04-08,NOOD,MIDWEST,3390,376,5657.74,328,36,467.34
2026-04-08,NOOD,WEST,4446,527,7646.37,374,40,530.63
2026-04-09,NOOD,NORTHEAST,4059,438,6187.74,379,43,639.06
2026-04-09,NOOD,SOUTHEAST,3548,397,5770.35,319,34,508.35
2026-04-09,NOOD,MIDWEST,3129,350,5066.81,320,38,519.89
2026-04-09,NOOD,WEST,4563,512,7181.55,422,45,622.31
2026-04-10,NOOD,NORTHEAST,3979,487,6947.94,377,42,578.41
2026-04-10,NOOD,SOUTHEAST,3969,515,7691.92,370,39,565.22
2026-04-10,NOOD,MIDWEST,3522,423,6272.01,286,34,462.13
2026-04-10,NOOD,WEST,4764,550,8101.54,407,50,697.52
2026-04-11,NOOD,NORTHEAST,4585,548,8106.78,395,44,602.27
2026-04-11,NOOD,SOUTHEAST,4280,447,6739.1,413,52,746.83
2026-04-11,NOOD,MIDWEST,3383,378,5658.62,286,29,405.9
2026-04-11,NOOD,WEST,4270,502,7250.53,457,52,732.24
2026-04-12,NOOD,NORTHEAST,4286,477,6941.58,354,46,681.6
2026-04-12,NOOD,SOUTHEAST,3368,411,6037.44,359,43,650.57
2026-04-12,NOOD,MIDWEST,3325,414,5800.25,325,37,517.22
2026-04-12,NOOD,WEST,4451,546,7923.36,400,44,592.06
2026-04-13,NOOD,NORTHEAST,4047,498,7223.95,357,41,592.63
2026-04-13,NOOD,SOUTHEAST,3644,397,5529.95,332,39,522.04
2026-04-13,NOOD,MIDWEST,3263,379,5741.85,349,38,553.54
2026-04-13,NOOD,WEST,4796,488,7344.48,386,45,613.39
2026-04-14,NOOD,NORTHEAST,3793,499,7557.35,352,42,622.51
2026-04-14,NOOD,SOUTHEAST,3895,430,6407.46,358,42,573.01
2026-04-14,NOOD,MIDWEST,3307,359,5053.16,313,33,464.64
2026-04-14,NOOD,WEST,4924,691,10340.52,350,36,483.94
2026-04-15,NOOD,NORTHEAST,4301,519,7688.95,379,44,630.95
2026-04-15,NOOD,SOUTHEAST,3630,347,5006.17,302,35,517.14
2026-04-15,NOOD,MIDWEST,3336,348,5096.09,273,31,436.17
2026-04-15,NOOD,WEST,4667,508,7417.57,440,59,831.93
2026-04-16,NOOD,NORTHEAST,3960,404,5763.5,334,36,490.72
2026-04-16,NOOD,SOUTHEAST,3771,374,5197.03,386,45,616.57
2026-04-16,NOOD,MIDWEST,3243,380,5684.3,277,32,484.45
2026-04-16,NOOD,WEST,4301,538,7756.03,409,48,654.79
2026-04-17,NOOD,NORTHEAST,4084,495,7028.71,365,47,647.9
2026-04-17,NOOD,SOUTHEAST,3593,406,5751.2,352,44,632.43
2026-04-17,NOOD,MIDWEST,3444,382,5560.34,305,35,473.75
2026-04-17,NOOD,WEST,4579,551,8026.15,429,45,597.12
2026-04-18,NOOD,NORTHEAST,4234,460,6923.42,403,46,630.87
2026-04-18,NOOD,SOUTHEAST,3695,426,6194.36,371,37,517.28
2026-04-18,NOOD,MIDWEST,3376,383,5493.13,321,37,515.12
2026-04-18,NOOD,WEST,3996,471,6671.51,409,46,643.05
2026-04-19,NOOD,NORTHEAST,3954,411,5866.77,403,42,592.0
2026-04-19,NOOD,SOUTHEAST,3890,446,6378.26,393,48,696.13
2026-04-19,NOOD,MIDWEST,3475,408,5841.51,299,30,381.21
2026-04-19,NOOD,WEST,4287,523,7793.92,476,57,822.64
2026-04-20,NOOD,NORTHEAST,4311,490,6919.88,382,38,574.82
2026-04-20,NOOD,SOUTHEAST,3616,445,6770.17,340,37,515.57
2026-04-20,NOOD,MIDWEST,3325,434,6392.94,308,35,496.08
2026-04-20,NOOD,WEST,4515,514,7428.85,435,50,730.2
2026-04-21,NOOD,NORTHEAST,4072,483,6996.81,382,45,658.53
2026-04-21,NOOD,SOUTHEAST,3717,398,5591.49,329,34,473.37
2026-04-21,NOOD,MIDWEST,3274,465,6741.8,369,39,568.95
2026-04-21,NOOD,WEST,4304,534,8338.42,471,54,741.92
2026-04-22,NOOD,NORTHEAST,4325,516,7557.43,468,57,823.51
2026-04-22,NOOD,SOUTHEAST,3608,423,6041.59,394,43,613.32
2026-04-22,NOOD,MIDWEST,3281,373,5630.76,340,40,557.34
2026-04-22,NOOD,WEST,4411,512,7438.24,423,51,751.95
2026-04-23,NOOD,NORTHEAST,4130,481,7078.5,436,45,633.05
2026-04-23,NOOD,SOUTHEAST,3454,431,6293.89,353,37,537.03
2026-04-23,NOOD,MIDWEST,3463,432,6255.53,347,44,600.66
2026-04-23,NOOD,WEST,3963,386,5619.95,466,55,772.57
2026-04-24,NOOD,NORTHEAST,4359,479,7102.64,378,45,629.53
2026-04-24,NOOD,SOUTHEAST,3858,375,5521.74,393,43,597.44
2026-04-24,NOOD,MIDWEST,3283,401,6006.94,350,44,634.48
2026-04-24,NOOD,WEST,4501,521,7564.26,474,48,677.71
2026-04-25,NOOD,NORTHEAST,4365,531,8087.15,414,51,754.96
2026-04-25,NOOD,SOUTHEAST,3785,424,5812.78,368,34,467.23
2026-04-25,NOOD,MIDWEST,3238,363,5247.46,349,38,561.64
2026-04-25,NOOD,WEST,4638,522,7821.18,491,54,745.23
2026-04-26,NOOD,NORTHEAST,3988,414,6001.71,460,49,643.79
2026-04-26,NOOD,SOUTHEAST,3675,429,6237.87,368,39,553.47
2026-04-26,NOOD,MIDWEST,3280,366,5417.95,349,39,559.92
2026-04-26,NOOD,WEST,4828,626,9201.78,548,69,953.97
2026-04-27,NOOD,NORTHEAST,4286,527,7567.92,435,56,756.66
2026-04-27,NOOD,SOUTHEAST,3777,421,6114.84,326,38,537.11
2026-04-27,NOOD,MIDWEST,3081,334,5015.35,297,32,460.51
2026-04-27,NOOD,WEST,4501,489,7058.99,489,56,796.91
2026-04-28,NOOD,NORTHEAST,3956,484,7184.16,429,51,716.2
2026-04-28,NOOD,SOUTHEAST,4002,482,6853.16,411,45,669.25
2026-04-28,NOOD,MIDWEST,3382,415,6307.19,375,41,597.54
2026-04-28,NOOD,WEST,4543,516,7499.65,572,62,847.08
2026-04-29,NOOD,NORTHEAST,4107,464,6778.69,400,49,752.42
2026-04-29,NOOD,SOUTHEAST,3783,428,6409.01,385,41,602.87
2026-04-29,NOOD,MIDWEST,3312,400,5683.01,337,35,473.55
2026-04-29,NOOD,WEST,4449,462,7048.33,551,56,869.41
2026-04-30,NOOD,NORTHEAST,3864,435,6302.38,483,53,761.65
2026-04-30,NOOD,SOUTHEAST,3692,421,6193.21,394,49,716.81
2026-04-30,NOOD,MIDWEST,3621,380,5483.23,363,40,565.32
2026-04-30,NOOD,WEST,4148,461,6873.9,480,54,752.43
2026-05-01,NOOD,NORTHEAST,3954,451,6553.0,483,61,852.62
2026-05-01,NOOD,SOUTHEAST,4047,448,6683.09,421,46,671.17
2026-05-01,NOOD,MIDWEST,3028,360,5291.27,330,37,513.38
2026-05-01,NOOD,WEST,4794,625,9367.06,515,58,853.82
2026-05-02,NOOD,NORTHEAST,4426,543,7988.38,512,49,686.91
2026-05-02,NOOD,SOUTHEAST,3571,402,5959.76,467,57,768.54
2026-05-02,NOOD,MIDWEST,3242,427,5987.06,373,40,638.49
2026-05-02,NOOD,WEST,4593,512,7709.28,413,41,609.61
2026-05-03,NOOD,NORTHEAST,4280,478,6646.83,459,54,692.82
2026-05-03,NOOD,SOUTHEAST,4079,506,7598.95,465,54,749.47
2026-05-03,NOOD,MIDWEST,3587,399,5569.01,341,36,487.67
2026-05-03,NOOD,WEST,4952,587,8472.89,548,58,782.1
2026-05-04,NOOD,NORTHEAST,3858,465,6823.85,405,41,560.19
2026-05-04,NOOD,SOUTHEAST,3549,414,5880.62,455,42,558.5
2026-05-04,NOOD,MIDWEST,2998,311,4796.24,375,44,618.77
2026-05-04,NOOD,WEST,4550,542,7871.5,574,67,1011.42
2026-05-05,NOOD,NORTHEAST,4106,542,8072.41,438,56,800.87
2026-05-05,NOOD,SOUTHEAST,3607,384,5447.55,441,52,753.11
2026-05-05,NOOD,MIDWEST,3211,327,5010.56,341,38,527.26
2026-05-05,NOOD,WEST,4414,522,7788.2,480,68,900.54
2026-05-06,NOOD,NORTHEAST,3973,453,6468.3,568,59,878.85
2026-05-06,NOOD,SOUTHEAST,3329,370,5338.1,465,58,863.58
2026-05-06,NOOD,MIDWEST,3422,402,5625.87,441,44,626.64
2026-05-06,NOOD,WEST,4503,535,8030.99,486,56,812.04
2026-05-07,NOOD,NORTHEAST,4013,470,6836.8,468,55,744.0
2026-05-07,NOOD,SOUTHEAST,3882,446,6761.0,428,45,607.46
2026-05-07,NOOD,MIDWEST,3472,405,6183.01,358,34,482.36
2026-05-07,NOOD,WEST,4589,551,8373.6,564,69,987.65
2026-05-08,NOOD,NORTHEAST,4441,477,7128.13,516,59,835.18
2026-05-08,NOOD,SOUTHEAST,3559,444,6248.66,480,55,803.85
2026-05-08,NOOD,MIDWEST,3607,428,6254.36,306,35,503.58
2026-05-08,NOOD,WEST,4435,507,6611.71,572,78,1078.54
2026-05-09,NOOD,NORTHEAST,4244,546,8134.19,503,57,773.8
2026-05-09,NOOD,SOUTHEAST,3827,418,5961.8,446,47,659.3
2026-05-09,NOOD,MIDWEST,3469,430,6133.34,406,41,553.03
2026-05-09,NOOD,WEST,4445,554,8144.68,549,51,693.1
2026-05-10,NOOD,NORTHEAST,4135,506,7488.21,479,57,790.53
2026-05-10,NOOD,SOUTHEAST,3946,449,6547.16,451,50,727.01
2026-05-10,NOOD,MIDWEST,3338,411,6202.87,455,51,673.07
2026-05-10,NOOD,WEST,4727,531,8159.44,545,68,934.1
2026-05-11,NOOD,NORTHEAST,4100,413,5955.8,507,58,792.49
2026-05-11,NOOD,SOUTHEAST,3549,431,6183.91,404,46,639.72
2026-05-11,NOOD,MIDWEST,3250,429,6106.19,363,44,631.44
2026-05-11,NOOD,WEST,4419,523,7293.51,603,69,963.55
2026-05-12,NOOD,NORTHEAST,3860,505,7126.57,475,56,697.15
2026-05-12,NOOD,SOUTHEAST,3811,457,6532.28,504,55,748.63
2026-05-12,NOOD,MIDWEST,3268,379,5532.81,406,44,604.42
2026-05-12,NOOD,WEST,4305,475,7127.46,516,66,922.21
2026-05-13,NOOD,NORTHEAST,4071,472,7024.78,449,56,790.02
2026-05-13,NOOD,SOUTHEAST,3647,402,6089.23,514,68,905.39
2026-05-13,NOOD,MIDWEST,3001,367,5418.48,428,55,766.69
2026-05-13,NOOD,WEST,5013,553,7847.38,555,68,974.12
2026-05-14,NOOD,NORTHEAST,4136,463,6598.36,529,56,797.69
2026-05-14,NOOD,SOUTHEAST,3698,457,6640.41,396,43,610.6
2026-05-14,NOOD,MIDWEST,3258,346,5286.28,409,45,626.19
2026-05-14,NOOD,WEST,4925,561,8217.34,559,65,911.53
2026-05-15,NOOD,NORTHEAST,3766,424,6218.1,522,64,867.98
2026-05-15,NOOD,SOUTHEAST,3955,482,7121.98,485,45,641.96
2026-05-15,NOOD,MIDWEST,2986,333,4923.96,435,44,622.36
2026-05-15,NOOD,WEST,4002,504,7386.57,601,62,776.84
2026-05-16,NOOD,NORTHEAST,4106,458,6579.76,501,60,850.51
2026-05-16,NOOD,SOUTHEAST,3915,445,6723.66,454,51,680.47
2026-05-16,NOOD,MIDWEST,3522,430,6506.01,419,44,608.46
2026-05-16,NOOD,WEST,4481,537,7612.4,511,53,744.47
2026-05-17,NOOD,NORTHEAST,3961,461,6305.28,528,61,843.94
2026-05-17,NOOD,SOUTHEAST,4077,482,6976.49,475,47,655.7
2026-05-17,NOOD,MIDWEST,3136,338,4859.96,391,40,556.01
2026-05-17,NOOD,WEST,4357,509,7761.5,604,60,828.68
2026-05-18,NOOD,NORTHEAST,4064,519,7941.5,515,57,804.53
2026-05-18,NOOD,SOUTHEAST,3878,440,6611.59,561,58,851.14
2026-05-18,NOOD,MIDWEST,3428,405,5662.53,451,47,670.14
2026-05-18,NOOD,WEST,4338,505,6966.74,504,63,907.5
2026-05-19,NOOD,NORTHEAST,4493,547,8047.84,593,63,910.57
2026-05-19,NOOD,SOUTHEAST,3518,402,5733.89,463,57,859.11
2026-05-19,NOOD,MIDWEST,3577,415,6196.18,450,52,725.75
2026-05-19,NOOD,WEST,4805,534,7577.56,573,69,986.74
2026-05-20,NOOD,NORTHEAST,4087,494,7336.21,539,59,742.3
2026-05-20,NOOD,SOUTHEAST,3662,399,5960.64,538,58,862.07
2026-05-20,NOOD,MIDWEST,3239,363,5347.19,441,49,679.15
2026-05-20,NOOD,WEST,4334,480,7103.14,583,66,888.61
2026-05-21,NOOD,NORTHEAST,3828,444,6351.58,518,57,792.21
2026-05-21,NOOD,SOUTHEAST,3873,416,5946.66,454,49,628.63
2026-05-21,NOOD,MIDWEST,3426,394,5764.97,435,50,729.32
2026-05-21,NOOD,WEST,4784,586,8694.66,508,55,788.78
2026-05-22,NOOD,NORTHEAST,3985,463,6536.23,565,51,689.86
2026-05-22,NOOD,SOUTHEAST,3687,371,5549.68,430,48,711.48
2026-05-22,NOOD,MIDWEST,3162,355,5121.31,475,55,768.57
2026-05-22,NOOD,WEST,4970,604,8557.21,627,69,1022.65
2026-05-23,NOOD,NORTHEAST,4064,467,6815.0,591,66,857.63
2026-05-23,NOOD,SOUTHEAST,3602,434,6480.51,541,54,748.61
2026-05-23,NOOD,MIDWEST,3032,322,4632.17,455,55,747.78
2026-05-23,NOOD,WEST,4263,476,7133.46,673,72,974.14
2026-05-24,NOOD,NORTHEAST,4131,494,7208.52,576,67,915.43
2026-05-24,NOOD,SOUTHEAST,3794,478,6824.69,469,52,765.9
2026-05-24,NOOD,MIDWEST,3461,422,6199.85,455,56,728.93
2026-05-24,NOOD,WEST,4183,530,7664.26,637,74,1017.41
2026-05-25,NOOD,NORTHEAST,4266,456,6609.94,589,66,912.41
2026-05-25,NOOD,SOUTHEAST,3815,466,6853.41,432,54,689.85
2026-05-25,NOOD,MIDWEST,3042,393,5500.34,423,46,609.72
2026-05-25,NOOD,WEST,4735,539,8096.63,654,75,1053.23
2026-05-26,NOOD,NORTHEAST,4272,527,7714.45,571,61,846.31
2026-05-26,NOOD,SOUTHEAST,4141,482,7028.74,551,60,797.3
2026-05-26,NOOD,MIDWEST,3085,397,5784.25,421,53,743.24
2026-05-26,NOOD,WEST,4730,593,8827.73,620,71,1080.9
2026-05-27,NOOD,NORTHEAST,3905,456,6998.58,562,59,893.19
2026-05-27,NOOD,SOUTHEAST,4054,523,7809.83,483,55,766.62
2026-05-27,NOOD,MIDWEST,3404,394,5620.54,436,43,551.41
2026-05-27,NOOD,WEST,4541,541,7702.01,600,62,919.87
2026-05-28,NOOD,NORTHEAST,4009,500,7312.05,546,68,990.77
2026-05-28,NOOD,SOUTHEAST,3665,430,6186.73,454,47,678.76
2026-05-28,NOOD,MIDWEST,3257,398,5765.88,414,49,665.03
2026-05-28,NOOD,WEST,4530,557,7696.48,662,76,1054.06
2026-05-29,NOOD,NORTHEAST,4095,456,6622.43,523,61,825.0
2026-05-29,NOOD,SOUTHEAST,3756,395,5942.48,500,52,689.49
2026-05-29,NOOD,MIDWEST,3455,382,5550.24,461,49,680.85
2026-05-29,NOOD,WEST,4117,483,6856.97,638,82,1160.85
2026-05-30,NOOD,NORTHEAST,4392,517,7428.33,634,66,943.62
2026-05-30,NOOD,SOUTHEAST,3618,433,6430.27,561,65,891.06
2026-05-30,NOOD,MIDWEST,3243,358,5253.5,490,60,889.35
2026-05-30,NOOD,WEST,4662,547,7668.62,644,74,1016.94
2026-05-31,NOOD,NORTHEAST,3671,487,7157.15,569,61,842.64
2026-05-31,NOOD,SOUTHEAST,3601,426,6540.23,528,58,820.27
2026-05-31,NOOD,MIDWEST,3339,425,6076.59,486,58,780.34
2026-05-31,NOOD,WEST,4745,519,7657.22,722,86,1199.65
2026-06-01,NOOD,NORTHEAST,4332,533,7566.5,506,56,775.58
2026-06-01,NOOD,SOUTHEAST,3507,430,5965.78,523,62,911.55
2026-06-01,NOOD,MIDWEST,3463,394,5864.66,427,50,698.38
2026-06-01,NOOD,WEST,4148,477,7019.32,680,68,968.44
2026-06-02,NOOD,NORTHEAST,4195,514,7206.63,681,80,1109.93
2026-06-02,NOOD,SOUTHEAST,3665,382,5667.49,491,59,868.89
2026-06-02,NOOD,MIDWEST,3327,355,5172.91,489,56,788.0
2026-06-02,NOOD,WEST,4659,506,7774.17,623,73,1057.96
2026-06-03,NOOD,NORTHEAST,4276,494,7839.97,633,75,1056.06
2026-06-03,NOOD,SOUTHEAST,3553,425,6195.47,514,66,939.73
2026-06-03,NOOD,MIDWEST,3313,376,5817.71,486,67,892.3
2026-06-03,NOOD,WEST,4383,491,7591.28,726,84,1230.22
2026-06-04,NOOD,NORTHEAST,3667,401,5875.97,536,53,737.47
2026-06-04,NOOD,SOUTHEAST,3731,384,5511.31,500,55,750.46
2026-06-04,NOOD,MIDWEST,3210,395,5731.48,570,67,915.61
2026-06-04,NOOD,WEST,4226,441,6350.68,684,72,994.67
2026-06-05,NOOD,NORTHEAST,4099,468,6546.68,529,59,869.98
2026-06-05,NOOD,SOUTHEAST,3807,479,7228.35,594,58,837.08
2026-06-05,NOOD,MIDWEST,2943,324,4593.8,475,51,748.27
2026-06-05,NOOD,WEST,4504,501,7491.97,709,88,1260.22
2026-06-06,NOOD,NORTHEAST,4380,489,7044.32,591,64,852.4
2026-06-06,NOOD,SOUTHEAST,3549,404,6197.6,512,62,860.81
2026-06-06,NOOD,MIDWEST,3284,419,6266.18,439,46,622.64
2026-06-06,NOOD,WEST,4365,515,7768.25,671,78,1035.43
2026-06-07,NOOD,NORTHEAST,4055,469,6802.67,607,63,975.74
2026-06-07,NOOD,SOUTHEAST,3555,378,5237.17,468,50,671.07
2026-06-07,NOOD,MIDWEST,3246,350,5005.16,447,57,813.22
2026-06-07,NOOD,WEST,4277,509,7865.18,594,73,955.74
2026-06-08,NOOD,NORTHEAST,3690,440,6663.56,651,70,976.0
2026-06-08,NOOD,SOUTHEAST,4010,477,6923.08,591,60,788.05
2026-06-08,NOOD,MIDWEST,3395,385,5686.41,506,49,677.21
2026-06-08,NOOD,WEST,4850,545,7778.17,731,87,1196.7
2026-06-09,NOOD,NORTHEAST,4312,570,8128.48,575,58,816.3
2026-06-09,NOOD,SOUTHEAST,3697,445,6451.65,551,63,837.01
2026-06-09,NOOD,MIDWEST,3235,395,6084.58,430,41,598.26
2026-06-09,NOOD,WEST,4197,529,7838.36,731,83,1204.11
2026-06-10,NOOD,NORTHEAST,3989,422,6254.71,499,57,765.91
2026-06-10,NOOD,SOUTHEAST,3989,531,7248.12,634,69,1014.87
2026-06-10,NOOD,MIDWEST,3336,408,6019.9,489,53,753.95
2026-06-10,NOOD,WEST,4409,591,8407.32,645,67,971.39
2026-06-11,NOOD,NORTHEAST,3840,518,7457.56,706,84,1180.78
2026-06-11,NOOD,SOUTHEAST,3762,430,6132.69,550,57,807.24
2026-06-11,NOOD,MIDWEST,3587,451,6501.07,501,57,813.09
2026-06-11,NOOD,WEST,4553,556,8430.52,649,73,1040.96
2026-06-12,NOOD,NORTHEAST,4245,487,7060.0,648,71,961.2
2026-06-12,NOOD,SOUTHEAST,3674,425,5664.68,572,72,1062.97
2026-06-12,NOOD,MIDWEST,3453,387,5742.95,591,61,912.39
2026-06-12,NOOD,WEST,4561,496,8000.53,592,66,914.9
2026-06-13,NOOD,NORTHEAST,4229,504,7267.61,534,59,816.03
2026-06-13,NOOD,SOUTHEAST,3794,433,5998.71,607,71,1033.84
2026-06-13,NOOD,MIDWEST,3334,432,6448.04,464,56,804.1
2026-06-13,NOOD,WEST,4635,539,8075.73,767,87,1148.09
2026-06-14,NOOD,NORTHEAST,3925,481,7165.8,702,74,1042.0
2026-06-14,NOOD,SOUTHEAST,4081,505,7398.4,643,71,970.39
2026-06-14,NOOD,MIDWEST,3073,393,5646.55,451,54,772.83
2026-06-14,NOOD,WEST,4331,499,7431.08,653,70,933.03
2026-06-15,NOOD,NORTHEAST,4327,534,7750.9,691,80,1136.74
2026-06-15,NOOD,SOUTHEAST,3624,402,5714.95,600,77,1076.45
2026-06-15,NOOD,MIDWEST,3272,421,5992.9,612,75,1090.79
2026-06-15,NOOD,WEST,4737,573,8312.25,778,80,1131.78
2026-06-16,NOOD,NORTHEAST,4132,506,7446.17,612,59,824.55
2026-06-16,NOOD,SOUTHEAST,3397,407,6050.82,526,62,863.06
2026-06-16,NOOD,MIDWEST,3218,391,5635.26,556,56,798.61
2026-06-16,NOOD,WEST,4339,554,8301.3,792,88,1206.58
2026-06-17,NOOD,NORTHEAST,4041,482,7275.45,645,80,1059.39
2026-06-17,NOOD,SOUTHEAST,3318,410,5873.14,520,59,823.19
2026-06-17,NOOD,MIDWEST,3412,475,6944.28,518,63,860.67
2026-06-17,NOOD,WEST,4573,556,8188.95,823,95,1325.07
2026-06-18,NOOD,NORTHEAST,3791,457,6776.33,638,61,830.73
2026-06-18,NOOD,SOUTHEAST,3948,497,7277.74,648,76,1134.41
2026-06-18,NOOD,MIDWEST,3409,398,5791.86,473,58,842.95
2026-06-18,NOOD,WEST,4933,552,7843.08,787,86,1228.83
2026-06-19,NOOD,NORTHEAST,4117,456,6901.85,781,97,1347.56
2026-06-19,NOOD,SOUTHEAST,3669,421,6293.02,568,63,850.19
2026-06-19,NOOD,MIDWEST,3026,375,5364.6,438,49,704.61
2026-06-19,NOOD,WEST,4400,526,7731.82,672,73,1042.57
2026-06-20,NOOD,NORTHEAST,4006,435,6497.07,681,82,1125.12
2026-06-20,NOOD,SOUTHEAST,3766,427,6329.18,608,69,931.55
2026-06-20,NOOD,MIDWEST,3026,359,5410.59,550,58,840.91
2026-06-20,NOOD,WEST,4296,514,7887.83,827,92,1237.8
2026-06-21,NOOD,NORTHEAST,3806,441,6083.44,605,64,929.8
2026-06-21,NOOD,SOUTHEAST,3729,442,6366.28,554,62,832.17
2026-06-21,NOOD,MIDWEST,3075,357,5256.71,513,54,730.41
2026-06-21,NOOD,WEST,4668,529,7968.43,723,80,1108.2
2026-06-22,NOOD,NORTHEAST,3996,470,6881.14,564,60,871.37
2026-06-22,NOOD,SOUTHEAST,3580,426,6442.59,602,61,895.42
2026-06-22,NOOD,MIDWEST,3253,366,5437.47,534,58,789.76
2026-06-22,NOOD,WEST,4162,522,7776.78,767,84,1209.99
2026-06-23,NOOD,NORTHEAST,4461,489,7086.09,722,78,1085.07
2026-06-23,NOOD,SOUTHEAST,3600,420,6260.79,571,66,946.79
2026-06-23,NOOD,MIDWEST,3186,355,5126.97,503,53,779.53
2026-06-23,NOOD,WEST,4481,524,7951.97,711,77,1026.0
2026-06-24,NOOD,NORTHEAST,4322,521,7501.56,675,75,1016.73
2026-06-24,NOOD,SOUTHEAST,3945,423,6428.05,605,67,944.93
2026-06-24,NOOD,MIDWEST,3133,369,5559.32,566,59,772.89
2026-06-24,NOOD,WEST,4461,542,7637.37,708,81,1074.38
2026-06-25,NOOD,NORTHEAST,3636,412,5836.69,641,68,985.89
2026-06-25,NOOD,SOUTHEAST,3504,364,5345.94,573,67,881.63
2026-06-25,NOOD,MIDWEST,3691,412,6026.19,584,60,830.5
2026-06-25,NOOD,WEST,4706,544,7886.58,781,83,1025.37
2026-06-26,NOOD,NORTHEAST,4435,554,8417.43,663,73,1015.89
2026-06-26,NOOD,SOUTHEAST,3894,464,6504.84,643,59,810.02
2026-06-26,NOOD,MIDWEST,3187,423,6367.94,634,73,961.56
2026-06-26,NOOD,WEST,4667,540,7988.92,675,86,1209.18
2026-06-27,NOOD,NORTHEAST,4232,548,8132.74,698,91,1301.41
2026-06-27,NOOD,SOUTHEAST,3639,425,6040.81,566,64,898.16
2026-06-27,NOOD,MIDWEST,3199,355,5138.91,647,76,1013.05
2026-06-27,NOOD,WEST,4258,474,7274.01,768,87,1189.22
2026-06-28,NOOD,NORTHEAST,3819,467,6524.82,688,71,959.92
2026-06-28,NOOD,SOUTHEAST,3497,379,5545.35,680,69,969.27
2026-06-28,NOOD,MIDWEST,3268,414,6226.21,589,64,850.87
2026-06-28,NOOD,WEST,4838,541,8134.84,914,99,1350.52
2026-06-29,NOOD,NORTHEAST,4150,454,6918.55,743,77,1113.26
2026-06-29,NOOD,SOUTHEAST,3785,478,7047.46,642,78,1123.9
2026-06-29,NOOD,MIDWEST,3444,412,6196.82,551,69,969.51
2026-06-29,NOOD,WEST,4819,534,8075.65,745,92,1275.32
2026-06-30,NOOD,NORTHEAST,4288,548,8459.12,698,80,1083.79
2026-06-30,NOOD,SOUTHEAST,4026,481,7342.7,654,72,1005.36
2026-06-30,NOOD,MIDWEST,3553,426,6092.82,653,62,836.43
2026-06-30,NOOD,WEST,4487,552,8238.11,822,85,1161.44
2026-07-01,NOOD,NORTHEAST,4207,563,8934.59,731,75,1053.89
2026-07-01,NOOD,SOUTHEAST,3747,448,6533.94,683,75,1083.55
2026-07-01,NOOD,MIDWEST,3078,363,5260.09,546,54,741.6
2026-07-01,NOOD,WEST,4485,521,7842.56,727,85,1220.62
2026-07-02,NOOD,NORTHEAST,4193,480,6655.34,655,68,929.4
2026-07-02,NOOD,SOUTHEAST,3949,509,7523.79,578,73,1006.74
2026-07-02,NOOD,MIDWEST,3496,390,5588.62,625,66,916.43
2026-07-02,NOOD,WEST,4828,580,8532.27,812,90,1237.96
2026-07-03,NOOD,NORTHEAST,4287,534,7914.41,745,81,1095.98
2026-07-03,NOOD,SOUTHEAST,3800,447,6320.68,590,57,839.21
2026-07-03,NOOD,MIDWEST,3569,457,6584.34,504,56,829.76
2026-07-03,NOOD,WEST,4476,523,7619.21,973,118,1659.11
2026-07-04,NOOD,NORTHEAST,4212,470,7265.76,659,79,1075.81
2026-07-04,NOOD,SOUTHEAST,3756,466,6627.62,707,69,1035.86
2026-07-04,NOOD,MIDWEST,3608,409,5915.9,637,76,987.38
2026-07-04,NOOD,WEST,4130,493,7338.08,819,94,1343.76
2026-07-05,NOOD,NORTHEAST,3792,451,6619.2,712,85,1190.88
2026-07-05,NOOD,SOUTHEAST,3874,436,6114.42,751,100,1434.1
2026-07-05,NOOD,MIDWEST,3474,390,5565.16,560,64,905.8
2026-07-05,NOOD,WEST,4343,521,7620.1,930,112,1543.23
2026-07-06,NOOD,NORTHEAST,4570,563,8268.27,794,88,1266.87
2026-07-06,NOOD,SOUTHEAST,3210,388,5659.76,629,78,1134.6
2026-07-06,NOOD,MIDWEST,3403,426,6368.7,645,66,898.85
2026-07-06,NOOD,WEST,4469,498,7603.53,772,86,1138.3
2026-07-07,NOOD,NORTHEAST,3982,510,7690.45,736,81,1189.45
2026-07-07,NOOD,SOUTHEAST,3610,387,5443.35,729,75,987.18
2026-07-07,NOOD,MIDWEST,3245,393,5535.19,549,63,815.83
2026-07-07,NOOD,WEST,4758,573,8102.26,913,110,1527.59
2026-07-08,NOOD,NORTHEAST,3828,427,6361.51,669,68,954.86
2026-07-08,NOOD,SOUTHEAST,3805,464,6857.46,647,78,1046.11
2026-07-08,NOOD,MIDWEST,3421,413,5911.38,634,79,1025.07
2026-07-08,NOOD,WEST,4403,492,7288.98,840,92,1237.15
2026-07-09,NOOD,NORTHEAST,3751,445,6300.25,741,81,1192.17
2026-07-09,NOOD,SOUTHEAST,3838,443,6713.95,708,85,1207.61
2026-07-09,NOOD,MIDWEST,3624,444,6453.84,639,80,1088.76
2026-07-09,NOOD,WEST,4365,566,8452.68,804,106,1530.57
2026-07-10,NOOD,NORTHEAST,3929,421,6317.15,805,84,1167.81
2026-07-10,NOOD,SOUTHEAST,3785,447,6310.56,744,98,1374.26
2026-07-10,NOOD,MIDWEST,3196,368,5298.99,654,73,1097.84
2026-07-10,NOOD,WEST,4561,520,7416.99,814,89,1219.21
2026-07-11,NOOD,NORTHEAST,4098,524,7912.89,837,96,1275.46
2026-07-11,NOOD,SOUTHEAST,3865,439,6089.0,746,87,1166.67
2026-07-11,NOOD,MIDWEST,3473,453,6351.9,655,80,1187.52
2026-07-11,NOOD,WEST,4158,553,7997.5,836,102,1347.21
2026-07-12,NOOD,NORTHEAST,4074,500,6819.88,727,88,1190.36
2026-07-12,NOOD,SOUTHEAST,3612,411,6309.48,700,86,1174.35
2026-07-12,NOOD,MIDWEST,3073,297,4305.71,616,68,901.18
2026-07-12,NOOD,WEST,4722,522,7609.21,896,93,1322.99
2026-07-13,NOOD,NORTHEAST,4300,491,6976.52,638,74,1053.33
2026-07-13,NOOD,SOUTHEAST,3662,457,6474.48,752,80,1132.73
2026-07-13,NOOD,MIDWEST,3515,396,5923.6,646,74,1075.33
2026-07-13,NOOD,WEST,4184,503,7168.16,843,100,1433.99
2026-07-14,NOOD,NORTHEAST,4025,435,6719.9,746,92,1311.7
2026-07-14,NOOD,SOUTHEAST,3575,441,6752.18,713,77,1021.07
2026-07-14,NOOD,MIDWEST,3162,392,5776.47,684,77,1082.2
2026-07-14,NOOD,WEST,4183,476,7022.93,690,71,1012.1
2026-07-15,NOOD,NORTHEAST,4088,417,6162.56,714,72,1021.89
2026-07-15,NOOD,SOUTHEAST,3301,391,5563.67,659,68,964.51
2026-07-15,NOOD,MIDWEST,3391,435,6145.76,594,68,991.86
2026-07-15,NOOD,WEST,4525,523,7925.21,763,82,1098.51
2026-07-16,NOOD,NORTHEAST,4269,519,8226.48,793,90,1213.28
2026-07-16,NOOD,SOUTHEAST,3720,433,6535.53,673,82,1122.81
2026-07-16,NOOD,MIDWEST,3514,430,6373.05,621,79,1135.05
2026-07-16,NOOD,WEST,4589,540,7810.58,772,86,1199.29
2026-07-17,NOOD,NORTHEAST,4191,494,7795.9,855,99,1404.08
2026-07-17,NOOD,SOUTHEAST,3903,418,5980.15,751,99,1282.16
2026-07-17,NOOD,MIDWEST,3364,394,5703.41,696,85,1259.05
2026-07-17,NOOD,WEST,4606,578,8536.4,890,101,1369.95
2026-07-18,NOOD,NORTHEAST,4028,461,6960.64,698,84,1264.48
2026-07-18,NOOD,SOUTHEAST,3943,485,7158.89,669,82,1112.47
2026-07-18,NOOD,MIDWEST,3263,358,5287.6,621,72,1017.5
2026-07-18,NOOD,WEST,4280,463,6579.93,846,90,1264.98
2026-07-19,NOOD,NORTHEAST,4451,547,8310.54,821,89,1226.35
2026-07-19,NOOD,SOUTHEAST,3516,397,5823.25,738,83,1229.48
2026-07-19,NOOD,MIDWEST,3447,460,6600.56,678,79,976.69
2026-07-19,NOOD,WEST,4621,542,7591.42,727,97,1414.96
2026-07-20,NOOD,NORTHEAST,3989,464,6482.21,887,101,1329.69
2026-07-20,NOOD,SOUTHEAST,3485,447,6423.51,813,90,1205.4
2026-07-20,NOOD,MIDWEST,3087,392,5512.33,588,69,962.93
2026-07-20,NOOD,WEST,4555,563,8524.7,825,83,1098.2
2026-07-21,NOOD,NORTHEAST,4265,479,6815.98,808,91,1191.5
2026-07-21,NOOD,SOUTHEAST,3782,454,6575.97,784,105,1522.06
2026-07-21,NOOD,MIDWEST,3262,379,5627.04,617,66,920.26
2026-07-21,NOOD,WEST,4402,553,8260.2,928,98,1366.45
2026-07-22,NOOD,NORTHEAST,4314,549,7589.0,901,92,1298.65
2026-07-22,NOOD,SOUTHEAST,3686,423,6130.33,790,92,1318.08
2026-07-22,NOOD,MIDWEST,3289,430,6110.08,655,77,1100.65
2026-07-22,NOOD,WEST,4373,563,8293.61,831,101,1470.33
2026-07-23,NOOD,NORTHEAST,4547,524,7432.12,878,109,1610.31
2026-07-23,NOOD,SOUTHEAST,3460,383,5668.6,742,80,1097.25
2026-07-23,NOOD,MIDWEST,3102,387,5817.9,624,68,1029.8
2026-07-23,NOOD,WEST,4254,459,6656.89,822,98,1311.08
2026-07-24,NOOD,NORTHEAST,4074,448,6392.92,755,94,1281.97
2026-07-24,NOOD,SOUTHEAST,3619,430,6407.02,648,72,1024.64
2026-07-24,NOOD,MIDWEST,3505,396,5837.29,666,71,1020.27
2026-07-24,NOOD,WEST,4348,513,7496.46,969,96,1341.68
2026-07-25,NOOD,NORTHEAST,4322,508,7752.83,848,89,1211.07
2026-07-25,NOOD,SOUTHEAST,3781,435,6244.74,714,83,1200.49
2026-07-25,NOOD,MIDWEST,3162,348,5192.52,676,77,999.76
2026-07-25,NOOD,WEST,4733,532,7859.4,959,97,1337.71
2026-07-26,NOOD,NORTHEAST,4110,510,7782.01,900,117,1500.79
2026-07-26,NOOD,SOUTHEAST,4133,474,6908.88,702,86,1257.33
2026-07-26,NOOD,MIDWEST,3219,389,5714.03,672,76,1079.85
2026-07-26,NOOD,WEST,4560,573,8452.57,778,87,1173.39
2026-07-27,NOOD,NORTHEAST,4124,465,6905.19,834,86,1247.29
2026-07-27,NOOD,SOUTHEAST,3874,495,7408.18,729,77,1021.99
2026-07-27,NOOD,MIDWEST,3142,384,5751.74,633,72,1036.59
2026-07-27,NOOD,WEST,4257,538,7777.49,964,104,1412.52
2026-07-28,NOOD,NORTHEAST,4168,500,7502.34,897,98,1295.28
2026-07-28,NOOD,SOUTHEAST,3690,470,6866.19,699,82,1187.9
2026-07-28,NOOD,MIDWEST,3318,370,5448.99,781,93,1368.73
2026-07-28,NOOD,WEST,4614,586,8597.85,885,125,1737.29
2026-07-29,NOOD,NORTHEAST,3825,446,6131.76,790,82,1159.28
2026-07-29,NOOD,SOUTHEAST,3555,420,6029.95,760,93,1280.93
2026-07-29,NOOD,MIDWEST,3398,374,5622.79,763,113,1670.58
2026-07-29,NOOD,WEST,4796,591,8849.18,1002,110,1599.95
2026-07-30,NOOD,NORTHEAST,3712,451,6642.44,786,89,1211.87
2026-07-30,NOOD,SOUTHEAST,3800,485,6664.79,800,92,1301.8
2026-07-30,NOOD,MIDWEST,3356,379,5506.0,680,86,1228.21
2026-07-30,NOOD,WEST,4059,478,7213.44,871,110,1478.07
2026-07-31,NOOD,NORTHEAST,4205,510,7648.95,792,84,1160.79
2026-07-31,NOOD,SOUTHEAST,4046,474,6850.85,726,78,1112.65
2026-07-31,NOOD,MIDWEST,3296,359,5337.04,736,81,1168.51
2026-07-31,NOOD,WEST,4684,537,7945.14,923,116,1656.81
2026-08-01,NOOD,NORTHEAST,4264,488,6915.86,757,86,1115.9
2026-08-01,NOOD,SOUTHEAST,3875,496,6886.95,788,81,1156.5
2026-08-01,NOOD,MIDWEST,3242,373,5622.39,630,78,1041.67
2026-08-01,NOOD,WEST,4579,610,8647.23,865,109,1529.47
2026-08-02,NOOD,NORTHEAST,4378,535,8037.34,931,93,1322.63
2026-08-02,NOOD,SOUTHEAST,3803,469,6911.11,778,97,1324.7
2026-08-02,NOOD,MIDWEST,3152,416,6014.4,611,77,1054.43
2026-08-02,NOOD,WEST,4503,522,7242.65,1072,132,1876.2
2026-08-03,NOOD,NORTHEAST,3957,464,6776.33,868,91,1343.16
2026-08-03,NOOD,SOUTHEAST,3813,459,6787.84,787,96,1355.04
2026-08-03,NOOD,MIDWEST,3261,448,6691.76,742,93,1224.74
2026-08-03,NOOD,WEST,4786,515,7559.89,935,91,1346.38
2026-08-04,NOOD,NORTHEAST,4173,499,7207.36,1076,106,1501.19
2026-08-04,NOOD,SOUTHEAST,3628,458,6330.29,786,88,1275.43
2026-08-04,NOOD,MIDWEST,3290,369,5476.42,718,93,1292.44
2026-08-04,NOOD,WEST,4526,520,7450.11,932,111,1582.98
2026-08-05,NOOD,NORTHEAST,4326,569,8565.72,937,110,1572.5
2026-08-05,NOOD,SOUTHEAST,3689,419,5919.86,797,96,1296.91
2026-08-05,NOOD,MIDWEST,3417,429,6230.39,670,80,1194.21
2026-08-05,NOOD,WEST,4514,531,7684.38,961,111,1625.75
2026-08-06,NOOD,NORTHEAST,4189,467,7240.64,818,92,1234.82
2026-08-06,NOOD,SOUTHEAST,3709,461,6740.76,731,93,1385.65
2026-08-06,NOOD,MIDWEST,3407,408,5942.21,766,79,1135.24
2026-08-06,NOOD,WEST,4265,480,7368.89,1010,115,1531.15
2026-08-07,NOOD,NORTHEAST,4093,490,7454.57,742,97,1333.9
2026-08-07,NOOD,SOUTHEAST,3630,426,5983.46,866,98,1345.76
2026-08-07,NOOD,MIDWEST,3252,359,5271.25,791,91,1282.92
2026-08-07,NOOD,WEST,4990,579,8475.3,945,111,1631.97
2026-08-08,NOOD,NORTHEAST,4309,505,7482.08,781,81,1123.99
2026-08-08,NOOD,SOUTHEAST,3851,436,6451.0,897,111,1597.36
2026-08-08,NOOD,MIDWEST,3036,359,5195.05,728,75,1097.69
2026-08-08,NOOD,WEST,4611,575,8399.84,911,110,1636.47
2026-08-09,NOOD,NORTHEAST,4181,525,8217.41,996,110,1434.74
2026-08-09,NOOD,SOUTHEAST,3914,431,6099.69,658,86,1207.68
2026-08-09,NOOD,MIDWEST,3202,405,5981.0,713,75,1054.78
2026-08-09,NOOD,WEST,4585,539,7460.43,994,122,1633.77
2026-08-10,NOOD,NORTHEAST,4436,558,7773.9,782,81,1104.07
2026-08-10,NOOD,SOUTHEAST,3713,438,6799.65,940,117,1709.53
2026-08-10,NOOD,MIDWEST,3390,441,6581.48,703,87,1232.29
2026-08-10,NOOD,WEST,4245,467,6559.69,937,97,1313.7
2026-08-11,NOOD,NORTHEAST,4264,566,8464.35,1029,114,1578.86
2026-08-11,NOOD,SOUTHEAST,3794,426,6406.46,886,107,1532.24
2026-08-11,NOOD,MIDWEST,3361,402,5345.74,668,77,998.5
2026-08-11,NOOD,WEST,4812,517,7726.39,1068,125,1727.8
2026-08-12,NOOD,NORTHEAST,4541,566,8207.1,941,103,1490.55
2026-08-12,NOOD,SOUTHEAST,3840,479,6690.27,836,90,1306.87
2026-08-12,NOOD,MIDWEST,2993,350,4977.66,824,100,1401.78
2026-08-12,NOOD,WEST,4397,565,8036.57,1084,128,1793.53
2026-08-13,NOOD,NORTHEAST,3944,460,6516.65,906,100,1338.58
2026-08-13,NOOD,SOUTHEAST,3538,475,6881.63,885,95,1324.24
2026-08-13,NOOD,MIDWEST,3163,388,5609.79,737,81,1157.13
2026-08-13,NOOD,WEST,4745,600,8921.04,846,98,1467.21
2026-08-14,NOOD,NORTHEAST,3970,509,7356.49,984,107,1393.63
2026-08-14,NOOD,SOUTHEAST,3632,450,6455.1,783,89,1231.17
2026-08-14,NOOD,MIDWEST,3329,401,5903.73,749,82,1150.57
2026-08-14,NOOD,WEST,4506,538,8304.02,1133,111,1564.06
2026-08-15,NOOD,NORTHEAST,3667,441,6126.52,962,115,1586.32
2026-08-15,NOOD,SOUTHEAST,3855,464,6951.75,800,94,1247.37
2026-08-15,NOOD,MIDWEST,3231,398,5906.95,833,90,1226.18
2026-08-15,NOOD,WEST,4389,524,7796.49,941,122,1765.51
2026-08-16,NOOD,NORTHEAST,4227,555,8049.42,839,97,1366.82
2026-08-16,NOOD,SOUTHEAST,3643,465,6747.73,793,95,1407.36
2026-08-16,NOOD,MIDWEST,2971,346,5099.35,714,87,1202.35
2026-08-16,NOOD,WEST,4641,581,8281.78,672,72,994.15
2026-08-17,NOOD,NORTHEAST,4454,502,7176.84,824,82,1165.92
2026-08-17,NOOD,SOUTHEAST,3758,397,5628.23,850,100,1358.14
2026-08-17,NOOD,MIDWEST,3320,379,5467.38,717,84,1174.13
2026-08-17,NOOD,WEST,4279,540,8240.1,983,121,1758.46
2026-08-18,NOOD,NORTHEAST,4069,475,6876.96,970,97,1316.5
2026-08-18,NOOD,SOUTHEAST,3755,471,6719.06,877,89,1224.49
2026-08-18,NOOD,MIDWEST,3547,472,6808.14,651,74,1013.62
2026-08-18,NOOD,WEST,4262,553,7506.05,1065,108,1609.93
2026-08-19,NOOD,NORTHEAST,3679,411,5995.09,931,101,1337.87
2026-08-19,NOOD,SOUTHEAST,3736,463,6700.48,921,107,1500.42
2026-08-19,NOOD,MIDWEST,3231,390,5868.46,593,72,1006.43
2026-08-19,NOOD,WEST,4778,584,8637.39,999,114,1528.5
2026-08-20,NOOD,NORTHEAST,4128,502,7457.19,862,96,1272.05
2026-08-20,NOOD,SOUTHEAST,3728,435,6252.44,755,75,1044.37
2026-08-20,NOOD,MIDWEST,3378,367,5384.59,792,82,1169.03
2026-08-20,NOOD,WEST,4288,558,7823.63,1063,129,1818.92
2026-08-21,NOOD,NORTHEAST,4031,448,6644.04,888,102,1492.43
2026-08-21,NOOD,SOUTHEAST,3788,469,6434.66,867,101,1431.01
2026-08-21,NOOD,MIDWEST,3405,385,5692.24,724,83,1089.01
2026-08-21,NOOD,WEST,4420,491,7323.37,1013,123,1814.12
2026-08-22,NOOD,NORTHEAST,4046,463,7126.7,937,112,1511.07
2026-08-22,NOOD,SOUTHEAST,3816,419,6090.56,818,92,1255.71
2026-08-22,NOOD,MIDWEST,3223,347,5220.51,685,77,1055.15
2026-08-22,NOOD,WEST,4306,516,7548.1,896,104,1477.48
2026-08-23,NOOD,NORTHEAST,4047,503,6919.53,985,112,1511.4
2026-08-23,NOOD,SOUTHEAST,3610,471,7504.23,828,92,1262.17
2026-08-23,NOOD,MIDWEST,3486,417,5987.16,771,97,1411.01
2026-08-23,NOOD,WEST,4870,508,7522.42,1054,114,1506.71
2026-08-24,NOOD,NORTHEAST,3842,423,6476.73,983,114,1618.97
2026-08-24,NOOD,SOUTHEAST,3559,429,6324.87,787,71,1044.97
2026-08-24,NOOD,MIDWEST,3306,377,5568.38,640,75,978.99
2026-08-24,NOOD,WEST,4964,616,9196.49,1064,120,1699.46
2026-08-25,NOOD,NORTHEAST,4208,529,7513.95,944,114,1702.32
2026-08-25,NOOD,SOUTHEAST,3760,428,6307.66,849,94,1314.95
2026-08-25,NOOD,MIDWEST,3776,458,6700.33,812,92,1291.06
2026-08-25,NOOD,WEST,4408,567,8402.43,1051,111,1595.06
2026-08-26,NOOD,NORTHEAST,4308,578,8456.8,1016,114,1585.16
2026-08-26,NOOD,SOUTHEAST,3639,494,7245.58,828,101,1415.01
2026-08-26,NOOD,MIDWEST,3365,391,5791.17,714,78,1061.91
2026-08-26,NOOD,WEST,4300,529,7498.73,1132,137,1833.11
2026-08-27,NOOD,NORTHEAST,4035,482,7335.7,969,122,1741.4
2026-08-27,NOOD,SOUTHEAST,3697,502,7515.54,847,95,1419.85
2026-08-27,NOOD,MIDWEST,3204,370,5149.99,803,91,1231.61
2026-08-27,NOOD,WEST,4463,546,7573.44,1115,100,1328.47
2026-08-28,NOOD,NORTHEAST,4150,568,8500.12,1084,122,1676.07
2026-08-28,NOOD,SOUTHEAST,3657,436,6762.57,807,87,1190.64
2026-08-28,NOOD,MIDWEST,2902,357,5431.96,819,87,1225.75
2026-08-28,NOOD,WEST,4641,550,7853.19,1044,113,1573.8
2026-08-29,NOOD,NORTHEAST,4099,490,7456.29,956,94,1288.79
2026-08-29,NOOD,SOUTHEAST,3801,488,6916.22,787,103,1522.46
2026-08-29,NOOD,MIDWEST,3216,406,6538.21,802,89,1156.07
2026-08-29,NOOD,WEST,4682,513,7511.39,1056,116,1726.88
2026-08-30,NOOD,NORTHEAST,4265,429,6200.47,1044,107,1407.39
2026-08-30,NOOD,SOUTHEAST,3598,401,5766.14,881,82,1158.37
2026-08-30,NOOD,MIDWEST,3502,435,6601.58,656,74,940.29
2026-08-30,NOOD,WEST,4578,542,8091.69,1078,113,1595.61
2026-03-02,CHIK,NORTHEAST,4314,811,11990.86,212,24,335.04
2026-03-02,CHIK,SOUTHEAST,3229,667,9472.49,182,19,260.97
2026-03-02,CHIK,MIDWEST,2968,571,8385.49,171,19,265.81
2026-03-02,CHIK,WEST,4190,822,11609.9,241,24,343.9
2026-03-03,CHIK,NORTHEAST,4175,834,11765.56,218,25,343.55
2026-03-03,CHIK,SOUTHEAST,3838,653,9495.62,190,20,280.39
2026-03-03,CHIK,MIDWEST,3469,714,9893.94,159,17,226.37
2026-03-03,CHIK,WEST,4418,811,11526.92,199,27,370.33
2026-03-04,CHIK,NORTHEAST,4024,742,10297.39,199,24,327.05
2026-03-04,CHIK,SOUTHEAST,3703,687,9798.14,212,21,289.75
2026-03-04,CHIK,MIDWEST,3538,605,9026.82,182,20,265.46
2026-03-04,CHIK,WEST,4184,791,10787.27,231,29,400.41
2026-03-05,CHIK,NORTHEAST,4298,866,12527.82,220,24,331.44
2026-03-05,CHIK,SOUTHEAST,3680,741,10669.1,193,21,281.48
2026-03-05,CHIK,MIDWEST,3557,626,9167.44,195,24,312.16
2026-03-05,CHIK,WEST,4679,818,11709.73,228,28,386.82
2026-03-06,CHIK,NORTHEAST,4217,762,11326.64,232,24,351.93
2026-03-06,CHIK,SOUTHEAST,4119,723,10155.47,202,25,360.51
2026-03-06,CHIK,MIDWEST,3333,638,8929.67,197,22,324.01
2026-03-06,CHIK,WEST,4301,809,11686.77,248,26,350.34
2026-03-07,CHIK,NORTHEAST,4344,879,12404.01,263,28,354.37
2026-03-07,CHIK,SOUTHEAST,3728,703,10230.43,218,20,275.99
2026-03-07,CHIK,MIDWEST,3173,511,7094.55,177,21,275.23
2026-03-07,CHIK,WEST,4648,875,12816.49,300,35,538.16
2026-03-08,CHIK,NORTHEAST,4211,774,11116.75,268,35,467.7
2026-03-08,CHIK,SOUTHEAST,3261,597,8410.47,199,22,294.2
2026-03-08,CHIK,MIDWEST,3593,757,10704.9,193,25,356.36
2026-03-08,CHIK,WEST,4338,844,11608.53,282,36,458.25
2026-03-09,CHIK,NORTHEAST,3826,693,10167.12,252,26,361.4
2026-03-09,CHIK,SOUTHEAST,4008,718,10576.21,212,22,306.17
2026-03-09,CHIK,MIDWEST,3146,613,8676.46,188,18,265.9
2026-03-09,CHIK,WEST,4648,885,12736.66,261,31,419.95
2026-03-10,CHIK,NORTHEAST,4288,832,12122.17,251,25,375.12
2026-03-10,CHIK,SOUTHEAST,3588,587,8309.27,184,19,262.78
2026-03-10,CHIK,MIDWEST,3066,547,7841.11,188,23,325.0
2026-03-10,CHIK,WEST,4379,755,10904.18,269,27,375.67
2026-03-11,CHIK,NORTHEAST,4141,675,9217.01,241,30,413.38
2026-03-11,CHIK,SOUTHEAST,3855,638,8697.97,231,27,378.11
2026-03-11,CHIK,MIDWEST,3229,556,8331.59,223,24,330.28
2026-03-11,CHIK,WEST,4455,809,11242.4,307,35,497.22
2026-03-12,CHIK,NORTHEAST,4111,816,11861.41,261,24,332.44
2026-03-12,CHIK,SOUTHEAST,3677,721,10805.64,204,21,269.77
2026-03-12,CHIK,MIDWEST,3298,655,9435.55,209,24,329.14
2026-03-12,CHIK,WEST,4766,968,14034.27,282,32,422.1
2026-03-13,CHIK,NORTHEAST,4023,770,11119.26,320,37,486.06
2026-03-13,CHIK,SOUTHEAST,3695,755,11076.36,239,28,394.39
2026-03-13,CHIK,MIDWEST,3274,600,8051.98,214,24,322.58
2026-03-13,CHIK,WEST,4965,974,13490.19,265,32,429.76
2026-03-14,CHIK,NORTHEAST,4117,763,10746.71,255,33,453.51
2026-03-14,CHIK,SOUTHEAST,3775,719,10213.53,258,28,379.37
2026-03-14,CHIK,MIDWEST,3514,687,9796.01,217,23,315.53
2026-03-14,CHIK,WEST,4412,884,12157.51,338,38,501.2
2026-03-15,CHIK,NORTHEAST,4249,769,10549.16,266,30,401.74
2026-03-15,CHIK,SOUTHEAST,3637,702,10373.09,259,33,483.41
2026-03-15,CHIK,MIDWEST,3366,641,9070.2,248,27,363.95
2026-03-15,CHIK,WEST,4344,831,11738.48,326,36,497.58
2026-03-16,CHIK,NORTHEAST,4021,831,12007.86,305,35,465.9
2026-03-16,CHIK,SOUTHEAST,3740,700,10131.22,244,29,382.55
2026-03-16,CHIK,MIDWEST,3051,589,8399.58,220,26,363.99
2026-03-16,CHIK,WEST,4694,869,12581.23,315,34,506.89
2026-03-17,CHIK,NORTHEAST,3850,769,11210.68,289,31,406.27
2026-03-17,CHIK,SOUTHEAST,3625,674,9306.99,300,33,451.06
2026-03-17,CHIK,MIDWEST,3154,555,8116.62,196,23,330.95
2026-03-17,CHIK,WEST,4734,942,13105.47,379,45,614.97
2026-03-18,CHIK,NORTHEAST,4002,706,10052.94,302,37,526.71
2026-03-18,CHIK,SOUTHEAST,3762,745,10236.88,282,33,465.29
2026-03-18,CHIK,MIDWEST,3280,625,8826.7,247,27,376.96
2026-03-18,CHIK,WEST,4591,886,12726.18,359,46,617.94
2026-03-19,CHIK,NORTHEAST,4133,754,10791.53,315,35,452.96
2026-03-19,CHIK,SOUTHEAST,3781,670,9641.77,267,34,490.34
2026-03-19,CHIK,MIDWEST,3247,601,8565.09,278,32,434.94
2026-03-19,CHIK,WEST,4458,787,11163.78,314,35,469.52
2026-03-20,CHIK,NORTHEAST,4983,862,12517.54,321,32,436.58
2026-03-20,CHIK,SOUTHEAST,3671,713,10870.32,292,33,444.83
2026-03-20,CHIK,MIDWEST,3185,563,8105.56,226,25,356.96
2026-03-20,CHIK,WEST,4493,937,13223.51,308,31,421.41
2026-03-21,CHIK,NORTHEAST,4216,770,11163.7,321,36,512.03
2026-03-21,CHIK,SOUTHEAST,3914,857,12324.92,280,28,394.39
2026-03-21,CHIK,MIDWEST,3480,636,9056.82,278,23,314.31
2026-03-21,CHIK,WEST,4572,776,10922.45,371,42,574.85
2026-03-22,CHIK,NORTHEAST,4118,827,11122.85,345,42,588.89
2026-03-22,CHIK,SOUTHEAST,3850,705,10007.95,258,26,354.79
2026-03-22,CHIK,MIDWEST,3217,613,8517.21,265,29,438.37
2026-03-22,CHIK,WEST,4946,946,13562.85,369,49,670.58
2026-03-23,CHIK,NORTHEAST,4368,769,10660.85,360,47,639.45
2026-03-23,CHIK,SOUTHEAST,3586,588,7983.83,279,26,365.71
2026-03-23,CHIK,MIDWEST,3389,583,8589.0,242,23,297.65
2026-03-23,CHIK,WEST,4496,800,11328.02,414,47,614.07
2026-03-24,CHIK,NORTHEAST,3840,714,10616.63,348,37,458.88
2026-03-24,CHIK,SOUTHEAST,3973,706,9451.22,344,42,581.47
2026-03-24,CHIK,MIDWEST,3333,566,7744.35,292,34,464.48
2026-03-24,CHIK,WEST,4866,957,13594.77,404,46,624.01
2026-03-25,CHIK,NORTHEAST,4120,693,9316.59,326,36,541.36
2026-03-25,CHIK,SOUTHEAST,3888,748,10820.78,296,33,444.3
2026-03-25,CHIK,MIDWEST,3307,576,8423.24,277,30,420.11
2026-03-25,CHIK,WEST,4888,979,13960.05,373,44,565.15
2026-03-26,CHIK,NORTHEAST,3865,722,10590.87,343,40,525.67
2026-03-26,CHIK,SOUTHEAST,3641,642,8842.95,310,37,528.21
2026-03-26,CHIK,MIDWEST,3706,744,10674.3,245,31,428.84
2026-03-26,CHIK,WEST,4625,868,12594.04,418,47,648.5
2026-03-27,CHIK,NORTHEAST,4047,685,9541.83,366,44,605.93
2026-03-27,CHIK,SOUTHEAST,3809,689,9934.46,324,38,520.21
2026-03-27,CHIK,MIDWEST,3329,648,9219.23,282,33,448.66
2026-03-27,CHIK,WEST,4668,876,12029.73,331,39,498.02
2026-03-28,CHIK,NORTHEAST,4491,826,11672.79,386,39,584.44
2026-03-28,CHIK,SOUTHEAST,3846,723,10075.44,332,37,522.94
2026-03-28,CHIK,MIDWEST,3185,548,8160.4,283,30,397.81
2026-03-28,CHIK,WEST,4266,883,12290.65,346,39,532.67
2026-03-29,CHIK,NORTHEAST,3841,653,9215.87,358,43,585.77
2026-03-29,CHIK,SOUTHEAST,3816,703,9871.23,317,39,569.71
2026-03-29,CHIK,MIDWEST,3642,684,10075.06,271,35,454.96
2026-03-29,CHIK,WEST,4861,822,11841.79,467,54,695.9
2026-03-30,CHIK,NORTHEAST,4132,816,11573.04,379,44,572.85
2026-03-30,CHIK,SOUTHEAST,4177,826,11420.05,348,41,578.89
2026-03-30,CHIK,MIDWEST,2934,554,8148.13,283,32,420.58
2026-03-30,CHIK,WEST,4674,916,13533.18,385,37,536.86
2026-03-31,CHIK,NORTHEAST,4007,710,9416.4,425,45,640.47
2026-03-31,CHIK,SOUTHEAST,3616,695,9952.63,355,38,543.16
2026-03-31,CHIK,MIDWEST,3438,570,8234.75,288,31,443.26
2026-03-31,CHIK,WEST,4617,947,14007.55,462,54,772.44
2026-04-01,CHIK,NORTHEAST,4058,803,11301.4,367,40,538.23
2026-04-01,CHIK,SOUTHEAST,3691,580,8627.11,361,41,590.46
2026-04-01,CHIK,MIDWEST,3311,561,7651.04,340,43,591.66
2026-04-01,CHIK,WEST,4770,888,12518.86,434,51,672.35
2026-04-02,CHIK,NORTHEAST,4029,789,10835.97,469,45,639.35
2026-04-02,CHIK,SOUTHEAST,3625,586,8634.21,344,43,573.73
2026-04-02,CHIK,MIDWEST,3542,642,9351.72,309,37,538.52
2026-04-02,CHIK,WEST,4577,858,12599.92,371,43,572.23
2026-04-03,CHIK,NORTHEAST,4183,877,12379.77,401,43,563.71
2026-04-03,CHIK,SOUTHEAST,4028,709,9803.28,374,40,549.77
2026-04-03,CHIK,MIDWEST,3325,633,8985.36,312,34,475.72
2026-04-03,CHIK,WEST,4714,833,10973.13,403,41,583.4
2026-04-04,CHIK,NORTHEAST,4457,878,11348.53,428,46,627.86
2026-04-04,CHIK,SOUTHEAST,3501,642,9241.43,334,42,556.73
2026-04-04,CHIK,MIDWEST,2981,572,8576.95,318,35,493.07
2026-04-04,CHIK,WEST,4542,870,12666.25,408,46,603.93
2026-04-05,CHIK,NORTHEAST,4547,897,12147.5,422,42,538.76
2026-04-05,CHIK,SOUTHEAST,3394,643,9224.35,351,39,560.68
2026-04-05,CHIK,MIDWEST,3479,630,9025.65,292,32,454.91
2026-04-05,CHIK,WEST,4481,814,11556.7,505,53,710.73
2026-04-06,CHIK,NORTHEAST,4163,759,10909.32,436,51,675.88
2026-04-06,CHIK,SOUTHEAST,3713,723,9858.27,405,43,627.91
2026-04-06,CHIK,MIDWEST,3120,610,8323.81,369,45,629.8
2026-04-06,CHIK,WEST,4391,769,10904.59,498,64,830.97
2026-04-07,CHIK,NORTHEAST,4277,748,10625.53,514,59,832.64
2026-04-07,CHIK,SOUTHEAST,3805,673,9798.65,417,42,546.02
2026-04-07,CHIK,MIDWEST,2987,511,7139.99,347,36,482.78
2026-04-07,CHIK,WEST,4811,869,11758.57,475,56,804.94
2026-04-08,CHIK,NORTHEAST,3988,754,11175.86,418,55,771.12
2026-04-08,CHIK,SOUTHEAST,3883,767,10914.82,378,45,635.11
2026-04-08,CHIK,MIDWEST,3063,581,7826.62,364,42,565.95
2026-04-08,CHIK,WEST,4946,886,12486.77,501,54,744.45
2026-04-09,CHIK,NORTHEAST,3896,700,9817.47,436,51,687.36
2026-04-09,CHIK,SOUTHEAST,3400,643,9093.94,370,40,529.72
2026-04-09,CHIK,MIDWEST,3076,587,8520.81,385,43,588.85
2026-04-09,CHIK,WEST,4636,920,13178.21,520,55,764.76
2026-04-10,CHIK,NORTHEAST,3823,706,9817.03,455,52,739.33
2026-04-10,CHIK,SOUTHEAST,3859,712,10487.36,394,49,682.62
2026-04-10,CHIK,MIDWEST,3076,569,8024.25,351,47,692.48
2026-04-10,CHIK,WEST,4580,851,12099.15,465,49,663.62
2026-04-11,CHIK,NORTHEAST,4050,735,10448.95,453,50,697.03
2026-04-11,CHIK,SOUTHEAST,3508,706,10302.87,400,48,688.85
2026-04-11,CHIK,MIDWEST,3689,620,9028.17,347,39,559.58
2026-04-11,CHIK,WEST,4228,765,10834.14,484,49,693.52
2026-04-12,CHIK,NORTHEAST,4182,795,10897.84,397,50,684.8
2026-04-12,CHIK,SOUTHEAST,4035,763,11008.78,449,47,655.09
2026-04-12,CHIK,MIDWEST,3235,570,8336.63,362,42,551.7
2026-04-12,CHIK,WEST,4259,831,11624.93,459,51,678.6
2026-04-13,CHIK,NORTHEAST,4244,758,10471.16,475,49,648.42
2026-04-13,CHIK,SOUTHEAST,3774,645,9116.37,377,36,495.95
2026-04-13,CHIK,MIDWEST,3359,644,9136.89,385,39,557.65
2026-04-13,CHIK,WEST,4743,866,12907.84,569,61,812.12
2026-04-14,CHIK,NORTHEAST,4567,855,11661.9,452,51,662.53
2026-04-14,CHIK,SOUTHEAST,3957,769,11423.71,442,62,848.5
2026-04-14,CHIK,MIDWEST,3365,636,8902.57,386,39,584.14
2026-04-14,CHIK,WEST,4469,756,10920.51,447,46,650.1
2026-04-15,CHIK,NORTHEAST,4188,712,10095.8,468,54,772.44
2026-04-15,CHIK,SOUTHEAST,3664,684,10033.5,440,50,691.75
2026-04-15,CHIK,MIDWEST,3460,593,8475.7,397,49,675.74
2026-04-15,CHIK,WEST,4608,865,12507.59,631,86,1136.9
2026-04-16,CHIK,NORTHEAST,4072,725,10328.36,501,55,751.23
2026-04-16,CHIK,SOUTHEAST,3795,650,9551.27,436,49,723.62
2026-04-16,CHIK,MIDWEST,3281,623,8405.25,386,43,551.15
2026-04-16,CHIK,WEST,4719,877,12843.07,582,68,940.63
2026-04-17,CHIK,NORTHEAST,4136,799,11269.22,548,61,828.2
2026-04-17,CHIK,SOUTHEAST,3479,671,9728.81,449,53,774.54
2026-04-17,CHIK,MIDWEST,3441,651,9319.07,434,53,731.96
2026-04-17,CHIK,WEST,4541,798,10938.63,521,60,827.14
2026-04-18,CHIK,NORTHEAST,3935,750,10253.22,486,46,602.84
2026-04-18,CHIK,SOUTHEAST,3641,646,8527.38,479,57,777.99
2026-04-18,CHIK,MIDWEST,3279,588,8476.4,426,50,680.84
2026-04-18,CHIK,WEST,4762,920,13065.04,602,72,976.42
2026-04-19,CHIK,NORTHEAST,4149,801,11791.07,542,58,791.86
2026-04-19,CHIK,SOUTHEAST,3698,686,9515.49,486,55,797.81
2026-04-19,CHIK,MIDWEST,3199,545,7711.41,338,38,522.85
2026-04-19,CHIK,WEST,4712,866,12924.5,593,67,947.13
2026-04-20,CHIK,NORTHEAST,3905,739,10344.45,499,59,812.39
2026-04-20,CHIK,SOUTHEAST,3883,713,10543.07,422,49,641.03
2026-04-20,CHIK,MIDWEST,3597,701,9872.84,368,45,654.56
2026-04-20,CHIK,WEST,4663,817,11661.81,680,67,946.62
2026-04-21,CHIK,NORTHEAST,4437,763,11178.34,457,50,636.57
2026-04-21,CHIK,SOUTHEAST,3866,647,9315.86,471,47,696.71
2026-04-21,CHIK,MIDWEST,3339,597,8114.48,448,53,746.83
2026-04-21,CHIK,WEST,4182,793,11806.53,572,63,872.09
2026-04-22,CHIK,NORTHEAST,4072,746,10243.32,524,53,690.39
2026-04-22,CHIK,SOUTHEAST,3907,787,10812.38,533,55,739.12
2026-04-22,CHIK,MIDWEST,3459,664,9238.28,437,44,581.14
2026-04-22,CHIK,WEST,4704,870,12561.48,637,68,935.0
2026-04-23,CHIK,NORTHEAST,4068,735,10400.38,528,56,738.54
2026-04-23,CHIK,SOUTHEAST,3469,676,9620.84,430,48,624.07
2026-04-23,CHIK,MIDWEST,3341,629,9176.69,389,46,612.63
2026-04-23,CHIK,WEST,4607,843,11932.03,594,75,994.47
2026-04-24,CHIK,NORTHEAST,4285,788,10974.22,443,45,602.55
2026-04-24,CHIK,SOUTHEAST,3995,721,10068.64,483,59,814.22
2026-04-24,CHIK,MIDWEST,3326,667,9749.23,492,59,828.24
2026-04-24,CHIK,WEST,4556,779,11226.37,613,60,797.54
2026-04-25,CHIK,NORTHEAST,4281,727,10978.05,517,59,830.15
2026-04-25,CHIK,SOUTHEAST,3768,698,9620.28,486,49,671.95
2026-04-25,CHIK,MIDWEST,3383,582,8074.83,442,49,692.78
2026-04-25,CHIK,WEST,4461,816,12081.39,679,86,1195.82
2026-04-26,CHIK,NORTHEAST,4235,823,11728.27,572,72,997.39
2026-04-26,CHIK,SOUTHEAST,3815,653,8797.97,508,66,936.77
2026-04-26,CHIK,MIDWEST,3249,615,8612.41,415,40,532.32
2026-04-26,CHIK,WEST,4730,853,12718.86,522,59,820.44
2026-04-27,CHIK,NORTHEAST,4160,734,10589.84,578,73,990.13
2026-04-27,CHIK,SOUTHEAST,3844,684,9840.06,456,54,689.22
2026-04-27,CHIK,MIDWEST,3296,532,7375.17,379,41,584.66
2026-04-27,CHIK,WEST,4361,718,10897.46,581,67,886.85
2026-04-28,CHIK,NORTHEAST,3928,718,10111.43,598,67,936.66
2026-04-28,CHIK,SOUTHEAST,3641,697,9918.36,488,58,790.45
2026-04-28,CHIK,MIDWEST,2983,510,7404.86,431,44,641.35
2026-04-28,CHIK,WEST,4198,768,11001.91,614,71,922.42
2026-04-29,CHIK,NORTHEAST,4134,759,11509.28,527,59,778.82
2026-04-29,CHIK,SOUTHEAST,3863,709,10063.34,497,57,768.32
2026-04-29,CHIK,MIDWEST,3730,707,9779.03,426,48,606.54
2026-04-29,CHIK,WEST,4628,795,11510.73,658,77,1112.64
2026-04-30,CHIK,NORTHEAST,3864,734,10328.83,605,61,880.31
2026-04-30,CHIK,SOUTHEAST,3818,699,9683.2,542,60,795.12
2026-04-30,CHIK,MIDWEST,3284,635,8927.01,490,55,736.72
2026-04-30,CHIK,WEST,4529,813,11543.24,604,70,972.73
2026-05-01,CHIK,NORTHEAST,4136,686,9915.99,660,83,1147.45
2026-05-01,CHIK,SOUTHEAST,3473,659,9302.33,541,62,823.26
2026-05-01,CHIK,MIDWEST,3182,566,7680.02,446,49,608.23
2026-05-01,CHIK,WEST,4588,880,11919.1,602,70,944.07
2026-05-02,CHIK,NORTHEAST,3964,662,9231.2,638,75,1048.77
2026-05-02,CHIK,SOUTHEAST,3690,716,10490.93,574,60,859.13
2026-05-02,CHIK,MIDWEST,3464,608,8705.96,426,47,648.87
2026-05-02,CHIK,WEST,4268,759,11105.58,585,69,951.88
2026-05-03,CHIK,NORTHEAST,4566,865,12391.97,543,62,861.02
2026-05-03,CHIK,SOUTHEAST,3961,757,10656.03,541,56,782.02
2026-05-03,CHIK,MIDWEST,3208,591,8348.58,407,52,748.81
2026-05-03,CHIK,WEST,4521,790,11574.57,711,86,1113.03
2026-05-04,CHIK,NORTHEAST,3864,667,9670.25,647,82,1078.77
2026-05-04,CHIK,SOUTHEAST,3849,691,9963.99,557,60,842.12
2026-05-04,CHIK,MIDWEST,3498,698,9804.89,483,67,895.48
2026-05-04,CHIK,WEST,4875,920,13067.99,747,97,1354.76
2026-05-05,CHIK,NORTHEAST,4178,716,10134.32,578,68,932.83
2026-05-05,CHIK,SOUTHEAST,3994,713,10560.9,577,71,884.44
2026-05-05,CHIK,MIDWEST,3223,544,7802.84,516,66,912.76
2026-05-05,CHIK,WEST,4651,893,12611.87,626,70,893.99
2026-05-06,CHIK,NORTHEAST,3667,696,9444.35,620,74,1066.7
2026-05-06,CHIK,SOUTHEAST,3909,622,8753.64,505,59,797.41
2026-05-06,CHIK,MIDWEST,3068,543,7792.06,459,50,647.77
2026-05-06,CHIK,WEST,4901,965,13844.91,567,74,1107.71
2026-05-07,CHIK,NORTHEAST,4180,743,10524.94,594,77,1026.84
2026-05-07,CHIK,SOUTHEAST,3789,673,9811.7,558,69,950.87
2026-05-07,CHIK,MIDWEST,3078,617,8947.12,539,70,931.51
2026-05-07,CHIK,WEST,4768,829,11828.92,687,78,1070.87
2026-05-08,CHIK,NORTHEAST,4315,762,10234.38,558,57,852.74
2026-05-08,CHIK,SOUTHEAST,3736,691,9733.95,620,66,877.72
2026-05-08,CHIK,MIDWEST,3472,623,8958.23,591,74,1038.37
2026-05-08,CHIK,WEST,4367,842,12038.61,754,90,1289.81
2026-05-09,CHIK,NORTHEAST,4274,827,11493.5,659,75,1059.81
2026-05-09,CHIK,SOUTHEAST,4004,771,11629.9,553,56,729.79
2026-05-09,CHIK,MIDWEST,3236,637,8922.32,560,64,886.96
2026-05-09,CHIK,WEST,4328,775,11524.58,683,87,1220.99
2026-05-10,CHIK,NORTHEAST,4259,775,11344.82,680,85,1201.08
2026-05-10,CHIK,SOUTHEAST,3340,582,7821.73,601,69,916.34
2026-05-10,CHIK,MIDWEST,3668,674,9947.48,483,61,776.73
2026-05-10,CHIK,WEST,4364,807,11253.79,785,99,1311.33
2026-05-11,CHIK,NORTHEAST,4340,806,10775.27,570,58,746.9
2026-05-11,CHIK,SOUTHEAST,3525,672,9017.38,657,72,906.12
2026-05-11,CHIK,MIDWEST,3349,628,8746.25,474,57,755.67
2026-05-11,CHIK,WEST,4512,759,11117.6,681,72,979.92
2026-05-12,CHIK,NORTHEAST,4119,712,9956.01,606,67,879.0
2026-05-12,CHIK,SOUTHEAST,3329,567,8256.57,544,59,791.24
2026-05-12,CHIK,MIDWEST,3428,578,8125.89,485,55,740.25
2026-05-12,CHIK,WEST,4090,750,10905.03,750,84,1145.53
2026-05-13,CHIK,NORTHEAST,3820,639,9293.18,669,74,990.96
2026-05-13,CHIK,SOUTHEAST,3886,687,9784.99,616,61,847.79
2026-05-13,CHIK,MIDWEST,3269,565,8060.91,571,68,936.6
2026-05-13,CHIK,WEST,4411,894,13013.81,768,76,1048.7
2026-05-14,CHIK,NORTHEAST,4173,764,10940.87,713,88,1208.18
2026-05-14,CHIK,SOUTHEAST,3747,602,8750.27,599,76,1087.48
2026-05-14,CHIK,MIDWEST,3431,557,7869.19,460,53,697.38
2026-05-14,CHIK,WEST,4589,702,9458.33,633,69,959.25
2026-05-15,CHIK,NORTHEAST,4380,734,10570.98,698,77,1039.38
2026-05-15,CHIK,SOUTHEAST,3532,654,9444.85,589,62,809.01
2026-05-15,CHIK,MIDWEST,3308,572,8108.12,587,68,944.06
2026-05-15,CHIK,WEST,4810,913,13097.71,597,66,913.52
2026-05-16,CHIK,NORTHEAST,3825,675,9950.74,823,100,1452.24
2026-05-16,CHIK,SOUTHEAST,3537,661,9809.2,605,67,862.17
2026-05-16,CHIK,MIDWEST,3531,601,8478.62,536,50,688.17
2026-05-16,CHIK,WEST,4596,769,10991.73,774,101,1332.7
2026-05-17,CHIK,NORTHEAST,4423,831,11959.71,698,88,1212.76
2026-05-17,CHIK,SOUTHEAST,3658,661,9552.9,502,63,869.11
2026-05-17,CHIK,MIDWEST,3522,634,8968.51,526,64,886.35
2026-05-17,CHIK,WEST,4480,767,11389.08,659,74,1057.66
2026-05-18,CHIK,NORTHEAST,4085,754,10657.67,792,84,1129.01
2026-05-18,CHIK,SOUTHEAST,3635,623,8385.64,719,78,1088.39
2026-05-18,CHIK,MIDWEST,3205,572,8440.42,592,56,722.83
2026-05-18,CHIK,WEST,4415,752,10131.66,647,73,1080.75
2026-05-19,CHIK,NORTHEAST,3810,689,9221.36,636,76,1031.45
2026-05-19,CHIK,SOUTHEAST,3599,669,9791.54,663,69,962.82
2026-05-19,CHIK,MIDWEST,3508,677,10310.57,551,67,955.14
2026-05-19,CHIK,WEST,4908,805,11016.8,808,103,1346.93
2026-05-20,CHIK,NORTHEAST,4098,709,10411.34,767,90,1264.3
2026-05-20,CHIK,SOUTHEAST,3997,823,11752.18,605,69,965.53
2026-05-20,CHIK,MIDWEST,3279,581,8364.77,550,67,902.51
2026-05-20,CHIK,WEST,4208,753,10502.59,778,92,1297.59
2026-05-21,CHIK,NORTHEAST,4306,805,11445.26,731,78,1094.34
2026-05-21,CHIK,SOUTHEAST,3852,667,9503.77,647,68,1029.03
2026-05-21,CHIK,MIDWEST,3427,582,8032.54,650,68,957.85
2026-05-21,CHIK,WEST,4581,826,12358.14,623,67,921.68
2026-05-22,CHIK,NORTHEAST,4322,771,11002.47,678,90,1283.65
2026-05-22,CHIK,SOUTHEAST,4115,710,10309.46,649,81,1082.12
2026-05-22,CHIK,MIDWEST,3383,615,9323.87,604,71,999.64
2026-05-22,CHIK,WEST,5235,964,13399.06,851,89,1193.13
2026-05-23,CHIK,NORTHEAST,3909,723,10396.43,706,88,1227.25
2026-05-23,CHIK,SOUTHEAST,3877,690,9833.33,570,63,918.37
2026-05-23,CHIK,MIDWEST,3205,570,7944.66,615,74,984.27
2026-05-23,CHIK,WEST,4281,832,11919.83,963,120,1684.46
2026-05-24,CHIK,NORTHEAST,4195,732,10435.82,688,72,926.43
2026-05-24,CHIK,SOUTHEAST,3803,641,9507.25,692,72,1042.29
2026-05-24,CHIK,MIDWEST,3275,657,9520.17,658,64,871.44
2026-05-24,CHIK,WEST,4965,940,13560.64,818,107,1439.1
2026-05-25,CHIK,NORTHEAST,4387,777,11381.86,796,86,1117.95
2026-05-25,CHIK,SOUTHEAST,3514,609,9048.48,672,69,956.36
2026-05-25,CHIK,MIDWEST,3117,564,7941.07,638,73,1043.72
2026-05-25,CHIK,WEST,4457,848,12064.06,874,109,1505.3
2026-05-26,CHIK,NORTHEAST,3979,731,10637.74,677,82,1024.68
2026-05-26,CHIK,SOUTHEAST,3385,572,8097.34,626,73,967.19
2026-05-26,CHIK,MIDWEST,3317,647,8778.89,579,63,870.86
2026-05-26,CHIK,WEST,4613,864,12478.66,763,96,1304.2
2026-05-27,CHIK,NORTHEAST,4198,811,11491.08,756,94,1202.71
2026-05-27,CHIK,SOUTHEAST,3902,722,10623.43,711,82,1112.85
2026-05-27,CHIK,MIDWEST,3263,563,7662.23,616,77,1047.89
2026-05-27,CHIK,WEST,4627,819,12173.15,775,80,1024.46
2026-05-28,CHIK,NORTHEAST,4287,829,11750.43,817,108,1460.81
2026-05-28,CHIK,SOUTHEAST,4089,725,9960.33,597,72,996.12
2026-05-28,CHIK,MIDWEST,3594,726,10879.85,533,54,732.48
2026-05-28,CHIK,WEST,4815,901,12995.17,833,90,1319.52
2026-05-29,CHIK,NORTHEAST,4115,691,9389.08,798,80,1038.67
2026-05-29,CHIK,SOUTHEAST,4061,747,9664.56,719,81,1119.1
2026-05-29,CHIK,MIDWEST,3452,582,8421.06,723,90,1270.1
2026-05-29,CHIK,WEST,4675,819,12546.79,983,110,1500.82
2026-05-30,CHIK,NORTHEAST,3969,771,10831.23,876,94,1334.39
2026-05-30,CHIK,SOUTHEAST,3819,632,9377.88,690,68,963.32
2026-05-30,CHIK,MIDWEST,3184,577,8311.74,666,75,1060.97
2026-05-30,CHIK,WEST,4245,723,10239.94,902,95,1364.6
2026-05-31,CHIK,NORTHEAST,4420,793,11164.42,770,76,1016.5
2026-05-31,CHIK,SOUTHEAST,3788,664,9621.93,710,71,971.45
2026-05-31,CHIK,MIDWEST,3058,509,7246.54,581,69,921.04
2026-05-31,CHIK,WEST,4417,727,10373.06,858,79,1131.18
2026-06-01,CHIK,NORTHEAST,4217,642,9234.16,784,103,1425.03
2026-06-01,CHIK,SOUTHEAST,3868,694,10006.08,725,77,1024.77
2026-06-01,CHIK,MIDWEST,3102,577,8330.82,606,74,1008.51
2026-06-01,CHIK,WEST,4668,870,11767.87,780,92,1246.34
2026-06-02,CHIK,NORTHEAST,4191,818,11978.98,795,87,1276.11
2026-06-02,CHIK,SOUTHEAST,3709,702,9885.51,754,80,1087.13
2026-06-02,CHIK,MIDWEST,3269,563,8129.35,565,70,915.18
2026-06-02,CHIK,WEST,4767,897,12273.42,832,94,1247.32
2026-06-03,CHIK,NORTHEAST,4347,841,11708.11,751,86,1186.91
2026-06-03,CHIK,SOUTHEAST,3751,618,8602.0,695,78,1039.68
2026-06-03,CHIK,MIDWEST,3240,545,7496.33,664,80,1099.07
2026-06-03,CHIK,WEST,4124,712,9993.82,880,109,1497.03
2026-06-04,CHIK,NORTHEAST,4066,713,9922.8,778,89,1244.76
2026-06-04,CHIK,SOUTHEAST,3832,637,9288.38,894,111,1395.25
2026-06-04,CHIK,MIDWEST,3545,633,9191.53,628,69,885.89
2026-06-04,CHIK,WEST,4306,648,9131.19,867,92,1296.62
2026-06-05,CHIK,NORTHEAST,4142,702,10222.15,826,103,1500.02
2026-06-05,CHIK,SOUTHEAST,3553,611,8636.4,693,77,1024.53
2026-06-05,CHIK,MIDWEST,3022,514,7172.78,611,80,1096.1
2026-06-05,CHIK,WEST,5196,958,13811.8,892,97,1263.7
2026-06-06,CHIK,NORTHEAST,4112,795,11602.79,948,100,1399.2
2026-06-06,CHIK,SOUTHEAST,3840,713,10663.59,752,94,1360.33
2026-06-06,CHIK,MIDWEST,3126,587,8268.48,620,73,981.72
2026-06-06,CHIK,WEST,4471,797,11476.55,966,116,1530.55
2026-06-07,CHIK,NORTHEAST,3936,574,8185.56,926,102,1371.84
2026-06-07,CHIK,SOUTHEAST,3652,631,8994.4,536,63,918.56
2026-06-07,CHIK,MIDWEST,3360,598,8301.84,643,68,927.01
2026-06-07,CHIK,WEST,4375,829,12309.22,963,109,1378.02
2026-06-08,CHIK,NORTHEAST,4353,663,8698.19,757,88,1155.0
2026-06-08,CHIK,SOUTHEAST,3532,606,8773.31,745,93,1151.63
2026-06-08,CHIK,MIDWEST,3468,616,9031.88,667,80,1050.53
2026-06-08,CHIK,WEST,4793,833,11853.93,912,88,1240.58
2026-06-09,CHIK,NORTHEAST,4115,763,10672.21,799,81,1164.28
2026-06-09,CHIK,SOUTHEAST,3976,642,9165.73,763,88,1196.65
2026-06-09,CHIK,MIDWEST,3648,604,9211.67,648,70,960.6
2026-06-09,CHIK,WEST,4410,827,11911.85,973,114,1547.96
2026-06-10,CHIK,NORTHEAST,4049,680,9637.97,734,84,1051.0
2026-06-10,CHIK,SOUTHEAST,3676,609,8953.07,768,96,1209.8
2026-06-10,CHIK,MIDWEST,3362,584,8341.6,636,81,1129.44
2026-06-10,CHIK,WEST,4488,839,12135.67,1003,116,1642.79
2026-06-11,CHIK,NORTHEAST,4100,777,11785.72,790,85,1148.08
2026-06-11,CHIK,SOUTHEAST,3879,691,9658.14,681,89,1259.54
2026-06-11,CHIK,MIDWEST,2959,548,7907.94,701,72,992.44
2026-06-11,CHIK,WEST,4937,879,12747.39,982,111,1565.01
2026-06-12,CHIK,NORTHEAST,4340,840,12206.7,944,103,1447.6
2026-06-12,CHIK,SOUTHEAST,3697,678,9712.65,764,95,1353.84
2026-06-12,CHIK,MIDWEST,3220,591,8050.0,587,60,774.03
2026-06-12,CHIK,WEST,4587,799,11211.72,943,101,1418.89
2026-06-13,CHIK,NORTHEAST,4142,718,10496.56,905,104,1505.56
2026-06-13,CHIK,SOUTHEAST,3586,661,9019.01,758,96,1261.26
2026-06-13,CHIK,MIDWEST,3142,534,7870.51,734,83,1095.08
2026-06-13,CHIK,WEST,4507,758,10794.15,969,105,1366.16
2026-06-14,CHIK,NORTHEAST,4573,748,10058.64,885,99,1359.4
2026-06-14,CHIK,SOUTHEAST,4176,692,10089.7,773,94,1328.47
2026-06-14,CHIK,MIDWEST,3193,560,7653.52,685,81,1185.99
2026-06-14,CHIK,WEST,4530,739,10559.36,996,90,1258.88
2026-06-15,CHIK,NORTHEAST,4198,793,10873.81,788,87,1172.33
2026-06-15,CHIK,SOUTHEAST,3923,705,9756.47,811,91,1254.57
2026-06-15,CHIK,MIDWEST,3507,619,8694.3,775,92,1299.72
2026-06-15,CHIK,WEST,4314,783,11152.49,1158,151,2102.99
2026-06-16,CHIK,NORTHEAST,4133,729,10689.82,749,72,977.57
2026-06-16,CHIK,SOUTHEAST,3476,555,8033.48,807,92,1290.95
2026-06-16,CHIK,MIDWEST,3463,690,9858.46,757,94,1283.91
2026-06-16,CHIK,WEST,4747,829,12068.5,891,100,1360.95
2026-06-17,CHIK,NORTHEAST,4467,690,10069.89,891,92,1205.11
2026-06-17,CHIK,SOUTHEAST,3782,693,9739.64,873,104,1479.39
2026-06-17,CHIK,MIDWEST,3290,566,7667.19,766,87,1283.19
2026-06-17,CHIK,WEST,4910,950,13613.93,914,112,1549.6
2026-06-18,CHIK,NORTHEAST,4033,704,9728.47,874,89,1212.4
2026-06-18,CHIK,SOUTHEAST,3709,683,9587.13,890,97,1278.15
2026-06-18,CHIK,MIDWEST,3292,613,8499.83,653,73,895.48
2026-06-18,CHIK,WEST,4569,793,11822.84,1043,127,1559.87
2026-06-19,CHIK,NORTHEAST,3639,624,9047.77,950,117,1517.99
2026-06-19,CHIK,SOUTHEAST,3500,642,9343.19,821,103,1540.18
2026-06-19,CHIK,MIDWEST,3740,649,9284.35,724,73,1014.23
2026-06-19,CHIK,WEST,4129,688,10053.09,1022,108,1531.84
2026-06-20,CHIK,NORTHEAST,4270,775,10345.42,953,114,1599.27
2026-06-20,CHIK,SOUTHEAST,3789,687,10091.89,853,87,1187.11
2026-06-20,CHIK,MIDWEST,3247,601,8732.93,781,97,1307.1
2026-06-20,CHIK,WEST,4750,825,11944.63,909,104,1409.88
2026-06-21,CHIK,NORTHEAST,4349,733,10372.68,861,91,1131.13
2026-06-21,CHIK,SOUTHEAST,3979,672,9641.56,853,107,1395.09
2026-06-21,CHIK,MIDWEST,3256,549,7687.76,624,73,975.98
2026-06-21,CHIK,WEST,4625,855,12901.29,1079,120,1578.42
2026-06-22,CHIK,NORTHEAST,4224,729,10273.12,941,115,1486.89
2026-06-22,CHIK,SOUTHEAST,3777,668,9807.63,866,96,1272.69
2026-06-22,CHIK,MIDWEST,3354,623,8689.02,694,73,1037.25
2026-06-22,CHIK,WEST,4689,788,11215.53,953,97,1204.37
2026-06-23,CHIK,NORTHEAST,3995,705,10069.04,918,117,1653.1
2026-06-23,CHIK,SOUTHEAST,3487,641,9345.25,899,104,1431.25
2026-06-23,CHIK,MIDWEST,3327,559,7890.09,714,87,1198.57
2026-06-23,CHIK,WEST,4606,806,11588.37,1152,130,1770.34
2026-06-24,CHIK,NORTHEAST,4088,838,12398.93,1057,119,1522.12
2026-06-24,CHIK,SOUTHEAST,3688,705,10060.59,867,103,1388.07
2026-06-24,CHIK,MIDWEST,3345,634,8854.68,733,75,963.84
2026-06-24,CHIK,WEST,4777,837,11974.49,1086,119,1560.45
2026-06-25,CHIK,NORTHEAST,3881,660,9206.78,884,99,1354.17
2026-06-25,CHIK,SOUTHEAST,4053,672,9402.98,960,92,1199.37
2026-06-25,CHIK,MIDWEST,3342,628,9109.3,703,83,1152.01
2026-06-25,CHIK,WEST,4645,840,11706.34,994,115,1543.74
2026-06-26,CHIK,NORTHEAST,4108,759,10461.83,1085,129,1708.08
2026-06-26,CHIK,SOUTHEAST,3690,613,8491.13,873,103,1360.94
2026-06-26,CHIK,MIDWEST,3470,619,8814.65,705,81,1080.45
2026-06-26,CHIK,WEST,4430,841,11724.43,1009,111,1430.13
2026-06-27,CHIK,NORTHEAST,3964,707,9741.6,844,90,1220.12
2026-06-27,CHIK,SOUTHEAST,3976,641,9120.11,804,83,1131.31
2026-06-27,CHIK,MIDWEST,3252,571,7720.23,659,72,958.97
2026-06-27,CHIK,WEST,4223,724,10084.28,1004,115,1524.45
2026-06-28,CHIK,NORTHEAST,3947,692,9906.17,953,110,1545.68
2026-06-28,CHIK,SOUTHEAST,3793,649,9127.14,941,108,1621.81
2026-06-28,CHIK,MIDWEST,3410,598,8489.4,805,96,1284.04
2026-06-28,CHIK,WEST,4568,800,10766.49,1048,116,1626.56
2026-06-29,CHIK,NORTHEAST,4245,721,10558.71,871,92,1251.78
2026-06-29,CHIK,SOUTHEAST,3558,618,8889.18,832,97,1341.47
2026-06-29,CHIK,MIDWEST,3340,617,8808.74,751,73,1010.95
2026-06-29,CHIK,WEST,4403,801,11765.23,1079,130,1799.47
2026-06-30,CHIK,NORTHEAST,4017,765,10752.04,978,107,1390.03
2026-06-30,CHIK,SOUTHEAST,3706,624,8988.4,999,108,1479.08
2026-06-30,CHIK,MIDWEST,3848,731,10065.65,669,80,1176.76
2026-06-30,CHIK,WEST,4241,694,9803.74,1098,138,1931.98
2026-07-01,CHIK,NORTHEAST,4136,748,10005.62,857,99,1350.92
2026-07-01,CHIK,SOUTHEAST,3621,682,9907.07,869,94,1328.8
2026-07-01,CHIK,MIDWEST,3230,603,8853.36,888,101,1335.49
2026-07-01,CHIK,WEST,4987,960,13806.97,1103,120,1604.57
2026-07-02,CHIK,NORTHEAST,4024,703,9698.06,1046,109,1500.03
2026-07-02,CHIK,SOUTHEAST,3841,698,9801.63,799,99,1261.58
2026-07-02,CHIK,MIDWEST,3185,550,8092.25,920,110,1494.43
2026-07-02,CHIK,WEST,4805,855,12830.64,997,110,1576.41
2026-07-03,CHIK,NORTHEAST,3967,707,10541.76,1069,125,1713.92
2026-07-03,CHIK,SOUTHEAST,3638,698,9833.69,825,85,1146.77
2026-07-03,CHIK,MIDWEST,3245,565,7587.99,690,78,1051.18
2026-07-03,CHIK,WEST,4880,884,12396.2,1200,120,1672.24
2026-07-04,CHIK,NORTHEAST,4291,748,10539.93,1062,124,1663.12
2026-07-04,CHIK,SOUTHEAST,3819,600,8579.8,1068,129,1824.74
2026-07-04,CHIK,MIDWEST,3243,587,8314.68,731,82,1090.93
2026-07-04,CHIK,WEST,4666,827,11529.69,1124,135,1726.79
2026-07-05,CHIK,NORTHEAST,4368,751,10872.69,1067,121,1760.12
2026-07-05,CHIK,SOUTHEAST,3509,683,9585.35,929,117,1717.63
2026-07-05,CHIK,MIDWEST,3344,582,8210.84,812,99,1330.29
2026-07-05,CHIK,WEST,4803,813,10979.27,1067,132,1743.17
2026-07-06,CHIK,NORTHEAST,4171,724,10645.77,1029,137,1863.72
2026-07-06,CHIK,SOUTHEAST,4312,870,12456.85,956,97,1228.58
2026-07-06,CHIK,MIDWEST,3124,563,8262.76,815,95,1193.59
2026-07-06,CHIK,WEST,4716,801,11275.81,1211,128,1855.19
2026-07-07,CHIK,NORTHEAST,3957,708,9928.41,965,116,1590.33
2026-07-07,CHIK,SOUTHEAST,3861,676,9632.69,1042,120,1619.1
2026-07-07,CHIK,MIDWEST,3582,614,8729.14,784,96,1292.55
2026-07-07,CHIK,WEST,4669,732,10534.91,1094,123,1698.38
2026-07-08,CHIK,NORTHEAST,4351,791,10493.51,965,113,1518.54
2026-07-08,CHIK,SOUTHEAST,3558,642,8833.07,836,107,1487.01
2026-07-08,CHIK,MIDWEST,3478,599,8444.59,801,99,1313.09
2026-07-08,CHIK,WEST,4554,801,11074.13,959,134,1749.46
2026-07-09,CHIK,NORTHEAST,3605,591,8441.0,967,122,1608.16
2026-07-09,CHIK,SOUTHEAST,3714,690,9582.1,1006,104,1352.9
2026-07-09,CHIK,MIDWEST,3318,532,7536.92,816,88,1182.88
2026-07-09,CHIK,WEST,4570,881,12205.03,1185,143,2010.13
2026-07-10,CHIK,NORTHEAST,3561,589,8240.33,1055,111,1559.8
2026-07-10,CHIK,SOUTHEAST,3480,611,9041.62,1026,118,1602.44
2026-07-10,CHIK,MIDWEST,3302,549,8051.96,914,101,1430.08
2026-07-10,CHIK,WEST,4769,823,11664.96,1063,116,1480.65
2026-07-11,CHIK,NORTHEAST,4214,725,10432.82,945,121,1570.52
2026-07-11,CHIK,SOUTHEAST,4040,674,9888.95,994,109,1460.16
2026-07-11,CHIK,MIDWEST,3174,528,7795.56,775,95,1314.89
2026-07-11,CHIK,WEST,4674,846,11845.67,1277,156,2296.28
2026-07-12,CHIK,NORTHEAST,4460,733,10219.7,920,93,1299.93
2026-07-12,CHIK,SOUTHEAST,3758,574,8138.72,1025,120,1601.06
2026-07-12,CHIK,MIDWEST,3168,540,7671.28,735,72,973.72
2026-07-12,CHIK,WEST,4126,696,9970.46,1222,131,1732.56
2026-07-13,CHIK,NORTHEAST,4189,735,10617.39,1138,129,1729.5
2026-07-13,CHIK,SOUTHEAST,3718,719,10413.06,974,105,1316.59
2026-07-13,CHIK,MIDWEST,3422,586,8419.92,850,91,1294.96
2026-07-13,CHIK,WEST,4722,850,11546.01,1163,132,1820.23
2026-07-14,CHIK,NORTHEAST,4231,760,10055.74,1126,139,1863.9
2026-07-14,CHIK,SOUTHEAST,3605,657,8541.62,911,105,1464.31
2026-07-14,CHIK,MIDWEST,3240,574,8075.34,808,103,1424.25
2026-07-14,CHIK,WEST,4517,750,10856.41,994,109,1441.51
2026-07-15,CHIK,NORTHEAST,4271,721,10565.96,1141,132,1839.53
2026-07-15,CHIK,SOUTHEAST,4008,675,9708.51,910,101,1382.5
2026-07-15,CHIK,MIDWEST,3144,590,8184.5,692,72,961.44
2026-07-15,CHIK,WEST,4669,843,10888.04,1204,141,1891.8
2026-07-16,CHIK,NORTHEAST,3905,683,9901.01,1193,147,1917.37
2026-07-16,CHIK,SOUTHEAST,3852,705,10251.44,1021,116,1706.59
2026-07-16,CHIK,MIDWEST,3036,450,6619.48,834,106,1377.43
2026-07-16,CHIK,WEST,4488,867,12484.93,1293,135,1856.68
2026-07-17,CHIK,NORTHEAST,4400,771,11286.5,1040,120,1773.67
2026-07-17,CHIK,SOUTHEAST,3291,558,7511.0,966,118,1568.56
2026-07-17,CHIK,MIDWEST,3327,656,8945.77,798,92,1204.82
2026-07-17,CHIK,WEST,5099,877,12267.28,1395,160,2284.53
2026-07-18,CHIK,NORTHEAST,4357,772,10685.52,1154,119,1574.33
2026-07-18,CHIK,SOUTHEAST,4006,598,8530.17,961,119,1666.53
2026-07-18,CHIK,MIDWEST,3272,586,8195.05,858,109,1525.5
2026-07-18,CHIK,WEST,4775,879,12926.21,1290,143,2114.01
2026-07-19,CHIK,NORTHEAST,4200,753,10749.56,1090,114,1511.33
2026-07-19,CHIK,SOUTHEAST,3683,660,9353.37,1058,118,1594.64
2026-07-19,CHIK,MIDWEST,3406,596,8296.36,912,94,1311.21
2026-07-19,CHIK,WEST,4476,712,10323.69,1269,139,1826.41
2026-07-20,CHIK,NORTHEAST,4312,841,11966.78,1017,117,1469.23
2026-07-20,CHIK,SOUTHEAST,3915,735,10968.57,1124,132,1740.99
2026-07-20,CHIK,MIDWEST,3334,569,8088.46,900,90,1222.67
2026-07-20,CHIK,WEST,4411,793,11188.96,1067,126,1736.36
2026-07-21,CHIK,NORTHEAST,4142,762,10550.7,1182,152,2106.52
2026-07-21,CHIK,SOUTHEAST,4177,824,11659.21,898,98,1203.48
2026-07-21,CHIK,MIDWEST,3301,538,7467.84,874,110,1574.12
2026-07-21,CHIK,WEST,4391,773,10720.13,1171,149,2076.25
2026-07-22,CHIK,NORTHEAST,4010,713,10174.03,1055,129,1758.31
2026-07-22,CHIK,SOUTHEAST,3755,626,8538.91,928,98,1354.99
2026-07-22,CHIK,MIDWEST,3258,603,8676.23,886,107,1436.03
2026-07-22,CHIK,WEST,4411,772,10608.92,1213,127,1606.01
2026-07-23,CHIK,NORTHEAST,4337,750,10221.41,1191,129,1828.27
2026-07-23,CHIK,SOUTHEAST,3461,638,9557.55,1084,129,1623.36
2026-07-23,CHIK,MIDWEST,3165,634,9376.89,1082,127,1706.06
2026-07-23,CHIK,WEST,4668,724,10304.96,1162,134,1752.77
2026-07-24,CHIK,NORTHEAST,4022,717,10356.41,1106,128,1741.61
2026-07-24,CHIK,SOUTHEAST,3823,716,10329.64,966,104,1433.72
2026-07-24,CHIK,MIDWEST,3156,541,7531.29,804,90,1220.39
2026-07-24,CHIK,WEST,4769,781,11669.15,1237,137,1810.33
2026-07-25,CHIK,NORTHEAST,4405,766,11391.93,1234,140,2065.06
2026-07-25,CHIK,SOUTHEAST,3908,624,8475.01,879,97,1325.02
2026-07-25,CHIK,MIDWEST,3476,654,9180.75,771,89,1212.8
2026-07-25,CHIK,WEST,4440,813,10828.18,1360,169,2392.15
2026-07-26,CHIK,NORTHEAST,3748,603,8610.43,1329,143,1966.12
2026-07-26,CHIK,SOUTHEAST,3830,668,9827.07,1010,123,1671.89
2026-07-26,CHIK,MIDWEST,3278,571,7994.56,992,94,1228.07
2026-07-26,CHIK,WEST,4644,880,12677.84,1217,145,1979.32
2026-07-27,CHIK,NORTHEAST,3604,666,9406.3,1232,136,1896.22
2026-07-27,CHIK,SOUTHEAST,3872,696,9608.68,1111,123,1596.42
2026-07-27,CHIK,MIDWEST,3371,581,8114.89,922,116,1797.5
2026-07-27,CHIK,WEST,4385,759,10782.16,1265,160,2025.97
2026-07-28,CHIK,NORTHEAST,4279,753,10444.02,1039,103,1371.34
2026-07-28,CHIK,SOUTHEAST,4065,668,9891.3,1000,123,1723.12
2026-07-28,CHIK,MIDWEST,3232,569,7989.75,1032,121,1664.49
2026-07-28,CHIK,WEST,4409,733,10344.87,1076,129,1825.37
2026-07-29,CHIK,NORTHEAST,3960,660,9336.38,1257,154,1999.67
2026-07-29,CHIK,SOUTHEAST,4004,754,10869.08,1162,120,1652.48
2026-07-29,CHIK,MIDWEST,3181,578,8258.25,715,87,1231.61
2026-07-29,CHIK,WEST,4729,801,11570.42,1135,111,1548.4
2026-07-30,CHIK,NORTHEAST,4214,761,10719.96,1024,103,1500.25
2026-07-30,CHIK,SOUTHEAST,3518,591,8490.07,1051,128,1713.69
2026-07-30,CHIK,MIDWEST,3331,619,9247.34,781,93,1343.25
2026-07-30,CHIK,WEST,4252,768,10987.53,1310,159,2203.56
2026-07-31,CHIK,NORTHEAST,4080,668,9127.75,1220,137,1836.85
2026-07-31,CHIK,SOUTHEAST,3630,645,9028.08,1136,136,1853.16
2026-07-31,CHIK,MIDWEST,3503,618,8616.49,992,112,1552.93
2026-07-31,CHIK,WEST,4369,751,10515.6,1370,161,2246.88
2026-08-01,CHIK,NORTHEAST,4263,726,10364.08,1151,120,1632.94
2026-08-01,CHIK,SOUTHEAST,3284,592,8395.84,989,110,1459.03
2026-08-01,CHIK,MIDWEST,2951,545,7632.03,970,118,1535.04
2026-08-01,CHIK,WEST,4484,767,11465.13,1239,158,2100.26
2026-08-02,CHIK,NORTHEAST,4314,741,9955.86,1046,115,1584.87
2026-08-02,CHIK,SOUTHEAST,3499,617,8497.1,1025,121,1623.39
2026-08-02,CHIK,MIDWEST,3314,579,8459.25,1029,130,1791.61
2026-08-02,CHIK,WEST,4652,789,11451.48,1198,135,1839.27
2026-08-03,CHIK,NORTHEAST,4232,661,9375.99,1292,147,2035.34
2026-08-03,CHIK,SOUTHEAST,3620,611,8707.66,1145,115,1498.18
2026-08-03,CHIK,MIDWEST,3094,550,8097.23,1041,122,1601.58
2026-08-03,CHIK,WEST,4349,737,10449.39,1479,180,2711.43
2026-08-04,CHIK,NORTHEAST,4434,730,10330.43,1178,127,1783.06
2026-08-04,CHIK,SOUTHEAST,3463,580,8314.91,1053,113,1535.84
2026-08-04,CHIK,MIDWEST,3270,599,8482.49,999,110,1493.79
2026-08-04,CHIK,WEST,4619,783,11022.92,1308,156,2217.08
2026-08-05,CHIK,NORTHEAST,4011,734,11086.15,1167,125,1615.79
2026-08-05,CHIK,SOUTHEAST,4008,706,9745.08,1104,127,1621.58
2026-08-05,CHIK,MIDWEST,3430,577,8123.5,1045,113,1510.93
2026-08-05,CHIK,WEST,4677,813,11749.07,1416,149,1991.12
2026-08-06,CHIK,NORTHEAST,4163,770,10412.63,1171,135,1881.04
2026-08-06,CHIK,SOUTHEAST,3664,698,9562.92,1045,106,1459.22
2026-08-06,CHIK,MIDWEST,3186,556,8169.02,807,89,1235.05
2026-08-06,CHIK,WEST,4847,879,12818.22,1368,170,2409.32
2026-08-07,CHIK,NORTHEAST,3779,693,10181.5,1236,140,1820.59
2026-08-07,CHIK,SOUTHEAST,4066,707,10407.59,1268,148,2017.22
2026-08-07,CHIK,MIDWEST,3481,643,9119.29,800,97,1292.99
2026-08-07,CHIK,WEST,4727,898,13313.73,1352,151,2069.86
2026-08-08,CHIK,NORTHEAST,3961,725,10428.6,1280,152,1954.56
2026-08-08,CHIK,SOUTHEAST,3591,640,8825.7,1190,151,2060.57
2026-08-08,CHIK,MIDWEST,3199,598,8345.13,976,124,1739.22
2026-08-08,CHIK,WEST,4414,819,12020.97,1393,175,2313.59
2026-08-09,CHIK,NORTHEAST,4199,796,11143.54,1346,137,1735.94
2026-08-09,CHIK,SOUTHEAST,4027,653,8765.41,1016,114,1534.0
2026-08-09,CHIK,MIDWEST,3521,573,8111.04,947,118,1616.98
2026-08-09,CHIK,WEST,4456,790,10910.12,1404,180,2424.19
2026-08-10,CHIK,NORTHEAST,4058,702,9568.33,1218,160,2161.46
2026-08-10,CHIK,SOUTHEAST,3722,628,8824.82,1011,129,1614.97
2026-08-10,CHIK,MIDWEST,3325,619,8327.91,1047,124,1628.87
2026-08-10,CHIK,WEST,4406,777,11261.39,1366,145,2053.16
2026-08-11,CHIK,NORTHEAST,4367,825,11472.74,1162,121,1607.37
2026-08-11,CHIK,SOUTHEAST,3344,550,7466.34,1221,157,2062.79
2026-08-11,CHIK,MIDWEST,3217,617,8964.9,1003,113,1497.32
2026-08-11,CHIK,WEST,4651,781,11201.52,1372,167,2321.12
2026-08-12,CHIK,NORTHEAST,4320,721,10523.29,1204,135,1866.3
2026-08-12,CHIK,SOUTHEAST,3734,609,8838.26,1158,121,1638.06
2026-08-12,CHIK,MIDWEST,3823,699,9804.91,992,111,1542.21
2026-08-12,CHIK,WEST,4467,747,10972.43,1357,172,2451.67
2026-08-13,CHIK,NORTHEAST,3792,671,9789.26,1374,150,1972.35
2026-08-13,CHIK,SOUTHEAST,3559,642,8991.58,1311,148,2150.96
2026-08-13,CHIK,MIDWEST,3366,578,8485.14,850,86,1122.22
2026-08-13,CHIK,WEST,4644,815,12109.51,1462,179,2424.11
2026-08-14,CHIK,NORTHEAST,4118,709,10065.77,1262,139,2035.43
2026-08-14,CHIK,SOUTHEAST,3858,656,9418.07,1108,112,1581.2
2026-08-14,CHIK,MIDWEST,3126,522,7603.49,929,108,1459.6
2026-08-14,CHIK,WEST,4754,901,12988.7,1275,142,1929.19
2026-08-15,CHIK,NORTHEAST,4332,754,10508.48,1200,137,1971.05
2026-08-15,CHIK,SOUTHEAST,3902,634,9138.82,1044,119,1633.62
2026-08-15,CHIK,MIDWEST,3216,509,7138.42,936,111,1551.6
2026-08-15,CHIK,WEST,4673,850,12563.59,1496,177,2375.17
2026-08-16,CHIK,NORTHEAST,4051,752,10163.15,1490,192,2603.95
2026-08-16,CHIK,SOUTHEAST,3740,580,7782.11,1189,137,1913.85
2026-08-16,CHIK,MIDWEST,3070,530,7507.64,1044,111,1500.65
2026-08-16,CHIK,WEST,4522,811,11970.51,1337,145,1941.6
2026-08-17,CHIK,NORTHEAST,4132,702,10228.4,1139,120,1742.16
2026-08-17,CHIK,SOUTHEAST,3613,695,10125.75,1183,147,1952.12
2026-08-17,CHIK,MIDWEST,3202,557,8233.26,905,98,1293.85
2026-08-17,CHIK,WEST,4331,743,10736.32,1407,176,2468.51
2026-08-18,CHIK,NORTHEAST,3804,655,9283.38,1381,152,2201.25
2026-08-18,CHIK,SOUTHEAST,3521,620,9006.19,1097,116,1439.47
2026-08-18,CHIK,MIDWEST,3034,490,7088.54,1075,130,1959.67
2026-08-18,CHIK,WEST,4675,783,12260.43,1417,165,2213.49
2026-08-19,CHIK,NORTHEAST,4067,656,9126.3,1078,120,1628.38
2026-08-19,CHIK,SOUTHEAST,3450,594,8260.15,1203,122,1558.4
2026-08-19,CHIK,MIDWEST,3267,586,8393.45,1148,129,1773.31
2026-08-19,CHIK,WEST,4787,818,11952.15,1404,170,2375.25
2026-08-20,CHIK,NORTHEAST,4072,772,10705.74,1472,166,2328.45
2026-08-20,CHIK,SOUTHEAST,3416,523,7361.63,1223,134,1740.59
2026-08-20,CHIK,MIDWEST,3368,644,9401.3,1029,123,1647.81
2026-08-20,CHIK,WEST,4754,738,10218.4,1469,162,2262.59
2026-08-21,CHIK,NORTHEAST,3988,684,9627.74,1263,138,1838.95
2026-08-21,CHIK,SOUTHEAST,3718,617,8618.79,1228,137,1799.6
2026-08-21,CHIK,MIDWEST,3172,568,8372.65,1092,123,1723.96
2026-08-21,CHIK,WEST,4325,773,10269.28,1419,155,2104.78
2026-08-22,CHIK,NORTHEAST,4225,746,10320.73,1403,158,2034.61
2026-08-22,CHIK,SOUTHEAST,3841,652,9033.77,1312,134,1930.67
2026-08-22,CHIK,MIDWEST,3163,526,7742.3,1032,142,1967.99
2026-08-22,CHIK,WEST,4320,765,11238.69,1506,166,2152.03
2026-08-23,CHIK,NORTHEAST,4025,680,10325.18,1224,126,1707.63
2026-08-23,CHIK,SOUTHEAST,3549,629,8926.21,1199,133,1766.43
2026-08-23,CHIK,MIDWEST,3174,532,7365.26,1028,117,1538.62
2026-08-23,CHIK,WEST,4623,800,11556.81,1316,133,1829.01
2026-08-24,CHIK,NORTHEAST,4201,715,10231.22,1260,121,1628.33
2026-08-24,CHIK,SOUTHEAST,3419,593,8644.61,1258,160,2088.06
2026-08-24,CHIK,MIDWEST,3184,540,7279.89,1042,134,1793.0
2026-08-24,CHIK,WEST,4741,849,12141.93,1548,137,1748.25
2026-08-25,CHIK,NORTHEAST,3835,667,9306.11,1539,169,2240.21
2026-08-25,CHIK,SOUTHEAST,3890,654,9175.2,1131,126,1761.92
2026-08-25,CHIK,MIDWEST,3285,548,7770.74,1070,127,1745.12
2026-08-25,CHIK,WEST,4491,769,11686.79,1338,164,2325.82
2026-08-26,CHIK,NORTHEAST,3761,621,8418.65,1384,175,2542.01
2026-08-26,CHIK,SOUTHEAST,3642,597,8763.56,1342,166,2298.61
2026-08-26,CHIK,MIDWEST,3213,569,8120.68,1051,114,1577.2
2026-08-26,CHIK,WEST,4421,844,11970.33,1236,145,1869.05
2026-08-27,CHIK,NORTHEAST,4246,740,10878.94,1258,140,1782.96
2026-08-27,CHIK,SOUTHEAST,4077,690,10261.24,1323,154,2195.52
2026-08-27,CHIK,MIDWEST,3409,585,8453.5,1025,99,1415.62
2026-08-27,CHIK,WEST,4265,686,9859.61,1474,169,2244.98
2026-08-28,CHIK,NORTHEAST,4245,745,10661.86,1363,151,1960.04
2026-08-28,CHIK,SOUTHEAST,3818,670,9492.46,1328,161,2010.3
2026-08-28,CHIK,MIDWEST,3219,485,7141.06,997,114,1536.04
2026-08-28,CHIK,WEST,4353,770,10725.95,1459,180,2552.97
2026-08-29,CHIK,NORTHEAST,4172,757,10837.02,1374,162,2080.4
2026-08-29,CHIK,SOUTHEAST,3978,633,9178.82,1187,136,1806.21
2026-08-29,CHIK,MIDWEST,3689,702,9560.97,951,111,1469.83
2026-08-29,CHIK,WEST,4932,817,11192.97,1575,211,2839.97
2026-08-30,CHIK,NORTHEAST,4079,767,10811.19,1375,145,1922.81
2026-08-30,CHIK,SOUTHEAST,3650,607,8930.64,1192,140,2007.14
2026-08-30,CHIK,MIDWEST,3401,542,7781.46,1160,132,1817.34
2026-08-30,CHIK,WEST,4769,850,12078.17,1629,169,2214.39
2026-03-02,SMTH,NORTHEAST,3783,283,3968.25,169,17,223.49
2026-03-02,SMTH,SOUTHEAST,3523,231,3133.48,207,26,333.81
2026-03-02,SMTH,MIDWEST,3198,206,2590.82,173,21,276.34
2026-03-02,SMTH,WEST,4747,315,4309.8,240,28,357.2
2026-03-03,SMTH,NORTHEAST,4236,286,3803.06,216,24,301.8
2026-03-03,SMTH,SOUTHEAST,3564,223,3028.7,192,22,303.89
2026-03-03,SMTH,MIDWEST,3349,253,3570.09,131,13,165.52
2026-03-03,SMTH,WEST,4102,277,3715.77,227,27,328.53
2026-03-04,SMTH,NORTHEAST,4214,302,4356.35,225,20,273.3
2026-03-04,SMTH,SOUTHEAST,3856,285,4027.61,215,23,298.97
2026-03-04,SMTH,MIDWEST,3398,243,3350.81,174,21,259.82
2026-03-04,SMTH,WEST,4478,323,4525.86,243,26,372.13
2026-03-05,SMTH,NORTHEAST,4248,323,4476.71,224,24,319.15
2026-03-05,SMTH,SOUTHEAST,4040,279,3709.41,167,18,235.11
2026-03-05,SMTH,MIDWEST,3206,239,3218.77,186,23,283.45
2026-03-05,SMTH,WEST,4384,313,4227.24,239,27,338.28
2026-03-06,SMTH,NORTHEAST,4230,309,3925.03,224,24,298.45
2026-03-06,SMTH,SOUTHEAST,3786,287,3798.6,226,25,324.57
2026-03-06,SMTH,MIDWEST,3299,266,3549.19,155,20,259.46
2026-03-06,SMTH,WEST,4476,309,4173.69,239,22,299.58
2026-03-07,SMTH,NORTHEAST,3966,294,4133.51,247,28,389.96
2026-03-07,SMTH,SOUTHEAST,3717,302,4001.57,220,25,314.31
2026-03-07,SMTH,MIDWEST,3028,185,2569.11,173,22,290.66
2026-03-07,SMTH,WEST,4600,298,4097.82,250,33,417.02
2026-03-08,SMTH,NORTHEAST,4281,267,3815.64,264,32,414.93
2026-03-08,SMTH,SOUTHEAST,3722,311,4386.51,260,29,379.61
2026-03-08,SMTH,MIDWEST,3679,282,3920.37,193,21,277.82
2026-03-08,SMTH,WEST,4543,339,4546.77,268,27,351.31
2026-03-09,SMTH,NORTHEAST,4512,342,4762.76,244,26,357.17
2026-03-09,SMTH,SOUTHEAST,3651,252,3385.51,219,24,314.15
2026-03-09,SMTH,MIDWEST,3228,258,3381.26,198,23,295.58
2026-03-09,SMTH,WEST,4752,356,4562.72,244,25,333.58
2026-03-10,SMTH,NORTHEAST,4071,320,4326.94,266,29,385.18
2026-03-10,SMTH,SOUTHEAST,3778,297,3871.08,224,20,238.54
2026-03-10,SMTH,MIDWEST,3495,231,3217.02,237,24,313.3
2026-03-10,SMTH,WEST,4445,324,4537.48,300,35,490.36
2026-03-11,SMTH,NORTHEAST,4096,307,4305.71,313,32,411.55
2026-03-11,SMTH,SOUTHEAST,3609,261,3486.51,263,32,433.91
2026-03-11,SMTH,MIDWEST,3401,258,3613.11,227,26,355.77
2026-03-11,SMTH,WEST,4493,262,3485.16,317,31,374.84
2026-03-12,SMTH,NORTHEAST,4408,331,4274.81,266,31,391.46
2026-03-12,SMTH,SOUTHEAST,3811,255,3448.6,216,24,315.86
2026-03-12,SMTH,MIDWEST,3111,225,3020.0,239,29,389.86
2026-03-12,SMTH,WEST,4933,350,4693.21,314,33,459.98
2026-03-13,SMTH,NORTHEAST,4144,283,3981.64,302,38,478.5
2026-03-13,SMTH,SOUTHEAST,3635,257,3473.72,277,32,394.14
2026-03-13,SMTH,MIDWEST,3314,232,2987.33,226,20,272.51
2026-03-13,SMTH,WEST,4208,329,4649.27,273,32,418.05
2026-03-14,SMTH,NORTHEAST,4006,281,3830.85,280,31,413.59
2026-03-14,SMTH,SOUTHEAST,3772,277,3871.36,246,29,388.32
2026-03-14,SMTH,MIDWEST,3586,239,3275.88,218,24,292.97
2026-03-14,SMTH,WEST,4538,304,3987.12,290,32,377.87
2026-03-15,SMTH,NORTHEAST,4061,301,3980.37,308,32,407.93
2026-03-15,SMTH,SOUTHEAST,3693,257,3521.29,264,31,374.65
2026-03-15,SMTH,MIDWEST,3494,236,3285.84,278,31,393.44
2026-03-15,SMTH,WEST,4324,303,3985.74,364,40,506.07
2026-03-16,SMTH,NORTHEAST,4116,321,4186.89,299,31,415.55
2026-03-16,SMTH,SOUTHEAST,3785,258,3593.03,266,32,420.89
2026-03-16,SMTH,MIDWEST,3647,284,3790.94,231,26,325.47
2026-03-16,SMTH,WEST,4747,385,5110.16,295,37,505.75
2026-03-17,SMTH,NORTHEAST,4178,317,4288.26,273,28,365.48
2026-03-17,SMTH,SOUTHEAST,3695,257,3348.26,313,34,459.24
2026-03-17,SMTH,MIDWEST,3526,242,3191.39,300,35,460.16
2026-03-17,SMTH,WEST,4379,319,4426.05,358,43,520.9
2026-03-18,SMTH,NORTHEAST,4262,313,4349.64,242,29,395.69
2026-03-18,SMTH,SOUTHEAST,3644,261,3492.61,312,38,457.91
2026-03-18,SMTH,MIDWEST,3223,241,3195.77,288,29,389.49
2026-03-18,SMTH,WEST,4740,324,4302.22,342,39,479.34
2026-03-19,SMTH,NORTHEAST,4064,273,3554.37,340,38,472.42
2026-03-19,SMTH,SOUTHEAST,4118,269,3519.9,317,36,455.26
2026-03-19,SMTH,MIDWEST,3473,260,3685.1,292,32,396.76
2026-03-19,SMTH,WEST,4427,333,4381.09,370,40,490.74
2026-03-20,SMTH,NORTHEAST,4168,311,4338.15,356,42,516.3
2026-03-20,SMTH,SOUTHEAST,3880,279,4106.51,265,28,377.02
2026-03-20,SMTH,MIDWEST,3501,251,3281.54,261,29,378.21
2026-03-20,SMTH,WEST,4485,340,4543.94,367,41,546.64
2026-03-21,SMTH,NORTHEAST,4223,307,4277.01,400,40,513.75
2026-03-21,SMTH,SOUTHEAST,3849,290,3750.7,271,30,390.61
2026-03-21,SMTH,MIDWEST,3346,236,3260.47,264,32,449.43
2026-03-21,SMTH,WEST,4612,345,4670.92,402,50,650.42
2026-03-22,SMTH,NORTHEAST,4213,303,4190.26,323,37,471.9
2026-03-22,SMTH,SOUTHEAST,4034,292,3859.19,292,31,418.0
2026-03-22,SMTH,MIDWEST,3468,233,3212.08,313,35,454.49
2026-03-22,SMTH,WEST,4681,334,4617.15,481,57,722.4
2026-03-23,SMTH,NORTHEAST,4285,307,4196.71,384,43,523.16
2026-03-23,SMTH,SOUTHEAST,3864,270,3676.95,325,35,487.99
2026-03-23,SMTH,MIDWEST,3424,234,3342.59,304,37,509.62
2026-03-23,SMTH,WEST,4336,301,4082.03,390,39,487.75
2026-03-24,SMTH,NORTHEAST,4104,283,3623.19,367,42,555.15
2026-03-24,SMTH,SOUTHEAST,3636,260,3377.41,403,49,619.08
2026-03-24,SMTH,MIDWEST,3022,214,2907.84,270,31,408.85
2026-03-24,SMTH,WEST,4708,330,4427.92,385,41,514.67
2026-03-25,SMTH,NORTHEAST,3896,270,3717.27,344,40,523.35
2026-03-25,SMTH,SOUTHEAST,4276,334,4300.03,329,37,508.46
2026-03-25,SMTH,MIDWEST,3576,258,3469.24,343,34,421.73
2026-03-25,SMTH,WEST,4562,340,4406.0,454,54,761.21
2026-03-26,SMTH,NORTHEAST,4128,290,3906.11,438,56,751.47
2026-03-26,SMTH,SOUTHEAST,3811,261,3565.65,354,46,576.64
2026-03-26,SMTH,MIDWEST,3444,258,3587.93,310,38,484.91
2026-03-26,SMTH,WEST,4631,350,4530.63,461,59,777.77
2026-03-27,SMTH,NORTHEAST,4577,325,4508.94,425,46,607.57
2026-03-27,SMTH,SOUTHEAST,3550,251,3262.39,289,34,431.33
2026-03-27,SMTH,MIDWEST,3334,225,3084.07,299,36,490.53
2026-03-27,SMTH,WEST,4668,357,4855.8,492,54,684.69
2026-03-28,SMTH,NORTHEAST,4454,328,4223.27,376,42,560.18
2026-03-28,SMTH,SOUTHEAST,3566,241,3347.2,334,30,419.9
2026-03-28,SMTH,MIDWEST,3528,257,3528.67,329,41,523.52
2026-03-28,SMTH,WEST,4556,364,4925.67,464,54,715.0
2026-03-29,SMTH,NORTHEAST,4375,323,4197.07,426,52,650.26
2026-03-29,SMTH,SOUTHEAST,3992,292,3932.93,319,35,443.82
2026-03-29,SMTH,MIDWEST,3286,236,3173.73,344,43,564.78
2026-03-29,SMTH,WEST,4907,357,5007.76,398,37,454.81
2026-03-30,SMTH,NORTHEAST,3991,283,3825.4,354,47,559.27
2026-03-30,SMTH,SOUTHEAST,3848,264,3638.77,403,50,650.31
2026-03-30,SMTH,MIDWEST,3439,229,3173.5,280,33,431.88
2026-03-30,SMTH,WEST,4436,285,3859.41,527,62,807.73
2026-03-31,SMTH,NORTHEAST,4192,318,4288.58,466,55,702.22
2026-03-31,SMTH,SOUTHEAST,3718,264,3561.65,375,44,587.31
2026-03-31,SMTH,MIDWEST,3334,245,3104.52,376,40,499.68
2026-03-31,SMTH,WEST,4663,310,4298.33,529,57,732.36
2026-04-01,SMTH,NORTHEAST,4267,289,3897.26,418,49,603.72
2026-04-01,SMTH,SOUTHEAST,3712,269,3787.29,451,54,704.26
2026-04-01,SMTH,MIDWEST,3282,246,3240.9,392,47,624.77
2026-04-01,SMTH,WEST,4364,319,4282.75,511,64,833.6
2026-04-02,SMTH,NORTHEAST,4169,304,4337.51,432,56,804.53
2026-04-02,SMTH,SOUTHEAST,3899,260,3540.07,423,48,621.43
2026-04-02,SMTH,MIDWEST,3119,233,3103.78,374,39,467.22
2026-04-02,SMTH,WEST,4726,347,4837.24,511,50,644.54
2026-04-03,SMTH,NORTHEAST,3855,321,4365.65,423,54,688.19
2026-04-03,SMTH,SOUTHEAST,3575,267,3610.56,384,47,580.6
2026-04-03,SMTH,MIDWEST,3716,279,3700.66,379,38,473.41
2026-04-03,SMTH,WEST,4366,321,4566.17,514,56,756.85
2026-04-04,SMTH,NORTHEAST,4458,332,4375.62,507,59,759.45
2026-04-04,SMTH,SOUTHEAST,3451,244,3378.05,430,50,640.83
2026-04-04,SMTH,MIDWEST,3396,259,3514.63,388,45,574.45
2026-04-04,SMTH,WEST,4587,364,5170.55,507,51,595.3
2026-04-05,SMTH,NORTHEAST,4259,322,4358.9,442,56,741.3
2026-04-05,SMTH,SOUTHEAST,3927,285,3784.03,383,44,562.58
2026-04-05,SMTH,MIDWEST,3585,281,3764.71,337,39,479.42
2026-04-05,SMTH,WEST,4557,351,4723.96,483,58,757.7
2026-04-06,SMTH,NORTHEAST,4491,326,4309.19,462,55,674.24
2026-04-06,SMTH,SOUTHEAST,3944,286,3862.42,431,52,672.27
2026-04-06,SMTH,MIDWEST,3561,294,4006.16,384,49,632.26
2026-04-06,SMTH,WEST,4331,294,3852.44,508,52,717.8
2026-04-07,SMTH,NORTHEAST,4312,343,4588.49,516,60,803.98
2026-04-07,SMTH,SOUTHEAST,3823,279,3929.67,413,49,654.42
2026-04-07,SMTH,MIDWEST,3507,261,3528.48,417,52,629.79
2026-04-07,SMTH,WEST,4265,315,4208.1,576,69,892.72
2026-04-08,SMTH,NORTHEAST,4604,338,4411.37,513,55,744.3
2026-04-08,SMTH,SOUTHEAST,3434,277,3856.18,376,42,537.18
2026-04-08,SMTH,MIDWEST,3263,213,2724.09,426,50,618.37
2026-04-08,SMTH,WEST,4474,336,4467.57,542,58,731.41
2026-04-09,SMTH,NORTHEAST,3869,306,4087.33,412,41,513.67
2026-04-09,SMTH,SOUTHEAST,4120,325,4400.62,385,41,479.19
2026-04-09,SMTH,MIDWEST,3501,256,3567.32,400,44,543.62
2026-04-09,SMTH,WEST,4748,373,4973.81,560,57,800.58
2026-04-10,SMTH,NORTHEAST,4285,299,4143.82,462,46,584.07
2026-04-10,SMTH,SOUTHEAST,4024,304,3939.56,397,46,607.98
2026-04-10,SMTH,MIDWEST,3380,228,3012.67,442,47,651.37
2026-04-10,SMTH,WEST,4638,280,3626.59,636,72,969.44
2026-04-11,SMTH,NORTHEAST,4088,310,3961.49,477,58,747.21
2026-04-11,SMTH,SOUTHEAST,3683,273,3679.49,464,47,583.23
2026-04-11,SMTH,MIDWEST,3418,248,3123.6,442,48,611.6
2026-04-11,SMTH,WEST,4885,352,4902.69,557,60,815.67
2026-04-12,SMTH,NORTHEAST,4455,327,4608.06,546,59,789.62
2026-04-12,SMTH,SOUTHEAST,3781,294,3985.48,484,52,669.95
2026-04-12,SMTH,MIDWEST,3388,247,3182.11,429,42,561.5
2026-04-12,SMTH,WEST,4385,300,4068.34,559,65,775.91
2026-04-13,SMTH,NORTHEAST,4265,327,4258.52,490,49,678.25
2026-04-13,SMTH,SOUTHEAST,3852,282,3984.45,420,47,631.51
2026-04-13,SMTH,MIDWEST,3253,243,3426.41,380,44,591.63
2026-04-13,SMTH,WEST,4753,314,4428.25,611,68,886.55
2026-04-14,SMTH,NORTHEAST,4171,293,3958.01,491,58,717.94
2026-04-14,SMTH,SOUTHEAST,4051,296,3997.21,431,41,553.7
2026-04-14,SMTH,MIDWEST,3575,268,3606.12,441,58,679.92
2026-04-14,SMTH,WEST,4429,360,4526.18,579,59,782.07
2026-04-15,SMTH,NORTHEAST,4225,318,4391.9,543,70,859.07
2026-04-15,SMTH,SOUTHEAST,4141,307,4200.75,485,59,742.62
2026-04-15,SMTH,MIDWEST,3717,279,3759.46,462,53,680.84
2026-04-15,SMTH,WEST,4294,340,4679.48,604,82,1066.92
2026-04-16,SMTH,NORTHEAST,4386,313,4177.55,572,62,774.44
2026-04-16,SMTH,SOUTHEAST,3697,245,3504.46,523,64,765.97
2026-04-16,SMTH,MIDWEST,3242,216,2999.14,459,44,617.46
2026-04-16,SMTH,WEST,4631,353,4902.91,590,62,772.32
2026-04-17,SMTH,NORTHEAST,4076,295,4193.25,561,69,917.43
2026-04-17,SMTH,SOUTHEAST,3878,296,4098.27,528,47,585.15
2026-04-17,SMTH,MIDWEST,3394,249,3384.3,424,43,560.82
2026-04-17,SMTH,WEST,4693,368,5043.57,562,64,867.53
2026-04-18,SMTH,NORTHEAST,4201,314,4245.31,577,63,807.51
2026-04-18,SMTH,SOUTHEAST,3562,255,3539.55,477,55,652.19
2026-04-18,SMTH,MIDWEST,3067,242,3272.94,438,45,553.44
2026-04-18,SMTH,WEST,4749,328,4524.98,652,73,961.87
2026-04-19,SMTH,NORTHEAST,4066,298,3982.67,595,67,838.79
2026-04-19,SMTH,SOUTHEAST,3991,294,3979.74,482,55,691.01
2026-04-19,SMTH,MIDWEST,3358,250,3362.05,549,58,740.17
2026-04-19,SMTH,WEST,4321,346,4448.38,745,84,1029.15
2026-04-20,SMTH,NORTHEAST,4319,307,4003.3,601,75,910.25
2026-04-20,SMTH,SOUTHEAST,3704,253,3468.4,488,47,611.86
2026-04-20,SMTH,MIDWEST,3062,240,3179.38,449,49,651.16
2026-04-20,SMTH,WEST,4281,314,4253.9,572,64,824.0
2026-04-21,SMTH,NORTHEAST,4199,284,3824.85,589,69,874.85
2026-04-21,SMTH,SOUTHEAST,3743,292,4164.76,531,60,713.61
2026-04-21,SMTH,MIDWEST,3186,223,3116.06,505,50,671.48
2026-04-21,SMTH,WEST,4828,368,4828.22,653,79,1000.98
2026-04-22,SMTH,NORTHEAST,4125,299,4251.92,599,60,813.15
2026-04-22,SMTH,SOUTHEAST,4068,300,3974.16,516,60,750.83
2026-04-22,SMTH,MIDWEST,3381,256,3556.23,549,49,646.14
2026-04-22,SMTH,WEST,4957,380,5178.8,735,82,1071.45
2026-04-23,SMTH,NORTHEAST,3997,288,3920.41,624,66,840.67
2026-04-23,SMTH,SOUTHEAST,3551,270,3716.74,564,68,885.52
2026-04-23,SMTH,MIDWEST,3538,255,3487.35,441,46,590.39
2026-04-23,SMTH,WEST,4834,369,4771.28,674,64,829.13
2026-04-24,SMTH,NORTHEAST,4266,349,4564.37,585,62,780.41
2026-04-24,SMTH,SOUTHEAST,3941,291,3916.24,564,59,785.86
2026-04-24,SMTH,MIDWEST,3072,224,3034.1,481,57,723.32
2026-04-24,SMTH,WEST,4651,316,4174.71,710,83,1075.4
2026-04-25,SMTH,NORTHEAST,4022,289,4065.17,659,67,854.87
2026-04-25,SMTH,SOUTHEAST,3626,264,3597.11,578,69,829.92
2026-04-25,SMTH,MIDWEST,3080,211,2797.59,429,46,577.11
2026-04-25,SMTH,WEST,4691,373,4911.31,658,70,873.19
2026-04-26,SMTH,NORTHEAST,4217,318,4103.07,649,78,1068.07
2026-04-26,SMTH,SOUTHEAST,4150,280,3680.44,513,53,687.37
2026-04-26,SMTH,MIDWEST,3222,232,3158.98,502,59,804.88
2026-04-26,SMTH,WEST,4670,378,5360.67,767,82,1096.91
2026-04-27,SMTH,NORTHEAST,4362,348,4561.43,598,64,867.35
2026-04-27,SMTH,SOUTHEAST,3558,240,3112.58,585,65,831.82
2026-04-27,SMTH,MIDWEST,3461,241,3196.3,537,58,758.42
2026-04-27,SMTH,WEST,4542,329,4532.62,700,81,984.22
2026-04-28,SMTH,NORTHEAST,4444,348,4707.93,725,89,1133.99
2026-04-28,SMTH,SOUTHEAST,3942,306,3947.97,581,58,763.93
2026-04-28,SMTH,MIDWEST,3305,218,2918.66,506,64,850.49
2026-04-28,SMTH,WEST,4506,380,4930.43,735,81,1027.63
2026-04-29,SMTH,NORTHEAST,4269,311,4242.84,657,73,853.5
2026-04-29,SMTH,SOUTHEAST,3700,251,3576.91,564,54,641.98
2026-04-29,SMTH,MIDWEST,3447,264,3744.99,461,56,740.87
2026-04-29,SMTH,WEST,4684,350,4648.74,681,84,1029.31
2026-04-30,SMTH,NORTHEAST,3824,239,3306.35,585,68,867.46
2026-04-30,SMTH,SOUTHEAST,3893,307,4136.41,515,57,706.37
2026-04-30,SMTH,MIDWEST,3399,229,3084.54,460,56,727.28
2026-04-30,SMTH,WEST,4453,336,4413.47,805,92,1149.53
2026-05-01,SMTH,NORTHEAST,4849,358,4787.29,627,72,911.59
2026-05-01,SMTH,SOUTHEAST,3712,300,4074.49,540,54,745.2
2026-05-01,SMTH,MIDWEST,3464,283,3823.85,479,58,737.8
2026-05-01,SMTH,WEST,4721,313,4204.16,703,69,946.66
2026-05-02,SMTH,NORTHEAST,4294,292,4094.48,641,70,944.69
2026-05-02,SMTH,SOUTHEAST,3986,299,4296.5,605,64,827.4
2026-05-02,SMTH,MIDWEST,3265,251,3659.93,572,66,831.8
2026-05-02,SMTH,WEST,4360,290,3936.53,719,83,1105.36
2026-05-03,SMTH,NORTHEAST,4017,292,4022.16,772,96,1177.33
2026-05-03,SMTH,SOUTHEAST,3366,224,3051.55,643,73,975.53
2026-05-03,SMTH,MIDWEST,3326,262,3499.11,555,71,928.84
2026-05-03,SMTH,WEST,4503,332,4568.11,813,99,1235.26
2026-05-04,SMTH,NORTHEAST,4265,313,4134.05,729,90,1178.77
2026-05-04,SMTH,SOUTHEAST,3859,281,3786.65,706,87,1140.44
2026-05-04,SMTH,MIDWEST,3348,275,3826.51,548,66,821.82
2026-05-04,SMTH,WEST,4686,358,4778.87,741,87,1100.63
2026-05-05,SMTH,NORTHEAST,4247,303,3915.18,716,85,1024.69
2026-05-05,SMTH,SOUTHEAST,3590,249,3360.96,706,71,878.39
2026-05-05,SMTH,MIDWEST,3352,248,3360.23,603,60,758.22
2026-05-05,SMTH,WEST,4187,296,4182.86,651,71,955.78
2026-05-06,SMTH,NORTHEAST,4499,330,4394.24,720,96,1262.83
2026-05-06,SMTH,SOUTHEAST,3887,302,4157.06,655,72,948.17
2026-05-06,SMTH,MIDWEST,3285,271,3624.6,541,58,742.7
2026-05-06,SMTH,WEST,4715,365,4643.21,832,100,1309.4
2026-05-07,SMTH,NORTHEAST,4124,311,4015.04,619,78,993.11
2026-05-07,SMTH,SOUTHEAST,3502,246,3360.16,625,72,919.94
2026-05-07,SMTH,MIDWEST,3025,223,3033.04,598,63,834.36
2026-05-07,SMTH,WEST,4294,321,4406.4,748,81,1093.31
2026-05-08,SMTH,NORTHEAST,4452,356,5143.92,717,74,949.82
2026-05-08,SMTH,SOUTHEAST,3854,290,4076.67,700,72,900.43
2026-05-08,SMTH,MIDWEST,3194,263,3394.13,572,71,922.1
2026-05-08,SMTH,WEST,4544,304,4040.03,843,90,1085.05
2026-05-09,SMTH,NORTHEAST,4482,334,4768.39,708,76,981.86
2026-05-09,SMTH,SOUTHEAST,3457,258,3552.49,751,97,1269.94
2026-05-09,SMTH,MIDWEST,3569,275,3727.27,588,65,856.56
2026-05-09,SMTH,WEST,4460,333,4165.7,905,108,1420.39
2026-05-10,SMTH,NORTHEAST,3717,277,3844.21,656,79,1066.22
2026-05-10,SMTH,SOUTHEAST,3786,256,3382.23,585,72,939.22
2026-05-10,SMTH,MIDWEST,3272,240,3420.88,569,68,840.08
2026-05-10,SMTH,WEST,4648,339,4411.61,720,82,1104.73
2026-05-11,SMTH,NORTHEAST,3995,304,4118.19,849,88,1107.02
2026-05-11,SMTH,SOUTHEAST,3778,245,3275.46,642,69,887.05
2026-05-11,SMTH,MIDWEST,3422,246,3242.59,499,57,766.95
2026-05-11,SMTH,WEST,4428,333,4464.88,804,93,1117.13
2026-05-12,SMTH,NORTHEAST,4177,318,4125.09,687,70,916.24
2026-05-12,SMTH,SOUTHEAST,4144,327,4467.16,697,70,840.97
2026-05-12,SMTH,MIDWEST,3335,292,3975.5,581,52,652.76
2026-05-12,SMTH,WEST,4753,354,4754.97,717,93,1141.74
2026-05-13,SMTH,NORTHEAST,3822,288,3701.16,707,73,971.94
2026-05-13,SMTH,SOUTHEAST,4037,308,4300.19,725,72,861.93
2026-05-13,SMTH,MIDWEST,3249,229,3186.06,578,64,832.1
2026-05-13,SMTH,WEST,4466,344,4596.41,752,90,1189.4
2026-05-14,SMTH,NORTHEAST,4101,335,4259.57,749,78,955.4
2026-05-14,SMTH,SOUTHEAST,3515,274,3793.87,694,83,1123.59
2026-05-14,SMTH,MIDWEST,3438,267,3411.17,593,60,758.59
2026-05-14,SMTH,WEST,4630,361,5007.54,844,93,1199.68
2026-05-15,SMTH,NORTHEAST,4118,308,4294.0,764,82,1047.31
2026-05-15,SMTH,SOUTHEAST,3563,261,3653.35,607,79,1043.32
2026-05-15,SMTH,MIDWEST,3416,215,2918.3,625,75,1022.84
2026-05-15,SMTH,WEST,4025,320,4219.56,825,96,1144.34
2026-05-16,SMTH,NORTHEAST,4302,314,4279.79,900,98,1235.94
2026-05-16,SMTH,SOUTHEAST,4083,297,3973.07,734,90,1086.64
2026-05-16,SMTH,MIDWEST,3529,263,3508.82,578,68,891.95
2026-05-16,SMTH,WEST,4707,408,5324.17,802,92,1232.31
2026-05-17,SMTH,NORTHEAST,4202,316,4221.68,841,105,1401.26
2026-05-17,SMTH,SOUTHEAST,3861,288,3800.75,726,79,1002.5
2026-05-17,SMTH,MIDWEST,3505,280,3749.46,695,79,1035.63
2026-05-17,SMTH,WEST,4431,332,4533.87,803,93,1202.78
2026-05-18,SMTH,NORTHEAST,4363,372,4875.29,752,75,878.12
2026-05-18,SMTH,SOUTHEAST,4087,318,4491.42,726,75,1006.88
2026-05-18,SMTH,MIDWEST,3240,223,2923.55,800,94,1233.4
2026-05-18,SMTH,WEST,4409,333,4559.13,911,106,1294.12
2026-05-19,SMTH,NORTHEAST,4119,356,4971.7,847,98,1239.86
2026-05-19,SMTH,SOUTHEAST,3892,293,4102.5,631,60,789.07
2026-05-19,SMTH,MIDWEST,3322,256,3345.32,596,70,910.1
2026-05-19,SMTH,WEST,4870,353,5097.85,887,101,1232.83
2026-05-20,SMTH,NORTHEAST,3855,275,3624.42,742,81,1093.57
2026-05-20,SMTH,SOUTHEAST,3893,315,4112.7,749,86,1181.85
2026-05-20,SMTH,MIDWEST,3504,259,3512.86,540,60,770.81
2026-05-20,SMTH,WEST,4593,368,4842.18,820,95,1283.17
2026-05-21,SMTH,NORTHEAST,4139,313,4159.14,870,100,1265.17
2026-05-21,SMTH,SOUTHEAST,3863,272,3534.3,804,81,1042.94
2026-05-21,SMTH,MIDWEST,3609,239,3263.22,679,69,876.48
2026-05-21,SMTH,WEST,4799,320,4138.48,865,90,1076.38
2026-05-22,SMTH,NORTHEAST,4165,313,4019.64,695,86,1136.27
2026-05-22,SMTH,SOUTHEAST,3763,274,3747.45,714,84,1179.71
2026-05-22,SMTH,MIDWEST,3067,248,3344.94,724,85,1146.92
2026-05-22,SMTH,WEST,4582,353,4749.04,936,100,1233.94
2026-05-23,SMTH,NORTHEAST,4111,315,4258.5,814,95,1274.06
2026-05-23,SMTH,SOUTHEAST,3881,331,4301.0,801,82,1043.06
2026-05-23,SMTH,MIDWEST,3498,238,3119.91,685,78,999.47
2026-05-23,SMTH,WEST,4342,321,4306.61,973,103,1342.81
2026-05-24,SMTH,NORTHEAST,3866,297,4202.14,952,113,1432.8
2026-05-24,SMTH,SOUTHEAST,3792,284,3958.66,727,84,1135.33
2026-05-24,SMTH,MIDWEST,3182,232,3077.89,664,70,918.8
2026-05-24,SMTH,WEST,4611,319,4429.8,864,96,1198.3
2026-05-25,SMTH,NORTHEAST,4315,325,4412.48,917,90,1171.88
2026-05-25,SMTH,SOUTHEAST,3880,285,3911.39,758,91,1132.52
2026-05-25,SMTH,MIDWEST,3186,230,2993.28,606,73,862.15
2026-05-25,SMTH,WEST,4312,315,4385.33,956,97,1218.88
2026-05-26,SMTH,NORTHEAST,3905,292,3773.93,694,87,1125.57
2026-05-26,SMTH,SOUTHEAST,3779,318,4667.46,830,83,1168.12
2026-05-26,SMTH,MIDWEST,3635,299,4086.26,702,71,911.87
2026-05-26,SMTH,WEST,4330,310,4164.17,984,121,1510.39
2026-05-27,SMTH,NORTHEAST,3863,284,3694.63,863,111,1408.68
2026-05-27,SMTH,SOUTHEAST,3735,278,3649.6,715,65,818.21
2026-05-27,SMTH,MIDWEST,3252,258,3445.25,703,81,1094.54
2026-05-27,SMTH,WEST,4862,348,4698.44,1002,98,1211.84
2026-05-28,SMTH,NORTHEAST,4030,277,3811.75,884,97,1212.87
2026-05-28,SMTH,SOUTHEAST,3695,282,3912.14,774,101,1215.65
2026-05-28,SMTH,MIDWEST,3330,242,3373.07,642,71,903.97
2026-05-28,SMTH,WEST,4510,358,5075.29,932,113,1406.5
2026-05-29,SMTH,NORTHEAST,4168,340,4363.63,939,87,1040.46
2026-05-29,SMTH,SOUTHEAST,3973,300,4228.6,838,109,1350.21
2026-05-29,SMTH,MIDWEST,3342,259,3406.65,719,75,972.83
2026-05-29,SMTH,WEST,4045,324,4188.64,966,125,1557.83
2026-05-30,SMTH,NORTHEAST,4158,312,3980.15,885,95,1207.71
2026-05-30,SMTH,SOUTHEAST,3891,304,4031.84,718,87,1111.14
2026-05-30,SMTH,MIDWEST,3448,266,3502.36,618,75,954.11
2026-05-30,SMTH,WEST,4638,361,4455.98,950,98,1136.64
2026-05-31,SMTH,NORTHEAST,4093,306,3986.93,817,87,1171.0
2026-05-31,SMTH,SOUTHEAST,3898,300,3970.11,893,98,1200.56
2026-05-31,SMTH,MIDWEST,3498,292,3832.73,754,95,1247.6
2026-05-31,SMTH,WEST,4256,280,3914.96,1049,111,1438.55
2026-06-01,SMTH,NORTHEAST,4155,320,4240.69,894,90,1246.64
2026-06-01,SMTH,SOUTHEAST,4055,291,3932.38,921,99,1228.16
2026-06-01,SMTH,MIDWEST,3629,246,3400.23,655,71,940.14
2026-06-01,SMTH,WEST,5256,375,4967.11,1079,129,1506.0
2026-06-02,SMTH,NORTHEAST,4616,324,4375.23,877,95,1198.4
2026-06-02,SMTH,SOUTHEAST,3529,241,3373.68,837,90,1134.99
2026-06-02,SMTH,MIDWEST,3349,235,3253.46,696,82,1071.91
2026-06-02,SMTH,WEST,4764,358,5001.06,1154,124,1499.76
2026-06-03,SMTH,NORTHEAST,3773,295,4037.58,992,118,1552.44
2026-06-03,SMTH,SOUTHEAST,4065,277,3670.74,829,105,1354.56
2026-06-03,SMTH,MIDWEST,3650,277,3676.68,821,90,1227.09
2026-06-03,SMTH,WEST,4630,355,4763.38,948,132,1666.85
2026-06-04,SMTH,NORTHEAST,4249,300,4008.05,931,108,1467.65
2026-06-04,SMTH,SOUTHEAST,3609,277,3783.74,758,80,988.4
2026-06-04,SMTH,MIDWEST,3284,260,3430.97,822,101,1266.55
2026-06-04,SMTH,WEST,4575,347,4499.31,1035,128,1521.25
2026-06-05,SMTH,NORTHEAST,4066,302,4001.95,1150,119,1610.12
2026-06-05,SMTH,SOUTHEAST,3818,298,4049.66,822,76,1063.71
2026-06-05,SMTH,MIDWEST,3059,242,3393.54,787,74,946.64
2026-06-05,SMTH,WEST,4383,297,3976.27,1197,144,1830.31
2026-06-06,SMTH,NORTHEAST,4113,313,4230.05,941,118,1563.23
2026-06-06,SMTH,SOUTHEAST,3568,286,3685.29,840,98,1297.38
2026-06-06,SMTH,MIDWEST,3533,260,3459.85,761,96,1265.74
2026-06-06,SMTH,WEST,5129,423,5792.41,1243,124,1538.63
2026-06-07,SMTH,NORTHEAST,4105,316,4376.92,888,93,1165.35
2026-06-07,SMTH,SOUTHEAST,3675,268,3486.6,750,80,1036.23
2026-06-07,SMTH,MIDWEST,2872,222,2922.75,783,96,1312.31
2026-06-07,SMTH,WEST,4644,336,4408.28,1043,104,1333.57
2026-06-08,SMTH,NORTHEAST,4600,349,4318.85,934,104,1322.01
2026-06-08,SMTH,SOUTHEAST,3893,291,3924.59,907,108,1421.71
2026-06-08,SMTH,MIDWEST,3633,279,3747.3,811,98,1200.74
2026-06-08,SMTH,WEST,4400,315,4224.69,1166,142,1910.63
2026-06-09,SMTH,NORTHEAST,4131,321,4052.68,1062,121,1539.5
2026-06-09,SMTH,SOUTHEAST,3776,288,3980.65,800,93,1090.88
2026-06-09,SMTH,MIDWEST,3349,279,3827.18,832,86,1159.44
2026-06-09,SMTH,WEST,4242,326,4299.97,1003,126,1558.3
2026-06-10,SMTH,NORTHEAST,3946,304,4145.08,971,116,1416.97
2026-06-10,SMTH,SOUTHEAST,3491,275,3688.03,880,100,1366.07
2026-06-10,SMTH,MIDWEST,3656,276,3821.37,791,89,1242.45
2026-06-10,SMTH,WEST,4101,288,3880.54,1019,111,1456.6
2026-06-11,SMTH,NORTHEAST,4201,262,3425.88,1002,114,1449.71
2026-06-11,SMTH,SOUTHEAST,3951,286,3747.13,969,100,1259.45
2026-06-11,SMTH,MIDWEST,3124,235,3209.06,841,96,1166.64
2026-06-11,SMTH,WEST,4623,365,5155.73,1167,117,1537.57
2026-06-12,SMTH,NORTHEAST,4427,337,4560.0,960,105,1181.41
2026-06-12,SMTH,SOUTHEAST,4032,312,4092.88,998,124,1536.02
2026-06-12,SMTH,MIDWEST,3273,238,3247.06,850,91,1094.6
2026-06-12,SMTH,WEST,4797,361,4882.46,966,109,1431.9
2026-06-13,SMTH,NORTHEAST,4142,325,4163.34,1075,111,1366.96
2026-06-13,SMTH,SOUTHEAST,3776,297,4025.57,791,91,1164.64
2026-06-13,SMTH,MIDWEST,3191,208,2835.05,904,89,1133.74
2026-06-13,SMTH,WEST,4935,334,4583.67,1145,130,1461.46
2026-06-14,SMTH,NORTHEAST,4006,346,4808.58,1076,118,1619.94
2026-06-14,SMTH,SOUTHEAST,4216,315,4352.75,973,102,1373.65
2026-06-14,SMTH,MIDWEST,3587,268,3441.15,729,88,1129.61
2026-06-14,SMTH,WEST,4746,373,5168.44,1107,132,1788.31
2026-06-15,SMTH,NORTHEAST,4466,369,4696.82,1042,93,1264.76
2026-06-15,SMTH,SOUTHEAST,3620,290,3803.19,905,84,1136.43
2026-06-15,SMTH,MIDWEST,3754,269,3575.73,895,89,1173.31
2026-06-15,SMTH,WEST,4505,303,4169.81,1152,156,1857.94
2026-06-16,SMTH,NORTHEAST,4078,328,4555.28,988,104,1395.19
2026-06-16,SMTH,SOUTHEAST,3613,274,3852.35,1002,111,1503.54
2026-06-16,SMTH,MIDWEST,3505,244,3071.45,742,75,922.19
2026-06-16,SMTH,WEST,4703,375,4863.08,984,126,1633.16
2026-06-17,SMTH,NORTHEAST,4008,302,4085.13,1021,105,1318.28
2026-06-17,SMTH,SOUTHEAST,3737,287,3781.74,884,109,1422.31
2026-06-17,SMTH,MIDWEST,3351,284,3863.38,931,94,1194.4
2026-06-17,SMTH,WEST,4326,293,4284.34,1168,134,1778.3
2026-06-18,SMTH,NORTHEAST,4291,337,4593.13,932,99,1230.96
2026-06-18,SMTH,SOUTHEAST,3566,244,3238.29,1039,116,1495.56
2026-06-18,SMTH,MIDWEST,3617,262,3407.03,819,86,1181.36
2026-06-18,SMTH,WEST,4222,326,4300.0,1207,141,1844.62
2026-06-19,SMTH,NORTHEAST,4096,307,4142.27,1046,119,1510.27
2026-06-19,SMTH,SOUTHEAST,3699,243,3337.02,985,116,1467.97
2026-06-19,SMTH,MIDWEST,3309,241,3178.14,764,85,1062.53
2026-06-19,SMTH,WEST,4820,304,4337.57,1195,126,1750.18
2026-06-20,SMTH,NORTHEAST,4235,306,4021.09,1020,102,1244.49
2026-06-20,SMTH,SOUTHEAST,3870,312,3977.44,888,100,1378.99
2026-06-20,SMTH,MIDWEST,3428,281,3663.4,882,85,1154.62
2026-06-20,SMTH,WEST,4522,360,4661.98,1164,142,1818.15
2026-06-21,SMTH,NORTHEAST,4053,304,4244.02,989,124,1609.58
2026-06-21,SMTH,SOUTHEAST,3691,279,3793.57,974,98,1296.46
2026-06-21,SMTH,MIDWEST,3403,249,3353.45,797,89,1122.62
2026-06-21,SMTH,WEST,4665,392,5453.38,1310,158,2007.82
2026-06-22,SMTH,NORTHEAST,4196,342,4803.25,1202,120,1598.55
2026-06-22,SMTH,SOUTHEAST,3696,253,3343.61,912,115,1498.96
2026-06-22,SMTH,MIDWEST,3326,242,3180.73,817,82,1037.19
2026-06-22,SMTH,WEST,4521,306,4063.05,1047,113,1459.37
2026-06-23,SMTH,NORTHEAST,4574,342,4669.1,1257,119,1464.27
2026-06-23,SMTH,SOUTHEAST,3719,288,3807.55,1124,120,1582.83
2026-06-23,SMTH,MIDWEST,3526,297,3970.49,838,99,1313.92
2026-06-23,SMTH,WEST,4671,392,5211.29,1117,136,1661.15
2026-06-24,SMTH,NORTHEAST,3959,299,3999.79,1014,127,1482.66
2026-06-24,SMTH,SOUTHEAST,3672,291,3919.44,840,93,1267.34
2026-06-24,SMTH,MIDWEST,3417,234,3002.44,784,94,1240.05
2026-06-24,SMTH,WEST,4689,395,5145.62,1298,148,1878.52
2026-06-25,SMTH,NORTHEAST,4224,338,4946.87,1072,130,1674.12
2026-06-25,SMTH,SOUTHEAST,3633,288,4005.09,903,110,1392.33
2026-06-25,SMTH,MIDWEST,3550,290,3987.77,865,89,1070.99
2026-06-25,SMTH,WEST,4480,346,4772.2,1208,139,1639.43
2026-06-26,SMTH,NORTHEAST,4182,325,4462.73,1169,137,1814.18
2026-06-26,SMTH,SOUTHEAST,3853,299,4071.38,955,104,1219.15
2026-06-26,SMTH,MIDWEST,3427,245,3380.34,927,111,1469.07
2026-06-26,SMTH,WEST,4621,363,4820.87,1208,138,1870.02
2026-06-27,SMTH,NORTHEAST,4379,339,4641.37,1060,130,1758.16
2026-06-27,SMTH,SOUTHEAST,3469,242,3421.2,1100,123,1573.83
2026-06-27,SMTH,MIDWEST,2930,235,3278.68,848,87,1071.94
2026-06-27,SMTH,WEST,4627,389,5172.7,1151,136,1743.65
2026-06-28,SMTH,NORTHEAST,4105,320,4234.71,1341,154,2116.43
2026-06-28,SMTH,SOUTHEAST,3854,310,4314.97,1030,123,1619.04
2026-06-28,SMTH,MIDWEST,3494,287,3809.15,872,84,1081.74
2026-06-28,SMTH,WEST,4876,392,5495.78,1034,131,1678.34
2026-06-29,SMTH,NORTHEAST,4524,362,4770.55,1169,128,1637.76
2026-06-29,SMTH,SOUTHEAST,3716,277,3670.97,1050,110,1472.78
2026-06-29,SMTH,MIDWEST,3493,264,3565.13,837,97,1278.05
2026-06-29,SMTH,WEST,4760,386,5241.57,1293,134,1752.23
2026-06-30,SMTH,NORTHEAST,3796,274,3521.33,1183,137,1788.05
2026-06-30,SMTH,SOUTHEAST,3697,258,3520.42,1073,129,1561.8
2026-06-30,SMTH,MIDWEST,3389,258,3677.79,964,113,1535.47
2026-06-30,SMTH,WEST,4508,312,4190.51,1338,161,2182.64
2026-07-01,SMTH,NORTHEAST,4166,322,4341.82,1269,143,1796.26
2026-07-01,SMTH,SOUTHEAST,3873,292,4008.94,920,118,1494.21
2026-07-01,SMTH,MIDWEST,3239,245,3343.72,795,92,1162.19
2026-07-01,SMTH,WEST,4432,333,4523.45,1173,135,1725.73
2026-07-02,SMTH,NORTHEAST,3963,273,3766.0,1143,143,1907.73
2026-07-02,SMTH,SOUTHEAST,3862,291,3871.15,1020,105,1360.63
2026-07-02,SMTH,MIDWEST,3327,226,2948.33,947,103,1253.42
2026-07-02,SMTH,WEST,4467,344,4535.73,1487,169,2255.29
2026-07-03,SMTH,NORTHEAST,3716,262,3462.32,1207,123,1604.46
2026-07-03,SMTH,SOUTHEAST,3853,305,4020.53,902,118,1490.55
2026-07-03,SMTH,MIDWEST,3567,274,3642.2,1052,139,1849.92
2026-07-03,SMTH,WEST,4508,317,4248.93,1255,128,1629.99
2026-07-04,SMTH,NORTHEAST,3905,294,3951.35,1209,126,1554.86
2026-07-04,SMTH,SOUTHEAST,3951,300,4054.05,977,98,1247.79
2026-07-04,SMTH,MIDWEST,3607,268,3532.31,946,107,1432.96
2026-07-04,SMTH,WEST,4617,332,4542.03,1298,143,1958.02
2026-07-05,SMTH,NORTHEAST,4265,318,4156.27,1182,127,1627.14
2026-07-05,SMTH,SOUTHEAST,3829,304,3880.5,1073,116,1475.12
2026-07-05,SMTH,MIDWEST,3195,226,2886.0,1033,103,1318.85
2026-07-05,SMTH,WEST,5043,362,4826.38,1259,143,1905.88
2026-07-06,SMTH,NORTHEAST,3826,280,3806.34,1323,157,1978.34
2026-07-06,SMTH,SOUTHEAST,3649,271,3579.68,1056,116,1543.61
2026-07-06,SMTH,MIDWEST,3257,260,3462.63,896,92,1217.53
2026-07-06,SMTH,WEST,4199,350,4424.56,1398,173,2228.2
2026-07-07,SMTH,NORTHEAST,4157,302,4271.01,965,104,1372.68
2026-07-07,SMTH,SOUTHEAST,3632,266,3533.41,1099,134,1668.61
2026-07-07,SMTH,MIDWEST,3155,244,3285.19,957,98,1266.99
2026-07-07,SMTH,WEST,4429,366,4908.96,1426,158,2095.62
2026-07-08,SMTH,NORTHEAST,4317,324,4167.7,1374,177,2267.13
2026-07-08,SMTH,SOUTHEAST,4139,299,3938.51,1050,125,1577.18
2026-07-08,SMTH,MIDWEST,3250,261,3745.86,1036,116,1563.88
2026-07-08,SMTH,WEST,4753,362,4755.1,1470,175,2263.73
2026-07-09,SMTH,NORTHEAST,4085,362,4921.26,1056,121,1498.87
2026-07-09,SMTH,SOUTHEAST,3343,284,3724.09,1158,134,1806.11
2026-07-09,SMTH,MIDWEST,3180,238,3138.45,984,112,1380.3
2026-07-09,SMTH,WEST,4598,331,4350.73,1280,136,1849.71
2026-07-10,SMTH,NORTHEAST,4361,373,5325.78,1236,124,1548.0
2026-07-10,SMTH,SOUTHEAST,3595,274,3792.15,1160,138,1818.58
2026-07-10,SMTH,MIDWEST,3216,262,3399.4,904,99,1296.07
2026-07-10,SMTH,WEST,4634,351,4808.48,1319,142,1872.4
2026-07-11,SMTH,NORTHEAST,4168,312,4115.15,1160,143,1899.49
2026-07-11,SMTH,SOUTHEAST,4023,340,4620.43,1024,131,1716.07
2026-07-11,SMTH,MIDWEST,3416,231,3003.49,838,88,1243.75
2026-07-11,SMTH,WEST,4784,391,4989.16,1282,150,2040.62
2026-07-12,SMTH,NORTHEAST,4058,289,3960.09,1238,130,1637.36
2026-07-12,SMTH,SOUTHEAST,3807,290,3919.38,1164,114,1465.19
2026-07-12,SMTH,MIDWEST,3209,264,3618.19,1130,121,1525.52
2026-07-12,SMTH,WEST,4773,392,5173.63,1546,183,2353.01
2026-07-13,SMTH,NORTHEAST,4501,360,4798.86,1320,139,1831.47
2026-07-13,SMTH,SOUTHEAST,3744,301,3938.57,1069,124,1565.64
2026-07-13,SMTH,MIDWEST,3080,245,3339.24,949,115,1473.43
2026-07-13,SMTH,WEST,4363,349,4577.53,1383,173,2108.68
2026-07-14,SMTH,NORTHEAST,4201,368,4976.91,1122,123,1702.95
2026-07-14,SMTH,SOUTHEAST,3815,299,4081.82,1145,130,1641.85
2026-07-14,SMTH,MIDWEST,3372,269,3703.22,950,109,1324.18
2026-07-14,SMTH,WEST,4532,350,4431.15,1614,156,2163.76
2026-07-15,SMTH,NORTHEAST,4367,370,4909.6,1361,139,1825.16
2026-07-15,SMTH,SOUTHEAST,3760,284,3751.48,1210,154,2105.3
2026-07-15,SMTH,MIDWEST,3276,290,3843.33,922,117,1455.2
2026-07-15,SMTH,WEST,4792,402,5590.43,1362,153,2043.59
2026-07-16,SMTH,NORTHEAST,4330,312,4226.66,1248,139,1773.59
2026-07-16,SMTH,SOUTHEAST,3852,314,4238.16,1158,120,1488.22
2026-07-16,SMTH,MIDWEST,3014,247,3341.26,1150,124,1529.41
2026-07-16,SMTH,WEST,4659,358,4720.09,1435,179,2323.33
2026-07-17,SMTH,NORTHEAST,4420,342,4768.16,1334,147,1794.36
2026-07-17,SMTH,SOUTHEAST,3863,327,4634.87,1172,140,1821.26
2026-07-17,SMTH,MIDWEST,3413,278,3749.22,1141,138,1739.74
2026-07-17,SMTH,WEST,4783,381,5311.38,1291,151,2002.26
2026-07-18,SMTH,NORTHEAST,4423,320,4257.03,1319,157,2123.02
2026-07-18,SMTH,SOUTHEAST,4245,324,4282.93,1199,139,1806.74
2026-07-18,SMTH,MIDWEST,3315,262,3470.82,1174,138,1894.18
2026-07-18,SMTH,WEST,4397,359,4984.75,1499,161,2119.26
2026-07-19,SMTH,NORTHEAST,4070,293,3881.47,1248,163,2065.34
2026-07-19,SMTH,SOUTHEAST,3799,303,3928.64,1061,122,1600.34
2026-07-19,SMTH,MIDWEST,3244,280,3833.41,1113,132,1821.91
2026-07-19,SMTH,WEST,4699,359,4822.36,1298,127,1685.28
2026-07-20,SMTH,NORTHEAST,4344,343,4744.88,1226,156,2073.29
2026-07-20,SMTH,SOUTHEAST,3820,286,3800.19,1213,119,1444.0
2026-07-20,SMTH,MIDWEST,3291,261,3527.29,1094,136,1703.29
2026-07-20,SMTH,WEST,4721,377,5178.99,1354,157,2101.53
2026-07-21,SMTH,NORTHEAST,4290,331,4382.9,1194,135,1768.32
2026-07-21,SMTH,SOUTHEAST,3965,308,4052.06,1159,122,1567.13
2026-07-21,SMTH,MIDWEST,3225,257,3707.75,1120,126,1577.46
2026-07-21,SMTH,WEST,5013,386,4852.58,1367,149,1902.75
2026-07-22,SMTH,NORTHEAST,4438,349,4642.02,1213,144,1869.01
2026-07-22,SMTH,SOUTHEAST,3795,309,4124.12,1157,130,1596.34
2026-07-22,SMTH,MIDWEST,3208,243,3260.93,1162,131,1690.65
2026-07-22,SMTH,WEST,4662,389,5324.0,1493,160,1986.48
2026-07-23,SMTH,NORTHEAST,4730,379,4991.69,1481,166,2249.51
2026-07-23,SMTH,SOUTHEAST,3768,302,4148.57,1147,115,1522.52
2026-07-23,SMTH,MIDWEST,3231,261,3404.41,920,102,1334.15
2026-07-23,SMTH,WEST,4369,325,4336.35,1344,152,1906.32
2026-07-24,SMTH,NORTHEAST,4237,331,4062.07,1271,157,2069.16
2026-07-24,SMTH,SOUTHEAST,3684,292,3874.9,1257,161,2140.77
2026-07-24,SMTH,MIDWEST,3318,256,3420.84,1210,142,1809.12
2026-07-24,SMTH,WEST,4933,414,5665.08,1401,167,2204.96
2026-07-25,SMTH,NORTHEAST,4245,327,4373.52,1196,125,1616.77
2026-07-25,SMTH,SOUTHEAST,3918,275,3751.87,1157,118,1450.69
2026-07-25,SMTH,MIDWEST,3214,249,3435.31,1185,153,2027.51
2026-07-25,SMTH,WEST,4636,381,5109.07,1789,213,2579.71
2026-07-26,SMTH,NORTHEAST,4154,321,4180.21,1550,177,2269.66
2026-07-26,SMTH,SOUTHEAST,3648,239,3168.72,1198,131,1772.45
2026-07-26,SMTH,MIDWEST,3105,265,3697.9,906,105,1344.31
2026-07-26,SMTH,WEST,4437,343,4602.79,1375,151,1808.04
2026-07-27,SMTH,NORTHEAST,4173,348,4841.88,1334,151,1892.75
2026-07-27,SMTH,SOUTHEAST,3742,293,3871.97,1210,147,1831.75
2026-07-27,SMTH,MIDWEST,3324,271,3626.94,1087,127,1602.49
2026-07-27,SMTH,WEST,5018,433,6036.89,1539,172,2038.82
2026-07-28,SMTH,NORTHEAST,4411,337,4540.67,1315,155,1901.28
2026-07-28,SMTH,SOUTHEAST,3723,312,4137.35,1446,144,1769.73
2026-07-28,SMTH,MIDWEST,3138,253,3390.31,1246,151,1864.39
2026-07-28,SMTH,WEST,5152,398,5214.76,1472,183,2256.63
2026-07-29,SMTH,NORTHEAST,4256,349,4748.34,1348,169,2219.12
2026-07-29,SMTH,SOUTHEAST,3846,297,3939.07,1205,142,1831.89
2026-07-29,SMTH,MIDWEST,3443,270,3560.69,1156,141,1636.83
2026-07-29,SMTH,WEST,4960,399,5011.75,1373,143,1791.78
2026-07-30,SMTH,NORTHEAST,4201,356,4783.46,1479,172,2313.5
2026-07-30,SMTH,SOUTHEAST,3527,273,3414.5,1301,153,1851.04
2026-07-30,SMTH,MIDWEST,3525,274,3580.47,1239,143,1865.73
2026-07-30,SMTH,WEST,4325,370,4898.34,1609,195,2607.09
2026-07-31,SMTH,NORTHEAST,3973,325,4507.74,1338,162,2164.17
2026-07-31,SMTH,SOUTHEAST,3933,282,3726.04,1130,150,2031.29
2026-07-31,SMTH,MIDWEST,3359,243,3225.66,1239,133,1687.01
2026-07-31,SMTH,WEST,4922,373,5327.78,1545,177,2120.89
2026-08-01,SMTH,NORTHEAST,4648,363,5076.33,1596,186,2421.44
2026-08-01,SMTH,SOUTHEAST,4038,304,4022.52,1141,127,1562.97
2026-08-01,SMTH,MIDWEST,3602,290,4116.25,1169,122,1526.94
2026-08-01,SMTH,WEST,4349,348,4692.85,1461,185,2346.62
2026-08-02,SMTH,NORTHEAST,4159,311,4132.03,1311,147,1925.85
2026-08-02,SMTH,SOUTHEAST,3740,306,4009.57,1199,126,1562.56
2026-08-02,SMTH,MIDWEST,3466,272,3608.63,1158,142,1801.41
2026-08-02,SMTH,WEST,4738,354,4837.1,1437,141,1722.37
2026-08-03,SMTH,NORTHEAST,4740,350,4514.6,1354,152,1855.26
2026-08-03,SMTH,SOUTHEAST,3400,272,3692.49,1255,140,1816.12
2026-08-03,SMTH,MIDWEST,3553,292,3722.04,1007,111,1364.43
2026-08-03,SMTH,WEST,4864,367,5300.28,1674,236,3190.97
2026-08-04,SMTH,NORTHEAST,4392,341,4789.44,1298,157,2059.66
2026-08-04,SMTH,SOUTHEAST,4013,314,4378.97,1182,142,1824.27
2026-08-04,SMTH,MIDWEST,3300,244,3366.64,1231,153,1780.48
2026-08-04,SMTH,WEST,4686,378,5045.11,1475,187,2455.95
2026-08-05,SMTH,NORTHEAST,4163,291,4115.32,1433,160,2132.17
2026-08-05,SMTH,SOUTHEAST,4211,350,4770.36,1185,113,1491.39
2026-08-05,SMTH,MIDWEST,3598,288,3959.99,1139,128,1689.61
2026-08-05,SMTH,WEST,4752,402,5385.03,1605,172,2186.29
2026-08-06,SMTH,NORTHEAST,4105,349,4811.34,1354,163,2033.64
2026-08-06,SMTH,SOUTHEAST,3770,315,4445.81,1229,127,1586.67
2026-08-06,SMTH,MIDWEST,3694,272,3839.47,1183,143,1845.94
2026-08-06,SMTH,WEST,4571,340,4617.06,1453,160,1964.68
2026-08-07,SMTH,NORTHEAST,4358,309,4336.49,1498,178,2279.02
2026-08-07,SMTH,SOUTHEAST,4056,359,4740.41,1363,172,2109.21
2026-08-07,SMTH,MIDWEST,3305,272,3573.27,1189,115,1542.83
2026-08-07,SMTH,WEST,5043,411,5630.67,1744,227,2880.99
2026-08-08,SMTH,NORTHEAST,4634,365,4916.06,1496,163,2199.26
2026-08-08,SMTH,SOUTHEAST,3800,287,3903.59,1088,137,1830.93
2026-08-08,SMTH,MIDWEST,3615,296,3987.68,1189,146,2009.97
2026-08-08,SMTH,WEST,4683,391,5567.31,1622,166,2046.43
2026-08-09,SMTH,NORTHEAST,4149,306,4205.41,1529,184,2549.58
2026-08-09,SMTH,SOUTHEAST,3509,285,3864.83,1340,144,1838.57
2026-08-09,SMTH,MIDWEST,3147,274,3692.59,966,112,1397.27
2026-08-09,SMTH,WEST,4724,351,4786.52,1464,189,2409.28
2026-08-10,SMTH,NORTHEAST,3858,303,4070.75,1411,163,2188.24
2026-08-10,SMTH,SOUTHEAST,3891,326,4374.9,1340,172,2291.21
2026-08-10,SMTH,MIDWEST,3452,279,3893.31,1188,128,1631.19
2026-08-10,SMTH,WEST,4762,410,5407.53,1522,148,1965.7
2026-08-11,SMTH,NORTHEAST,4056,328,4451.76,1700,194,2489.39
2026-08-11,SMTH,SOUTHEAST,3828,296,3929.16,1331,149,1906.86
2026-08-11,SMTH,MIDWEST,3515,278,3674.05,1128,134,1672.41
2026-08-11,SMTH,WEST,5101,382,5280.19,1823,186,2367.4
2026-08-12,SMTH,NORTHEAST,4668,381,5210.6,1400,159,2197.63
2026-08-12,SMTH,SOUTHEAST,3416,264,3560.13,1288,158,2027.7
2026-08-12,SMTH,MIDWEST,3499,253,3524.94,1074,108,1404.07
2026-08-12,SMTH,WEST,4853,370,4965.32,1556,176,2337.0
2026-08-13,SMTH,NORTHEAST,4461,349,4652.54,1751,198,2678.36
2026-08-13,SMTH,SOUTHEAST,3968,293,4041.16,1141,117,1548.13
2026-08-13,SMTH,MIDWEST,3186,268,3758.69,1228,152,2127.59
2026-08-13,SMTH,WEST,4541,364,4949.87,1772,179,2380.88
2026-08-14,SMTH,NORTHEAST,4402,381,5155.84,1507,149,1832.34
2026-08-14,SMTH,SOUTHEAST,3817,289,3654.16,1293,145,1817.86
2026-08-14,SMTH,MIDWEST,3201,282,3780.58,1190,135,1842.4
2026-08-14,SMTH,WEST,4604,383,5216.27,1796,226,2993.34
2026-08-15,SMTH,NORTHEAST,4345,342,4684.28,1592,168,2069.87
2026-08-15,SMTH,SOUTHEAST,4171,320,4335.46,1320,161,1976.96
2026-08-15,SMTH,MIDWEST,3149,241,3256.23,1204,148,1821.09
2026-08-15,SMTH,WEST,4779,378,4913.35,1603,183,2504.14
2026-08-16,SMTH,NORTHEAST,4200,352,4721.72,1560,200,2667.3
2026-08-16,SMTH,SOUTHEAST,3677,279,3900.2,1445,147,1879.88
2026-08-16,SMTH,MIDWEST,3484,268,3580.67,1166,127,1687.15
2026-08-16,SMTH,WEST,4793,388,5286.44,1718,185,2589.56
2026-08-17,SMTH,NORTHEAST,4246,347,4844.22,1667,192,2519.9
2026-08-17,SMTH,SOUTHEAST,4010,304,4191.69,1356,156,1985.66
2026-08-17,SMTH,MIDWEST,3430,263,3445.75,1285,140,1832.23
2026-08-17,SMTH,WEST,5143,411,5698.59,1669,182,2388.51
2026-08-18,SMTH,NORTHEAST,4167,344,4665.31,1445,155,1958.44
2026-08-18,SMTH,SOUTHEAST,3525,278,3843.83,1301,133,1755.45
2026-08-18,SMTH,MIDWEST,3499,250,3347.36,1236,146,1734.02
2026-08-18,SMTH,WEST,4901,434,5814.11,1911,232,2993.33
2026-08-19,SMTH,NORTHEAST,3747,295,4072.42,1571,189,2426.33
2026-08-19,SMTH,SOUTHEAST,3967,321,4559.92,1245,150,1911.86
2026-08-19,SMTH,MIDWEST,3428,261,3418.92,1464,175,2491.05
2026-08-19,SMTH,WEST,4726,360,4784.05,1749,195,2461.77
2026-08-20,SMTH,NORTHEAST,4205,378,5036.6,1563,177,2241.17
2026-08-20,SMTH,SOUTHEAST,3965,308,4309.31,1635,174,2398.92
2026-08-20,SMTH,MIDWEST,3045,250,3307.9,1415,144,1781.49
2026-08-20,SMTH,WEST,4440,366,5124.93,1693,163,2135.4
2026-08-21,SMTH,NORTHEAST,3753,312,4062.71,1709,201,2574.81
2026-08-21,SMTH,SOUTHEAST,3709,291,3981.94,1672,201,2279.23
2026-08-21,SMTH,MIDWEST,3045,219,3079.03,1196,137,1722.5
2026-08-21,SMTH,WEST,4744,398,5257.12,1568,192,2276.34
2026-08-22,SMTH,NORTHEAST,3817,290,3965.0,1307,157,2106.35
2026-08-22,SMTH,SOUTHEAST,3371,234,3306.11,1314,166,2071.7
2026-08-22,SMTH,MIDWEST,3217,245,3266.78,1233,149,1895.67
2026-08-22,SMTH,WEST,4778,405,5833.79,1800,234,2870.83
2026-08-23,SMTH,NORTHEAST,4324,363,4942.07,1455,194,2582.52
2026-08-23,SMTH,SOUTHEAST,3819,316,4244.59,1382,156,2000.29
2026-08-23,SMTH,MIDWEST,3073,229,2972.36,1305,162,2122.86
2026-08-23,SMTH,WEST,4998,340,4413.42,1785,202,2570.71
2026-08-24,SMTH,NORTHEAST,4054,325,4078.73,1526,150,1859.75
2026-08-24,SMTH,SOUTHEAST,3992,339,4714.89,1278,133,1707.27
2026-08-24,SMTH,MIDWEST,3550,299,3913.52,1376,132,1585.79
2026-08-24,SMTH,WEST,4379,322,4297.53,1796,164,2056.94
2026-08-25,SMTH,NORTHEAST,4007,298,4053.15,1699,211,2748.54
2026-08-25,SMTH,SOUTHEAST,3828,262,3607.37,1625,197,2518.36
2026-08-25,SMTH,MIDWEST,3346,275,3804.75,1300,144,1771.39
2026-08-25,SMTH,WEST,4799,383,5509.15,2046,263,3180.84
2026-08-26,SMTH,NORTHEAST,4470,379,5250.87,1469,164,2172.59
2026-08-26,SMTH,SOUTHEAST,3408,287,3874.05,1380,143,1795.65
2026-08-26,SMTH,MIDWEST,3209,234,3240.11,1226,123,1597.19
2026-08-26,SMTH,WEST,4901,424,5563.93,1702,216,2746.7
2026-08-27,SMTH,NORTHEAST,4443,340,4735.68,1621,189,2362.49
2026-08-27,SMTH,SOUTHEAST,3392,270,3605.14,1343,164,1958.93
2026-08-27,SMTH,MIDWEST,3417,266,3469.63,1198,106,1350.14
2026-08-27,SMTH,WEST,4409,365,4981.14,1718,181,2340.42
2026-08-28,SMTH,NORTHEAST,3619,256,3481.61,1606,200,2651.8
2026-08-28,SMTH,SOUTHEAST,3949,317,4496.88,1457,162,1991.69
2026-08-28,SMTH,MIDWEST,3517,303,3961.66,1444,144,1860.32
2026-08-28,SMTH,WEST,4259,335,4336.74,1790,217,2812.85
2026-08-29,SMTH,NORTHEAST,4245,374,5024.45,1481,165,2261.57
2026-08-29,SMTH,SOUTHEAST,3640,308,4255.88,1355,156,1969.31
2026-08-29,SMTH,MIDWEST,3538,292,3764.64,1233,133,1689.02
2026-08-29,SMTH,WEST,4659,354,5011.5,1632,187,2415.03
2026-08-30,SMTH,NORTHEAST,4405,362,4885.25,1845,190,2397.02
2026-08-30,SMTH,SOUTHEAST,3796,320,4369.01,1288,154,1927.17
2026-08-30,SMTH,MIDWEST,3352,252,3442.02,1219,134,1742.28
2026-08-30,SMTH,WEST,4661,392,5291.2,1488,163,2150.87
